ISO-10303-21;
HEADER;
FILE_DESCRIPTION (( 'STEP AP214' ),
    '1' );
FILE_NAME ('model_top.STEP',
    '2026-09-09T13:49:42',
    ( '' ),
    ( '' ),
    'SwSTEP 2.0',
    'SolidWorks 2026',
    '' );
FILE_SCHEMA (( 'AUTOMOTIVE_DESIGN' ));
ENDSEC;

DATA;
#1 = LINE ( 'NONE', #1653, #4722 ) ;
#2 = DIRECTION ( 'NONE',  ( -0.000000000000000000, -1.000000000000000000, -0.000000000000000000 ) ) ;
#3 = VECTOR ( 'NONE', #4184, 1000.000000000000000 ) ;
#4 = EDGE_CURVE ( 'NONE', #6095, #2849, #1810, .T. ) ;
#5 = ORIENTED_EDGE ( 'NONE', *, *, #6828, .F. ) ;
#6 = LINE ( 'NONE', #2623, #5957 ) ;
#7 = VECTOR ( 'NONE', #6740, 1000.000000000000000 ) ;
#8 = ORIENTED_EDGE ( 'NONE', *, *, #2559, .T. ) ;
#9 = CARTESIAN_POINT ( 'NONE',  ( 0.000000000000000000, 2.700000000000000178, 0.000000000000000000 ) ) ;
#10 = CARTESIAN_POINT ( 'NONE',  ( 15.09999999999997478, 2.700000000000000178, -4.499999999999999112 ) ) ;
#11 = EDGE_CURVE ( 'NONE', #2381, #2836, #124, .T. ) ;
#12 = LINE ( 'NONE', #3715, #5922 ) ;
#13 = ADVANCED_FACE ( 'NONE', ( #2305 ), #4504, .F. ) ;
#14 = LINE ( 'NONE', #2201, #1380 ) ;
#15 = ORIENTED_EDGE ( 'NONE', *, *, #6602, .T. ) ;
#16 = VECTOR ( 'NONE', #3906, 1000.000000000000000 ) ;
#17 = ORIENTED_EDGE ( 'NONE', *, *, #1666, .F. ) ;
#18 = FACE_OUTER_BOUND ( 'NONE', #843, .T. ) ;
#19 = LINE ( 'NONE', #6569, #692 ) ;
#20 = VECTOR ( 'NONE', #5816, 1000.000000000000000 ) ;
#21 = CARTESIAN_POINT ( 'NONE',  ( 26.50000000000000711, 0.000000000000000000, 12.00000000000000000 ) ) ;
#22 = EDGE_LOOP ( 'NONE', ( #3692, #2001, #3229, #4420 ) ) ;
#23 = CARTESIAN_POINT ( 'NONE',  ( 34.99999999999997868, 2.700000000000000178, 4.599999999999998757 ) ) ;
#24 = ORIENTED_EDGE ( 'NONE', *, *, #6769, .T. ) ;
#25 = ORIENTED_EDGE ( 'NONE', *, *, #2715, .F. ) ;
#26 = FACE_OUTER_BOUND ( 'NONE', #4765, .T. ) ;
#27 = VECTOR ( 'NONE', #3040, 1000.000000000000000 ) ;
#28 = LINE ( 'NONE', #6648, #6804 ) ;
#29 = CARTESIAN_POINT ( 'NONE',  ( 21.00000000000000355, 2.000000000000000000, 2.499999999999995115 ) ) ;
#30 = FACE_OUTER_BOUND ( 'NONE', #4251, .T. ) ;
#31 = CIRCLE ( 'NONE', #6115, 2.000000000000000000 ) ;
#32 = VERTEX_POINT ( 'NONE', #3968 ) ;
#33 = VERTEX_POINT ( 'NONE', #6201 ) ;
#34 = DIRECTION ( 'NONE',  ( 0.000000000000000000, 0.000000000000000000, 1.000000000000000000 ) ) ;
#35 = CARTESIAN_POINT ( 'NONE',  ( -39.00000000000000711, 3.199999999999999734, -2.500000000000004885 ) ) ;
#36 = DIRECTION ( 'NONE',  ( 0.000000000000000000, 0.000000000000000000, 1.000000000000000000 ) ) ;
#37 = DIRECTION ( 'NONE',  ( 2.891205793294688680E-16, 0.000000000000000000, -1.000000000000000000 ) ) ;
#38 = LINE ( 'NONE', #6872, #7125 ) ;
#39 = ORIENTED_EDGE ( 'NONE', *, *, #3419, .F. ) ;
#40 = CARTESIAN_POINT ( 'NONE',  ( -45.00000000000000711, 2.000000000000000000, 2.499999999999995115 ) ) ;
#41 = EDGE_CURVE ( 'NONE', #1385, #1062, #3460, .T. ) ;
#42 = EDGE_CURVE ( 'NONE', #1603, #4841, #2377, .T. ) ;
#43 = ADVANCED_FACE ( 'NONE', ( #4995 ), #7061, .F. ) ;
#44 = VERTEX_POINT ( 'NONE', #2769 ) ;
#45 = PLANE ( 'NONE',  #1291 ) ;
#46 = EDGE_CURVE ( 'NONE', #5580, #1603, #1, .T. ) ;
#47 = DIRECTION ( 'NONE',  ( 0.000000000000000000, -1.000000000000000000, 0.000000000000000000 ) ) ;
#48 = DIRECTION ( 'NONE',  ( -0.000000000000000000, -1.000000000000000000, -0.000000000000000000 ) ) ;
#49 = CARTESIAN_POINT ( 'NONE',  ( 17.89999999999997016, 2.700000000000000178, -5.499999999999999112 ) ) ;
#50 = EDGE_LOOP ( 'NONE', ( #5747, #634, #3825, #5282 ) ) ;
#51 = ORIENTED_EDGE ( 'NONE', *, *, #1226, .F. ) ;
#52 = CARTESIAN_POINT ( 'NONE',  ( 16.50000000000000355, 4.000000000000000000, 12.00000000000000355 ) ) ;
#53 = EDGE_CURVE ( 'NONE', #5127, #1875, #6116, .T. ) ;
#54 = CARTESIAN_POINT ( 'NONE',  ( -20.90000000000001634, 2.000000000000000000, -4.499999999999999112 ) ) ;
#55 = AXIS2_PLACEMENT_3D ( 'NONE', #324, #5823, #1499 ) ;
#56 = DIRECTION ( 'NONE',  ( 1.000000000000000000, 0.000000000000000000, -0.000000000000000000 ) ) ;
#57 = ORIENTED_EDGE ( 'NONE', *, *, #6388, .T. ) ;
#58 = CARTESIAN_POINT ( 'NONE',  ( 27.00000000000001066, 3.199999999999999734, 2.499999999999995115 ) ) ;
#59 = EDGE_LOOP ( 'NONE', ( #76, #3633, #6690, #2470 ) ) ;
#60 = AXIS2_PLACEMENT_3D ( 'NONE', #5885, #4800, #1928 ) ;
#61 = ORIENTED_EDGE ( 'NONE', *, *, #1408, .F. ) ;
#62 = CARTESIAN_POINT ( 'NONE',  ( 39.99999999999997868, 2.000000000000000000, 7.399999999999998579 ) ) ;
#63 = CARTESIAN_POINT ( 'NONE',  ( -16.50000000000000355, 4.000000000000000000, -12.00000000000000355 ) ) ;
#64 = DIRECTION ( 'NONE',  ( -0.000000000000000000, -1.000000000000000000, -0.000000000000000000 ) ) ;
#65 = AXIS2_PLACEMENT_3D ( 'NONE', #6383, #3612, #4147 ) ;
#66 = CARTESIAN_POINT ( 'NONE',  ( 45.00000000000000000, 3.199999999999999734, 2.499999999999995115 ) ) ;
#67 = ORIENTED_EDGE ( 'NONE', *, *, #1979, .T. ) ;
#68 = VERTEX_POINT ( 'NONE', #6589 ) ;
#69 = FACE_OUTER_BOUND ( 'NONE', #7030, .T. ) ;
#70 = CARTESIAN_POINT ( 'NONE',  ( -13.00000000000001066, 2.700000000000000178, 7.399999999999998579 ) ) ;
#71 = CARTESIAN_POINT ( 'NONE',  ( -26.50000000000000711, 0.000000000000000000, 12.00000000000000000 ) ) ;
#72 = DIRECTION ( 'NONE',  ( 0.000000000000000000, 0.000000000000000000, -1.000000000000000000 ) ) ;
#73 = LINE ( 'NONE', #2256, #3668 ) ;
#74 = ORIENTED_EDGE ( 'NONE', *, *, #933, .T. ) ;
#75 = DIRECTION ( 'NONE',  ( 1.000000000000000000, 0.000000000000000000, 0.000000000000000000 ) ) ;
#76 = ORIENTED_EDGE ( 'NONE', *, *, #2810, .F. ) ;
#77 = CARTESIAN_POINT ( 'NONE',  ( -36.00000000000000711, 3.199999999999999734, 2.499999999999996003 ) ) ;
#78 = LINE ( 'NONE', #5688, #5056 ) ;
#79 = ADVANCED_FACE ( 'NONE', ( #2697 ), #2661, .F. ) ;
#80 = EDGE_CURVE ( 'NONE', #33, #643, #2300, .T. ) ;
#81 = LINE ( 'NONE', #1842, #1209 ) ;
#82 = DIRECTION ( 'NONE',  ( -0.000000000000000000, -0.000000000000000000, -1.000000000000000000 ) ) ;
#83 = EDGE_CURVE ( 'NONE', #5706, #6881, #5536, .T. ) ;
#84 = ORIENTED_EDGE ( 'NONE', *, *, #4747, .T. ) ;
#85 = ORIENTED_EDGE ( 'NONE', *, *, #1383, .T. ) ;
#86 = PLANE ( 'NONE',  #7035 ) ;
#87 = DIRECTION ( 'NONE',  ( -0.000000000000000000, -0.000000000000000000, 1.000000000000000000 ) ) ;
#88 = EDGE_CURVE ( 'NONE', #1475, #6525, #1074, .T. ) ;
#89 = LINE ( 'NONE', #3935, #635 ) ;
#90 = EDGE_LOOP ( 'NONE', ( #6645, #6861, #3484, #2797 ) ) ;
#91 = LINE ( 'NONE', #6029, #5737 ) ;
#92 = EDGE_CURVE ( 'NONE', #3521, #5595, #2151, .T. ) ;
#93 = ORIENTED_EDGE ( 'NONE', *, *, #307, .F. ) ;
#94 = ORIENTED_EDGE ( 'NONE', *, *, #2767, .T. ) ;
#95 = CARTESIAN_POINT ( 'NONE',  ( 11.89999999999998082, 2.700000000000000178, -4.499999999999999112 ) ) ;
#96 = FACE_OUTER_BOUND ( 'NONE', #4300, .T. ) ;
#97 = CARTESIAN_POINT ( 'NONE',  ( 29.89999999999998082, 2.000000000000000000, -5.499999999999999112 ) ) ;
#98 = FACE_BOUND ( 'NONE', #2909, .T. ) ;
#99 = EDGE_LOOP ( 'NONE', ( #6461, #206, #5768, #6281 ) ) ;
#100 = EDGE_CURVE ( 'NONE', #1312, #2320, #4344, .T. ) ;
#101 = ORIENTED_EDGE ( 'NONE', *, *, #4388, .T. ) ;
#102 = CARTESIAN_POINT ( 'NONE',  ( 30.00000000000000000, 3.199999999999999734, -2.500000000000004441 ) ) ;
#103 = DIRECTION ( 'NONE',  ( 0.000000000000000000, -1.000000000000000000, 0.000000000000000000 ) ) ;
#104 = CARTESIAN_POINT ( 'NONE',  ( 29.89999999999998082, 2.000000000000000000, -4.499999999999999112 ) ) ;
#105 = EDGE_CURVE ( 'NONE', #6396, #4612, #1182, .T. ) ;
#106 = CARTESIAN_POINT ( 'NONE',  ( -12.00000000000001066, 2.000000000000000000, 4.599999999999998757 ) ) ;
#107 = AXIS2_PLACEMENT_3D ( 'NONE', #472, #4316, #2123 ) ;
#108 = VECTOR ( 'NONE', #7053, 1000.000000000000000 ) ;
#109 = ORIENTED_EDGE ( 'NONE', *, *, #1634, .F. ) ;
#110 = CARTESIAN_POINT ( 'NONE',  ( 34.99999999999997868, 2.700000000000000178, 7.399999999999998579 ) ) ;
#111 = EDGE_CURVE ( 'NONE', #32, #6575, #3775, .T. ) ;
#112 = EDGE_LOOP ( 'NONE', ( #4766, #5521, #3690, #3836 ) ) ;
#113 = DIRECTION ( 'NONE',  ( -0.000000000000000000, -1.000000000000000000, -0.000000000000000000 ) ) ;
#114 = AXIS2_PLACEMENT_3D ( 'NONE', #5377, #1428, #3081 ) ;
#115 = VERTEX_POINT ( 'NONE', #4961 ) ;
#116 = CARTESIAN_POINT ( 'NONE',  ( 35.99999999999999289, 2.000000000000000000, -2.500000000000004441 ) ) ;
#117 = VECTOR ( 'NONE', #2355, 1000.000000000000000 ) ;
#118 = DIRECTION ( 'NONE',  ( 1.000000000000000000, -0.000000000000000000, 0.000000000000000000 ) ) ;
#119 = VECTOR ( 'NONE', #3469, 1000.000000000000000 ) ;
#120 = CARTESIAN_POINT ( 'NONE',  ( -15.00000000000000711, 3.199999999999999734, -2.500000000000004885 ) ) ;
#121 = VECTOR ( 'NONE', #4086, 1000.000000000000000 ) ;
#122 = CARTESIAN_POINT ( 'NONE',  ( 8.999999999999994671, 2.000000000000000000, 2.499999999999995115 ) ) ;
#123 = ORIENTED_EDGE ( 'NONE', *, *, #3965, .T. ) ;
#124 = LINE ( 'NONE', #6165, #3340 ) ;
#125 = DIRECTION ( 'NONE',  ( 1.000000000000000000, 0.000000000000000000, -0.000000000000000000 ) ) ;
#126 = VECTOR ( 'NONE', #2158, 1000.000000000000000 ) ;
#127 = DIRECTION ( 'NONE',  ( -0.000000000000000000, -0.000000000000000000, 1.000000000000000000 ) ) ;
#128 = ADVANCED_FACE ( 'NONE', ( #4922 ), #1617, .F. ) ;
#129 = DIRECTION ( 'NONE',  ( -0.000000000000000000, -1.000000000000000000, -0.000000000000000000 ) ) ;
#130 = ORIENTED_EDGE ( 'NONE', *, *, #3596, .F. ) ;
#131 = DIRECTION ( 'NONE',  ( 1.000000000000000000, 0.000000000000000000, 0.000000000000000000 ) ) ;
#132 = ORIENTED_EDGE ( 'NONE', *, *, #41, .F. ) ;
#133 = EDGE_CURVE ( 'NONE', #5071, #1953, #4945, .T. ) ;
#134 = EDGE_CURVE ( 'NONE', #4908, #3248, #6076, .T. ) ;
#135 = ORIENTED_EDGE ( 'NONE', *, *, #6061, .F. ) ;
#136 = CARTESIAN_POINT ( 'NONE',  ( -42.10000000000001563, 2.700000000000000178, -4.499999999999999112 ) ) ;
#137 = FACE_OUTER_BOUND ( 'NONE', #3814, .T. ) ;
#138 = VECTOR ( 'NONE', #5678, 1000.000000000000000 ) ;
#139 = ADVANCED_FACE ( 'NONE', ( #612 ), #4853, .F. ) ;
#140 = FACE_BOUND ( 'NONE', #6750, .T. ) ;
#141 = ORIENTED_EDGE ( 'NONE', *, *, #6878, .T. ) ;
#142 = ORIENTED_EDGE ( 'NONE', *, *, #4787, .F. ) ;
#143 = DIRECTION ( 'NONE',  ( -0.000000000000000000, -0.000000000000000000, 1.000000000000000000 ) ) ;
#144 = VECTOR ( 'NONE', #1161, 1000.000000000000000 ) ;
#145 = PLANE ( 'NONE',  #6026 ) ;
#146 = CARTESIAN_POINT ( 'NONE',  ( -9.000000000000001776, 2.000000000000000000, -2.500000000000004885 ) ) ;
#147 = CARTESIAN_POINT ( 'NONE',  ( 26.50000000000001066, 2.000000000000000000, -10.00000000000000000 ) ) ;
#148 = EDGE_CURVE ( 'NONE', #5554, #314, #469, .T. ) ;
#149 = VECTOR ( 'NONE', #4236, 1000.000000000000000 ) ;
#150 = CARTESIAN_POINT ( 'NONE',  ( 21.00000000000000355, 2.000000000000000000, -2.500000000000004885 ) ) ;
#151 = ORIENTED_EDGE ( 'NONE', *, *, #5626, .F. ) ;
#152 = LINE ( 'NONE', #1355, #1021 ) ;
#153 = ORIENTED_EDGE ( 'NONE', *, *, #2424, .T. ) ;
#154 = LINE ( 'NONE', #1186, #3199 ) ;
#155 = PRODUCT_DEFINITION_SHAPE ( 'NONE', 'NONE',  #3603 ) ;
#156 = DIRECTION ( 'NONE',  ( -0.000000000000000000, -1.000000000000000000, -0.000000000000000000 ) ) ;
#157 = LINE ( 'NONE', #4567, #7 ) ;
#158 = DIRECTION ( 'NONE',  ( 0.000000000000000000, 0.000000000000000000, 1.000000000000000000 ) ) ;
#159 = PLANE ( 'NONE',  #223 ) ;
#160 = ORIENTED_EDGE ( 'NONE', *, *, #100, .F. ) ;
#161 = EDGE_LOOP ( 'NONE', ( #2536, #1637, #188, #2655 ) ) ;
#162 = LINE ( 'NONE', #3392, #5530 ) ;
#163 = DIRECTION ( 'NONE',  ( 0.000000000000000000, 0.000000000000000000, -1.000000000000000000 ) ) ;
#164 = CIRCLE ( 'NONE', #6130, 2.000000000000000000 ) ;
#165 = CARTESIAN_POINT ( 'NONE',  ( 0.000000000000000000, 3.199999999999999734, -2.500000000000004441 ) ) ;
#166 = ORIENTED_EDGE ( 'NONE', *, *, #3811, .T. ) ;
#167 = DIRECTION ( 'NONE',  ( -0.000000000000000000, -0.000000000000000000, -1.000000000000000000 ) ) ;
#168 = VERTEX_POINT ( 'NONE', #5971 ) ;
#169 = ORIENTED_EDGE ( 'NONE', *, *, #1792, .T. ) ;
#170 = PRODUCT_DEFINITION_CONTEXT ( 'detailed design', #1644, 'design' ) ;
#171 = CARTESIAN_POINT ( 'NONE',  ( 46.50000000000000711, 2.000000000000000000, -12.00000000000000000 ) ) ;
#172 = VECTOR ( 'NONE', #1363, 1000.000000000000000 ) ;
#173 = LINE ( 'NONE', #5740, #117 ) ;
#174 = EDGE_CURVE ( 'NONE', #3044, #3082, #1037, .T. ) ;
#175 = EDGE_CURVE ( 'NONE', #4092, #3988, #3530, .T. ) ;
#176 = EDGE_CURVE ( 'NONE', #6781, #1165, #2278, .T. ) ;
#177 = FACE_BOUND ( 'NONE', #59, .T. ) ;
#178 = ORIENTED_EDGE ( 'NONE', *, *, #6287, .T. ) ;
#179 = AXIS2_PLACEMENT_3D ( 'NONE', #1353, #6834, #714 ) ;
#180 = ORIENTED_EDGE ( 'NONE', *, *, #3090, .T. ) ;
#181 = LINE ( 'NONE', #4555, #3944 ) ;
#182 = CARTESIAN_POINT ( 'NONE',  ( 41.89999999999997726, 2.700000000000000178, -4.499999999999999112 ) ) ;
#183 = EDGE_CURVE ( 'NONE', #6313, #3431, #6819, .T. ) ;
#184 = DIRECTION ( 'NONE',  ( -0.000000000000000000, -0.000000000000000000, 1.000000000000000000 ) ) ;
#185 = CARTESIAN_POINT ( 'NONE',  ( 0.000000000000000000, 3.199999999999999734, 2.499999999999996003 ) ) ;
#186 = VECTOR ( 'NONE', #3351, 1000.000000000000000 ) ;
#187 = CARTESIAN_POINT ( 'NONE',  ( 47.89999999999997016, 2.000000000000000000, -5.499999999999999112 ) ) ;
#188 = ORIENTED_EDGE ( 'NONE', *, *, #5724, .T. ) ;
#189 = ORIENTED_EDGE ( 'NONE', *, *, #638, .T. ) ;
#190 = LINE ( 'NONE', #4563, #1244 ) ;
#191 = EDGE_CURVE ( 'NONE', #4988, #951, #1377, .T. ) ;
#192 = LINE ( 'NONE', #6298, #6457 ) ;
#193 = LINE ( 'NONE', #655, #5514 ) ;
#194 = DIRECTION ( 'NONE',  ( 1.000000000000000000, 0.000000000000000000, 0.000000000000000000 ) ) ;
#195 = ORIENTED_EDGE ( 'NONE', *, *, #2363, .T. ) ;
#196 = LINE ( 'NONE', #5617, #5156 ) ;
#197 = ORIENTED_EDGE ( 'NONE', *, *, #3386, .T. ) ;
#198 = EDGE_LOOP ( 'NONE', ( #1717, #653, #1941, #4202 ) ) ;
#199 = LINE ( 'NONE', #1304, #2085 ) ;
#200 = DIRECTION ( 'NONE',  ( -1.000000000000000000, 0.000000000000000000, -2.891205793294682764E-16 ) ) ;
#201 = ADVANCED_FACE ( 'NONE', ( #2523 ), #5770, .T. ) ;
#202 = CARTESIAN_POINT ( 'NONE',  ( 47.89999999999997016, 2.000000000000000000, -4.499999999999999112 ) ) ;
#203 = VERTEX_POINT ( 'NONE', #768 ) ;
#204 = DIRECTION ( 'NONE',  ( 1.000000000000000000, 0.000000000000000000, 0.000000000000000000 ) ) ;
#205 = ORIENTED_EDGE ( 'NONE', *, *, #3553, .F. ) ;
#206 = ORIENTED_EDGE ( 'NONE', *, *, #5113, .T. ) ;
#207 = ORIENTED_EDGE ( 'NONE', *, *, #1181, .T. ) ;
#208 = CARTESIAN_POINT ( 'NONE',  ( -13.00000000000001066, 2.700000000000000178, 7.399999999999998579 ) ) ;
#209 = DIRECTION ( 'NONE',  ( -0.000000000000000000, -1.000000000000000000, -0.000000000000000000 ) ) ;
#210 = ORIENTED_EDGE ( 'NONE', *, *, #4913, .F. ) ;
#211 = FACE_BOUND ( 'NONE', #3648, .T. ) ;
#212 = ORIENTED_EDGE ( 'NONE', *, *, #263, .F. ) ;
#213 = VERTEX_POINT ( 'NONE', #1883 ) ;
#214 = CYLINDRICAL_SURFACE ( 'NONE', #972, 2.000000000000000000 ) ;
#215 = DIRECTION ( 'NONE',  ( -1.000000000000000000, -0.000000000000000000, -0.000000000000000000 ) ) ;
#216 = LINE ( 'NONE', #5752, #6309 ) ;
#217 = DIRECTION ( 'NONE',  ( -0.000000000000000000, -1.000000000000000000, -0.000000000000000000 ) ) ;
#218 = ORIENTED_EDGE ( 'NONE', *, *, #2018, .F. ) ;
#219 = ORIENTED_EDGE ( 'NONE', *, *, #6598, .T. ) ;
#220 = CARTESIAN_POINT ( 'NONE',  ( -6.100000000000021849, 2.700000000000000178, -5.499999999999999112 ) ) ;
#221 = EDGE_CURVE ( 'NONE', #3559, #827, #4684, .T. ) ;
#222 = CARTESIAN_POINT ( 'NONE',  ( 5.999999999999998224, 3.199999999999999734, 2.499999999999996003 ) ) ;
#223 = AXIS2_PLACEMENT_3D ( 'NONE', #2339, #4539, #1808 ) ;
#224 = ADVANCED_FACE ( 'NONE', ( #5725 ), #6889, .F. ) ;
#225 = CARTESIAN_POINT ( 'NONE',  ( 21.00000000000000355, 3.199999999999999734, 2.499999999999995115 ) ) ;
#226 = EDGE_CURVE ( 'NONE', #4411, #6136, #1341, .T. ) ;
#227 = DIRECTION ( 'NONE',  ( 1.000000000000000000, -0.000000000000000000, -0.000000000000000000 ) ) ;
#228 = AXIS2_PLACEMENT_3D ( 'NONE', #4802, #7008, #4262 ) ;
#229 = CARTESIAN_POINT ( 'NONE',  ( 46.50000000000000000, 2.000000000000000000, 10.00000000000000000 ) ) ;
#230 = VECTOR ( 'NONE', #4229, 1000.000000000000000 ) ;
#231 = VERTEX_POINT ( 'NONE', #2827 ) ;
#232 = DIRECTION ( 'NONE',  ( 0.000000000000000000, 0.000000000000000000, -1.000000000000000000 ) ) ;
#233 = FACE_OUTER_BOUND ( 'NONE', #6754, .T. ) ;
#234 = VECTOR ( 'NONE', #4360, 1000.000000000000000 ) ;
#235 = CARTESIAN_POINT ( 'NONE',  ( 16.50000000000000000, 2.000000000000000000, -10.00000000000000000 ) ) ;
#236 = VECTOR ( 'NONE', #5637, 1000.000000000000000 ) ;
#237 = ADVANCED_FACE ( 'NONE', ( #6304 ), #3029, .T. ) ;
#238 = LINE ( 'NONE', #4619, #3046 ) ;
#239 = VERTEX_POINT ( 'NONE', #95 ) ;
#240 = DIRECTION ( 'NONE',  ( -0.000000000000000000, -0.000000000000000000, -1.000000000000000000 ) ) ;
#241 = ORIENTED_EDGE ( 'NONE', *, *, #5982, .F. ) ;
#242 = ORIENTED_EDGE ( 'NONE', *, *, #7095, .T. ) ;
#243 = VECTOR ( 'NONE', #5613, 1000.000000000000000 ) ;
#244 = CARTESIAN_POINT ( 'NONE',  ( -33.00000000000001421, 2.700000000000000178, 7.399999999999998579 ) ) ;
#245 = LINE ( 'NONE', #5093, #236 ) ;
#246 = DIRECTION ( 'NONE',  ( 0.000000000000000000, 1.000000000000000000, 0.000000000000000000 ) ) ;
#247 = ORIENTED_EDGE ( 'NONE', *, *, #3167, .T. ) ;
#248 = VERTEX_POINT ( 'NONE', #5193 ) ;
#249 = ORIENTED_EDGE ( 'NONE', *, *, #4928, .T. ) ;
#250 = CARTESIAN_POINT ( 'NONE',  ( -36.50000000000000711, 0.000000000000000000, -12.00000000000000355 ) ) ;
#251 = AXIS2_PLACEMENT_3D ( 'NONE', #1207, #2963, #3401 ) ;
#252 = CARTESIAN_POINT ( 'NONE',  ( -21.00000000000000355, 3.199999999999999734, -2.500000000000004885 ) ) ;
#253 = CARTESIAN_POINT ( 'NONE',  ( -3.000000000000002665, 2.000000000000000000, 2.499999999999995115 ) ) ;
#254 = CARTESIAN_POINT ( 'NONE',  ( 47.99999999999998579, 3.199999999999999734, -2.500000000000004441 ) ) ;
#255 = VECTOR ( 'NONE', #3572, 1000.000000000000000 ) ;
#256 = ORIENTED_EDGE ( 'NONE', *, *, #5672, .F. ) ;
#257 = EDGE_LOOP ( 'NONE', ( #1085, #1933, #1460, #303 ) ) ;
#258 = DIRECTION ( 'NONE',  ( 0.000000000000000000, -0.000000000000000000, -1.000000000000000000 ) ) ;
#259 = LINE ( 'NONE', #6337, #3239 ) ;
#260 = VECTOR ( 'NONE', #6559, 1000.000000000000000 ) ;
#261 = LINE ( 'NONE', #4642, #3452 ) ;
#262 = EDGE_CURVE ( 'NONE', #3799, #1909, #6933, .T. ) ;
#263 = EDGE_CURVE ( 'NONE', #781, #987, #269, .T. ) ;
#264 = LINE ( 'NONE', #5765, #3393 ) ;
#265 = ADVANCED_FACE ( 'NONE', ( #5228 ), #5153, .F. ) ;
#266 = ORIENTED_EDGE ( 'NONE', *, *, #6380, .F. ) ;
#267 = PLANE ( 'NONE',  #1369 ) ;
#268 = VERTEX_POINT ( 'NONE', #4144 ) ;
#269 = LINE ( 'NONE', #3495, #3817 ) ;
#270 = ADVANCED_FACE ( 'NONE', ( #6345 ), #1415, .F. ) ;
#271 = DIRECTION ( 'NONE',  ( -0.000000000000000000, -0.000000000000000000, -1.000000000000000000 ) ) ;
#272 = CARTESIAN_POINT ( 'NONE',  ( 35.99999999999997868, 2.000000000000000000, 4.599999999999998757 ) ) ;
#273 = CARTESIAN_POINT ( 'NONE',  ( -44.90000000000001279, 2.000000000000000000, -5.499999999999999112 ) ) ;
#274 = ORIENTED_EDGE ( 'NONE', *, *, #6376, .T. ) ;
#275 = CARTESIAN_POINT ( 'NONE',  ( -38.90000000000001990, 2.000000000000000000, -5.499999999999999112 ) ) ;
#276 = VERTEX_POINT ( 'NONE', #4647 ) ;
#277 = ORIENTED_EDGE ( 'NONE', *, *, #3568, .F. ) ;
#278 = ORIENTED_EDGE ( 'NONE', *, *, #1443, .F. ) ;
#279 = ADVANCED_FACE ( 'NONE', ( #4037 ), #5694, .F. ) ;
#280 = DIRECTION ( 'NONE',  ( -0.000000000000000000, -1.000000000000000000, -0.000000000000000000 ) ) ;
#281 = VECTOR ( 'NONE', #7058, 1000.000000000000000 ) ;
#282 = LINE ( 'NONE', #1821, #2065 ) ;
#283 = LINE ( 'NONE', #2464, #861 ) ;
#284 = ORIENTED_EDGE ( 'NONE', *, *, #1841, .F. ) ;
#285 = DIRECTION ( 'NONE',  ( 1.000000000000000000, -0.000000000000000000, -0.000000000000000000 ) ) ;
#286 = ORIENTED_EDGE ( 'NONE', *, *, #7095, .F. ) ;
#287 = SHAPE_DEFINITION_REPRESENTATION ( #155, #3597 ) ;
#288 = CIRCLE ( 'NONE', #2340, 2.000000000000000000 ) ;
#289 = ORIENTED_EDGE ( 'NONE', *, *, #1362, .F. ) ;
#290 = LINE ( 'NONE', #1935, #5445 ) ;
#291 = CARTESIAN_POINT ( 'NONE',  ( 47.99999999999998579, 2.000000000000000000, 2.499999999999996003 ) ) ;
#292 = CARTESIAN_POINT ( 'NONE',  ( -30.00000000000000355, 3.199999999999999734, -2.500000000000004441 ) ) ;
#293 = VECTOR ( 'NONE', #1492, 1000.000000000000000 ) ;
#294 = DIRECTION ( 'NONE',  ( -1.000000000000000000, 0.000000000000000000, 0.000000000000000000 ) ) ;
#295 = ORIENTED_EDGE ( 'NONE', *, *, #1486, .F. ) ;
#296 = ORIENTED_EDGE ( 'NONE', *, *, #5538, .F. ) ;
#297 = CARTESIAN_POINT ( 'NONE',  ( 39.09999999999998010, 2.700000000000000178, -4.499999999999999112 ) ) ;
#298 = DIRECTION ( 'NONE',  ( -1.000000000000000000, 0.000000000000000000, -2.891205793294675368E-16 ) ) ;
#299 = VECTOR ( 'NONE', #1921, 1000.000000000000000 ) ;
#300 = DIRECTION ( 'NONE',  ( 0.000000000000000000, 0.000000000000000000, 1.000000000000000000 ) ) ;
#301 = VECTOR ( 'NONE', #5721, 1000.000000000000000 ) ;
#302 = CARTESIAN_POINT ( 'NONE',  ( -18.00000000000000355, 3.199999999999999734, -2.500000000000004441 ) ) ;
#303 = ORIENTED_EDGE ( 'NONE', *, *, #3374, .F. ) ;
#304 = CARTESIAN_POINT ( 'NONE',  ( 30.00000000000000000, 3.199999999999999734, 2.499999999999996003 ) ) ;
#305 = VERTEX_POINT ( 'NONE', #1918 ) ;
#306 = CARTESIAN_POINT ( 'NONE',  ( 0.000000000000000000, 2.700000000000000178, 0.000000000000000000 ) ) ;
#307 = EDGE_CURVE ( 'NONE', #5693, #4087, #3607, .T. ) ;
#308 = CARTESIAN_POINT ( 'NONE',  ( -18.00000000000000355, 2.000000000000000000, 2.499999999999996003 ) ) ;
#309 = FACE_OUTER_BOUND ( 'NONE', #5126, .T. ) ;
#310 = DIRECTION ( 'NONE',  ( 2.891205793294688680E-16, 0.000000000000000000, -1.000000000000000000 ) ) ;
#311 = EDGE_CURVE ( 'NONE', #6792, #810, #7031, .T. ) ;
#312 = ORIENTED_EDGE ( 'NONE', *, *, #1493, .T. ) ;
#313 = CARTESIAN_POINT ( 'NONE',  ( -14.90000000000001101, 2.700000000000000178, -5.499999999999999112 ) ) ;
#314 = VERTEX_POINT ( 'NONE', #2704 ) ;
#315 = ORIENTED_EDGE ( 'NONE', *, *, #6615, .F. ) ;
#316 = CARTESIAN_POINT ( 'NONE',  ( -45.00000000000000711, 3.199999999999999734, 2.499999999999995115 ) ) ;
#317 = LINE ( 'NONE', #6389, #6550 ) ;
#318 = DIRECTION ( 'NONE',  ( 1.000000000000000000, 0.000000000000000000, -0.000000000000000000 ) ) ;
#319 = EDGE_CURVE ( 'NONE', #1823, #3222, #6408, .T. ) ;
#320 = ORIENTED_EDGE ( 'NONE', *, *, #830, .F. ) ;
#321 = DIRECTION ( 'NONE',  ( -0.000000000000000000, -0.000000000000000000, -1.000000000000000000 ) ) ;
#322 = VERTEX_POINT ( 'NONE', #6445 ) ;
#323 = ORIENTED_EDGE ( 'NONE', *, *, #1135, .F. ) ;
#324 = CARTESIAN_POINT ( 'NONE',  ( 0.000000000000000000, 3.199999999999999734, 0.000000000000000000 ) ) ;
#325 = PLANE ( 'NONE',  #5070 ) ;
#326 = PLANE ( 'NONE',  #1947 ) ;
#327 = FACE_OUTER_BOUND ( 'NONE', #3160, .T. ) ;
#328 = EDGE_CURVE ( 'NONE', #4105, #2349, #3240, .T. ) ;
#329 = ORIENTED_EDGE ( 'NONE', *, *, #5799, .T. ) ;
#330 = ORIENTED_EDGE ( 'NONE', *, *, #3819, .T. ) ;
#331 = CARTESIAN_POINT ( 'NONE',  ( -14.90000000000001101, 2.000000000000000000, -5.499999999999999112 ) ) ;
#332 = CARTESIAN_POINT ( 'NONE',  ( -12.10000000000001386, 2.700000000000000178, -5.499999999999999112 ) ) ;
#333 = CARTESIAN_POINT ( 'NONE',  ( -33.00000000000001421, 2.700000000000000178, 4.599999999999998757 ) ) ;
#334 = CARTESIAN_POINT ( 'NONE',  ( 34.99999999999997868, 2.000000000000000000, 4.599999999999998757 ) ) ;
#335 = LINE ( 'NONE', #3638, #5035 ) ;
#336 = VECTOR ( 'NONE', #75, 1000.000000000000000 ) ;
#337 = VERTEX_POINT ( 'NONE', #376 ) ;
#338 = DIRECTION ( 'NONE',  ( 1.000000000000000000, -0.000000000000000000, -0.000000000000000000 ) ) ;
#339 = CARTESIAN_POINT ( 'NONE',  ( 11.99999999999998224, 2.000000000000000000, 4.599999999999998757 ) ) ;
#340 = PLANE ( 'NONE',  #4598 ) ;
#341 = VECTOR ( 'NONE', #938, 1000.000000000000000 ) ;
#342 = LINE ( 'NONE', #1959, #299 ) ;
#343 = AXIS2_PLACEMENT_3D ( 'NONE', #1328, #6327, #1905 ) ;
#344 = LINE ( 'NONE', #5812, #1608 ) ;
#345 = ORIENTED_EDGE ( 'NONE', *, *, #923, .F. ) ;
#346 = EDGE_LOOP ( 'NONE', ( #4250, #5281, #589, #15 ) ) ;
#347 = AXIS2_PLACEMENT_3D ( 'NONE', #5072, #3987, #3305 ) ;
#348 = PLANE ( 'NONE',  #6111 ) ;
#349 = VECTOR ( 'NONE', #1861, 1000.000000000000000 ) ;
#350 = DIRECTION ( 'NONE',  ( 0.000000000000000000, 0.000000000000000000, 1.000000000000000000 ) ) ;
#351 = ORIENTED_EDGE ( 'NONE', *, *, #6202, .T. ) ;
#352 = CARTESIAN_POINT ( 'NONE',  ( 21.00000000000000355, 2.000000000000000000, 2.499999999999995115 ) ) ;
#353 = AXIS2_PLACEMENT_3D ( 'NONE', #1386, #4216, #912 ) ;
#354 = EDGE_LOOP ( 'NONE', ( #5131, #4855, #5915, #5425 ) ) ;
#355 = EDGE_CURVE ( 'NONE', #6454, #1910, #723, .T. ) ;
#356 = LINE ( 'NONE', #423, #3317 ) ;
#357 = ADVANCED_FACE ( 'NONE', ( #7101 ), #5908, .T. ) ;
#358 = VECTOR ( 'NONE', #4931, 1000.000000000000000 ) ;
#359 = ORIENTED_EDGE ( 'NONE', *, *, #2363, .F. ) ;
#360 = ORIENTED_EDGE ( 'NONE', *, *, #4747, .F. ) ;
#361 = DIRECTION ( 'NONE',  ( 0.000000000000000000, 0.000000000000000000, -1.000000000000000000 ) ) ;
#362 = LINE ( 'NONE', #4707, #5873 ) ;
#363 = ADVANCED_FACE ( 'NONE', ( #4894 ), #3640, .F. ) ;
#364 = CARTESIAN_POINT ( 'NONE',  ( -16.50000000000000355, 0.000000000000000000, 10.00000000000000000 ) ) ;
#365 = CARTESIAN_POINT ( 'NONE',  ( -32.90000000000001279, 2.700000000000000178, -4.499999999999999112 ) ) ;
#366 = VERTEX_POINT ( 'NONE', #3781 ) ;
#367 = VERTEX_POINT ( 'NONE', #440 ) ;
#368 = DIRECTION ( 'NONE',  ( 1.000000000000000000, -0.000000000000000000, 2.891205793294675861E-16 ) ) ;
#369 = FACE_OUTER_BOUND ( 'NONE', #4113, .T. ) ;
#370 = EDGE_CURVE ( 'NONE', #239, #1901, #2126, .T. ) ;
#371 = AXIS2_PLACEMENT_3D ( 'NONE', #1398, #2007, #3085 ) ;
#372 = DIRECTION ( 'NONE',  ( -1.445602896647337684E-16, 0.000000000000000000, 1.000000000000000000 ) ) ;
#373 = LINE ( 'NONE', #3602, #2048 ) ;
#374 = ORIENTED_EDGE ( 'NONE', *, *, #6018, .F. ) ;
#375 = VECTOR ( 'NONE', #2267, 1000.000000000000000 ) ;
#376 = CARTESIAN_POINT ( 'NONE',  ( 15.09999999999997478, 2.000000000000000000, -4.499999999999999112 ) ) ;
#377 = CARTESIAN_POINT ( 'NONE',  ( -12.00000000000000355, 3.199999999999999734, -2.500000000000004441 ) ) ;
#378 = DIRECTION ( 'NONE',  ( 0.000000000000000000, 0.000000000000000000, 1.000000000000000000 ) ) ;
#379 = VECTOR ( 'NONE', #1151, 1000.000000000000000 ) ;
#380 = CARTESIAN_POINT ( 'NONE',  ( -37.00000000000002132, 2.700000000000000178, 7.399999999999998579 ) ) ;
#381 = LINE ( 'NONE', #6971, #1836 ) ;
#382 = VERTEX_POINT ( 'NONE', #3675 ) ;
#383 = VERTEX_POINT ( 'NONE', #945 ) ;
#384 = DIRECTION ( 'NONE',  ( -0.000000000000000000, 0.000000000000000000, 1.000000000000000000 ) ) ;
#385 = FACE_OUTER_BOUND ( 'NONE', #2089, .T. ) ;
#386 = ORIENTED_EDGE ( 'NONE', *, *, #6731, .F. ) ;
#387 = CARTESIAN_POINT ( 'NONE',  ( -30.00000000000000355, 3.199999999999999734, -2.500000000000004441 ) ) ;
#388 = VERTEX_POINT ( 'NONE', #3712 ) ;
#389 = CARTESIAN_POINT ( 'NONE',  ( 10.99999999999998224, 2.700000000000000178, 4.599999999999998757 ) ) ;
#390 = VERTEX_POINT ( 'NONE', #1551 ) ;
#391 = ORIENTED_EDGE ( 'NONE', *, *, #1576, .T. ) ;
#392 = DIRECTION ( 'NONE',  ( -0.000000000000000000, -0.000000000000000000, 1.000000000000000000 ) ) ;
#393 = CARTESIAN_POINT ( 'NONE',  ( 41.89999999999997726, 2.700000000000000178, -4.499999999999999112 ) ) ;
#394 = CARTESIAN_POINT ( 'NONE',  ( -12.00000000000000355, 3.199999999999999734, 2.499999999999996003 ) ) ;
#395 = ADVANCED_FACE ( 'NONE', ( #4789 ), #409, .F. ) ;
#396 = DIRECTION ( 'NONE',  ( -0.000000000000000000, -0.000000000000000000, -1.000000000000000000 ) ) ;
#397 = VERTEX_POINT ( 'NONE', #2050 ) ;
#398 = EDGE_CURVE ( 'NONE', #1910, #4891, #2157, .T. ) ;
#399 = ORIENTED_EDGE ( 'NONE', *, *, #537, .T. ) ;
#400 = DIRECTION ( 'NONE',  ( -1.000000000000000000, 0.000000000000000000, -3.469446951953613696E-16 ) ) ;
#401 = CARTESIAN_POINT ( 'NONE',  ( -33.00000000000001421, 2.700000000000000178, 7.399999999999998579 ) ) ;
#402 = ADVANCED_FACE ( 'NONE', ( #4244 ), #5366, .F. ) ;
#403 = AXIS2_PLACEMENT_3D ( 'NONE', #2874, #5069, #5898 ) ;
#404 = CARTESIAN_POINT ( 'NONE',  ( -51.50000000000000711, 0.000000000000000000, -10.00000000000000000 ) ) ;
#405 = EDGE_CURVE ( 'NONE', #4196, #5127, #2091, .T. ) ;
#406 = DIRECTION ( 'NONE',  ( -1.000000000000000000, -0.000000000000000000, -0.000000000000000000 ) ) ;
#407 = VECTOR ( 'NONE', #5384, 1000.000000000000000 ) ;
#408 = ORIENTED_EDGE ( 'NONE', *, *, #6695, .F. ) ;
#409 = PLANE ( 'NONE',  #1055 ) ;
#410 = CARTESIAN_POINT ( 'NONE',  ( -15.00000000000000711, 3.199999999999999734, 2.499999999999995115 ) ) ;
#411 = DIRECTION ( 'NONE',  ( 0.000000000000000000, 0.000000000000000000, 1.000000000000000000 ) ) ;
#412 = VECTOR ( 'NONE', #2853, 1000.000000000000000 ) ;
#413 = LINE ( 'NONE', #1344, #756 ) ;
#414 = EDGE_CURVE ( 'NONE', #810, #2576, #4281, .T. ) ;
#415 = DIRECTION ( 'NONE',  ( -0.000000000000000000, -1.000000000000000000, -0.000000000000000000 ) ) ;
#416 = ORIENTED_EDGE ( 'NONE', *, *, #1977, .T. ) ;
#417 = ORIENTED_EDGE ( 'NONE', *, *, #5710, .T. ) ;
#418 = DIRECTION ( 'NONE',  ( -1.000000000000000000, 0.000000000000000000, -0.000000000000000000 ) ) ;
#419 = DIRECTION ( 'NONE',  ( -1.445602896647337684E-16, 0.000000000000000000, 1.000000000000000000 ) ) ;
#420 = ADVANCED_FACE ( 'NONE', ( #4858 ), #7066, .F. ) ;
#421 = FACE_OUTER_BOUND ( 'NONE', #5736, .T. ) ;
#422 = ORIENTED_EDGE ( 'NONE', *, *, #2847, .F. ) ;
#423 = CARTESIAN_POINT ( 'NONE',  ( 27.09999999999998366, 2.700000000000000178, -5.499999999999999112 ) ) ;
#424 = ORIENTED_EDGE ( 'NONE', *, *, #6413, .F. ) ;
#425 = VERTEX_POINT ( 'NONE', #4759 ) ;
#426 = CARTESIAN_POINT ( 'NONE',  ( 53.50000000000000711, 0.000000000000000000, -10.00000000000000000 ) ) ;
#427 = CARTESIAN_POINT ( 'NONE',  ( -32.00000000000001421, 2.700000000000000178, 4.599999999999998757 ) ) ;
#428 = FACE_OUTER_BOUND ( 'NONE', #3478, .T. ) ;
#429 = CARTESIAN_POINT ( 'NONE',  ( -30.10000000000001563, 2.700000000000000178, -5.499999999999999112 ) ) ;
#430 = ORIENTED_EDGE ( 'NONE', *, *, #2538, .F. ) ;
#431 = EDGE_LOOP ( 'NONE', ( #5133, #2679, #1505, #3321 ) ) ;
#432 = CARTESIAN_POINT ( 'NONE',  ( -51.50000000000000711, 0.000000000000000000, -10.00000000000000000 ) ) ;
#433 = CARTESIAN_POINT ( 'NONE',  ( 8.999999999999994671, 3.199999999999999734, 2.499999999999995115 ) ) ;
#434 = CARTESIAN_POINT ( 'NONE',  ( 10.99999999999998224, 2.700000000000000178, 7.399999999999998579 ) ) ;
#435 = ORIENTED_EDGE ( 'NONE', *, *, #319, .F. ) ;
#436 = LINE ( 'NONE', #1077, #904 ) ;
#437 = EDGE_CURVE ( 'NONE', #3654, #4234, #2021, .T. ) ;
#438 = EDGE_CURVE ( 'NONE', #816, #2234, #6014, .T. ) ;
#439 = ORIENTED_EDGE ( 'NONE', *, *, #1376, .T. ) ;
#440 = CARTESIAN_POINT ( 'NONE',  ( -13.00000000000001066, 2.000000000000000000, 7.399999999999998579 ) ) ;
#441 = EDGE_CURVE ( 'NONE', #1387, #4781, #1694, .T. ) ;
#442 = LINE ( 'NONE', #1381, #4365 ) ;
#443 = CARTESIAN_POINT ( 'NONE',  ( -42.00000000000000000, 3.199999999999999734, 2.499999999999996003 ) ) ;
#444 = CARTESIAN_POINT ( 'NONE',  ( -24.00000000000000000, 3.199999999999999734, 2.499999999999996003 ) ) ;
#445 = ORIENTED_EDGE ( 'NONE', *, *, #970, .F. ) ;
#446 = VERTEX_POINT ( 'NONE', #1225 ) ;
#447 = CARTESIAN_POINT ( 'NONE',  ( -13.00000000000001066, 2.700000000000000178, 4.599999999999998757 ) ) ;
#448 = VECTOR ( 'NONE', #4209, 1000.000000000000000 ) ;
#449 = EDGE_CURVE ( 'NONE', #1901, #1062, #3855, .T. ) ;
#450 = CARTESIAN_POINT ( 'NONE',  ( -24.10000000000000853, 2.700000000000000178, -4.499999999999999112 ) ) ;
#451 = LINE ( 'NONE', #1598, #1322 ) ;
#452 = ORIENTED_EDGE ( 'NONE', *, *, #5977, .F. ) ;
#453 = CARTESIAN_POINT ( 'NONE',  ( -12.00000000000001066, 2.700000000000000178, 7.399999999999998579 ) ) ;
#454 = VECTOR ( 'NONE', #6590, 1000.000000000000000 ) ;
#455 = ORIENTED_EDGE ( 'NONE', *, *, #5976, .F. ) ;
#456 = EDGE_LOOP ( 'NONE', ( #6033, #289, #1125, #7106 ) ) ;
#457 = VECTOR ( 'NONE', #2395, 1000.000000000000000 ) ;
#458 = LINE ( 'NONE', #5959, #1194 ) ;
#459 = DIRECTION ( 'NONE',  ( -0.000000000000000000, -1.000000000000000000, -0.000000000000000000 ) ) ;
#460 = CARTESIAN_POINT ( 'NONE',  ( 29.89999999999998082, 2.700000000000000178, -5.499999999999999112 ) ) ;
#461 = VECTOR ( 'NONE', #1704, 1000.000000000000000 ) ;
#462 = VECTOR ( 'NONE', #1241, 1000.000000000000000 ) ;
#463 = DIRECTION ( 'NONE',  ( -0.000000000000000000, -1.000000000000000000, -0.000000000000000000 ) ) ;
#464 = ORIENTED_EDGE ( 'NONE', *, *, #2403, .T. ) ;
#465 = ORIENTED_EDGE ( 'NONE', *, *, #1759, .F. ) ;
#466 = PLANE ( 'NONE',  #2106 ) ;
#467 = LINE ( 'NONE', #6404, #149 ) ;
#468 = VECTOR ( 'NONE', #5084, 1000.000000000000000 ) ;
#469 = LINE ( 'NONE', #2120, #934 ) ;
#470 = FACE_OUTER_BOUND ( 'NONE', #2967, .T. ) ;
#471 = EDGE_LOOP ( 'NONE', ( #1204, #3744, #6289, #5055 ) ) ;
#472 = CARTESIAN_POINT ( 'NONE',  ( 0.000000000000000000, 3.199999999999999734, 0.000000000000000000 ) ) ;
#473 = ORIENTED_EDGE ( 'NONE', *, *, #478, .T. ) ;
#474 = CARTESIAN_POINT ( 'NONE',  ( 26.50000000000000711, 2.000000000000000000, 12.00000000000000000 ) ) ;
#475 = VECTOR ( 'NONE', #4052, 1000.000000000000000 ) ;
#476 = CARTESIAN_POINT ( 'NONE',  ( 0.000000000000000000, 2.700000000000000178, 0.000000000000000000 ) ) ;
#477 = EDGE_CURVE ( 'NONE', #3248, #322, #583, .T. ) ;
#478 = EDGE_CURVE ( 'NONE', #1807, #213, #2298, .T. ) ;
#479 = FACE_OUTER_BOUND ( 'NONE', #4510, .T. ) ;
#480 = VECTOR ( 'NONE', #3316, 1000.000000000000000 ) ;
#481 = LINE ( 'NONE', #2671, #234 ) ;
#482 = EDGE_CURVE ( 'NONE', #2840, #4988, #3383, .T. ) ;
#483 = ORIENTED_EDGE ( 'NONE', *, *, #2530, .T. ) ;
#484 = VERTEX_POINT ( 'NONE', #6702 ) ;
#485 = FACE_OUTER_BOUND ( 'NONE', #3615, .T. ) ;
#486 = LINE ( 'NONE', #2270, #1489 ) ;
#487 = AXIS2_PLACEMENT_3D ( 'NONE', #4029, #6739, #762 ) ;
#488 = DIRECTION ( 'NONE',  ( -1.000000000000000000, -0.000000000000000000, -1.445602896647337931E-16 ) ) ;
#489 = ORIENTED_EDGE ( 'NONE', *, *, #6685, .T. ) ;
#490 = DIRECTION ( 'NONE',  ( 0.000000000000000000, 0.000000000000000000, 1.000000000000000000 ) ) ;
#491 = ADVANCED_FACE ( 'NONE', ( #1732 ), #3276, .F. ) ;
#492 = VERTEX_POINT ( 'NONE', #77 ) ;
#493 = ORIENTED_EDGE ( 'NONE', *, *, #5368, .F. ) ;
#494 = DIRECTION ( 'NONE',  ( 0.000000000000000000, 0.000000000000000000, 1.000000000000000000 ) ) ;
#495 = LINE ( 'NONE', #1645, #16 ) ;
#496 = CARTESIAN_POINT ( 'NONE',  ( 15.99999999999997335, 2.700000000000000178, 7.399999999999998579 ) ) ;
#497 = CARTESIAN_POINT ( 'NONE',  ( -36.10000000000002274, 2.700000000000000178, -5.499999999999999112 ) ) ;
#498 = VERTEX_POINT ( 'NONE', #5581 ) ;
#499 = EDGE_LOOP ( 'NONE', ( #3800, #5467, #7072, #1731 ) ) ;
#500 = DIRECTION ( 'NONE',  ( -0.000000000000000000, -1.000000000000000000, -0.000000000000000000 ) ) ;
#501 = LINE ( 'NONE', #609, #2786 ) ;
#502 = VECTOR ( 'NONE', #2694, 1000.000000000000000 ) ;
#503 = DIRECTION ( 'NONE',  ( -0.000000000000000000, -0.000000000000000000, -1.000000000000000000 ) ) ;
#504 = CARTESIAN_POINT ( 'NONE',  ( -26.90000000000000568, 2.700000000000000178, -5.499999999999999112 ) ) ;
#505 = ORIENTED_EDGE ( 'NONE', *, *, #6413, .T. ) ;
#506 = CARTESIAN_POINT ( 'NONE',  ( 23.99999999999999289, 2.000000000000000000, -2.500000000000004441 ) ) ;
#507 = ORIENTED_EDGE ( 'NONE', *, *, #3243, .T. ) ;
#508 = DIRECTION ( 'NONE',  ( -1.000000000000000000, 0.000000000000000000, -2.891205793294675368E-16 ) ) ;
#509 = LINE ( 'NONE', #3887, #2527 ) ;
#510 = VECTOR ( 'NONE', #488, 1000.000000000000000 ) ;
#511 = DIRECTION ( 'NONE',  ( -1.000000000000000000, -0.000000000000000000, -0.000000000000000000 ) ) ;
#512 = FACE_OUTER_BOUND ( 'NONE', #90, .T. ) ;
#513 = ORIENTED_EDGE ( 'NONE', *, *, #3303, .F. ) ;
#514 = EDGE_CURVE ( 'NONE', #3111, #6263, #2195, .T. ) ;
#515 = ORIENTED_EDGE ( 'NONE', *, *, #2718, .F. ) ;
#516 = AXIS2_PLACEMENT_3D ( 'NONE', #718, #6144, #4521 ) ;
#517 = LINE ( 'NONE', #4866, #1862 ) ;
#518 = CIRCLE ( 'NONE', #4536, 2.000000000000001776 ) ;
#519 = LINE ( 'NONE', #2711, #6435 ) ;
#520 = EDGE_CURVE ( 'NONE', #4688, #1893, #6159, .T. ) ;
#521 = CARTESIAN_POINT ( 'NONE',  ( -51.50000000000000711, 2.000000000000000000, -10.00000000000000000 ) ) ;
#522 = ORIENTED_EDGE ( 'NONE', *, *, #1666, .T. ) ;
#523 = PLANE ( 'NONE',  #6662 ) ;
#524 = ORIENTED_EDGE ( 'NONE', *, *, #4088, .F. ) ;
#525 = ADVANCED_FACE ( 'NONE', ( #2737 ), #45, .F. ) ;
#526 = EDGE_CURVE ( 'NONE', #5776, #314, #4929, .T. ) ;
#527 = ORIENTED_EDGE ( 'NONE', *, *, #5582, .T. ) ;
#528 = CARTESIAN_POINT ( 'NONE',  ( -30.10000000000001563, 2.700000000000000178, -5.499999999999999112 ) ) ;
#529 = DIRECTION ( 'NONE',  ( -3.469446951953613696E-16, 0.000000000000000000, -1.000000000000000000 ) ) ;
#530 = DIRECTION ( 'NONE',  ( -0.000000000000000000, -1.000000000000000000, -0.000000000000000000 ) ) ;
#531 = EDGE_CURVE ( 'NONE', #4389, #5512, #5075, .T. ) ;
#532 = LINE ( 'NONE', #2179, #3384 ) ;
#533 = EDGE_LOOP ( 'NONE', ( #1357, #1719, #6973, #4315 ) ) ;
#534 = VERTEX_POINT ( 'NONE', #6122 ) ;
#535 = DIRECTION ( 'NONE',  ( -0.000000000000000000, -0.000000000000000000, -1.000000000000000000 ) ) ;
#536 = FACE_OUTER_BOUND ( 'NONE', #2609, .T. ) ;
#537 = EDGE_CURVE ( 'NONE', #4668, #4831, #2260, .T. ) ;
#538 = DIRECTION ( 'NONE',  ( -0.000000000000000000, -0.000000000000000000, 1.000000000000000000 ) ) ;
#539 = ADVANCED_FACE ( 'NONE', ( #545 ), #6594, .F. ) ;
#540 = CARTESIAN_POINT ( 'NONE',  ( 47.89999999999997016, 2.700000000000000178, -4.499999999999999112 ) ) ;
#541 = DIRECTION ( 'NONE',  ( -1.445602896647337684E-16, 0.000000000000000000, 1.000000000000000000 ) ) ;
#542 = ORIENTED_EDGE ( 'NONE', *, *, #7042, .T. ) ;
#543 = DIRECTION ( 'NONE',  ( -0.000000000000000000, -1.000000000000000000, -0.000000000000000000 ) ) ;
#544 = ORIENTED_EDGE ( 'NONE', *, *, #3785, .T. ) ;
#545 = FACE_OUTER_BOUND ( 'NONE', #2342, .T. ) ;
#546 = DIRECTION ( 'NONE',  ( -1.000000000000000000, 0.000000000000000000, -0.000000000000000000 ) ) ;
#547 = CARTESIAN_POINT ( 'NONE',  ( -6.100000000000021849, 2.700000000000000178, -5.499999999999999112 ) ) ;
#548 = CARTESIAN_POINT ( 'NONE',  ( -0.1000000000000167422, 2.700000000000000178, -5.499999999999999112 ) ) ;
#549 = EDGE_LOOP ( 'NONE', ( #4713, #135, #3506, #4572 ) ) ;
#550 = ORIENTED_EDGE ( 'NONE', *, *, #1226, .T. ) ;
#551 = CARTESIAN_POINT ( 'NONE',  ( 33.00000000000000000, 2.000000000000000000, 2.499999999999995115 ) ) ;
#552 = LINE ( 'NONE', #591, #3440 ) ;
#553 = CARTESIAN_POINT ( 'NONE',  ( 45.00000000000000000, 2.000000000000000000, 2.499999999999995115 ) ) ;
#554 = ORIENTED_EDGE ( 'NONE', *, *, #105, .F. ) ;
#555 = LINE ( 'NONE', #5555, #2282 ) ;
#556 = ORIENTED_EDGE ( 'NONE', *, *, #5945, .F. ) ;
#557 = VECTOR ( 'NONE', #871, 1000.000000000000000 ) ;
#558 = ORIENTED_EDGE ( 'NONE', *, *, #1488, .F. ) ;
#559 = LINE ( 'NONE', #6100, #6839 ) ;
#560 = CARTESIAN_POINT ( 'NONE',  ( -42.00000000000000000, 3.199999999999999734, -2.500000000000004441 ) ) ;
#561 = DIRECTION ( 'NONE',  ( 1.000000000000000000, -0.000000000000000000, 0.000000000000000000 ) ) ;
#562 = ADVANCED_FACE ( 'NONE', ( #3818 ), #5503, .F. ) ;
#563 = EDGE_CURVE ( 'NONE', #6454, #3108, #3886, .T. ) ;
#564 = EDGE_CURVE ( 'NONE', #4286, #5574, #5543, .T. ) ;
#565 = LINE ( 'NONE', #3333, #3619 ) ;
#566 = VECTOR ( 'NONE', #2002, 1000.000000000000000 ) ;
#567 = ORIENTED_EDGE ( 'NONE', *, *, #6106, .T. ) ;
#568 = VECTOR ( 'NONE', #3697, 1000.000000000000000 ) ;
#569 = EDGE_LOOP ( 'NONE', ( #733, #5013, #2153, #85 ) ) ;
#570 = DIRECTION ( 'NONE',  ( -0.000000000000000000, -1.000000000000000000, -0.000000000000000000 ) ) ;
#571 = EDGE_CURVE ( 'NONE', #1506, #3936, #2443, .T. ) ;
#572 = LINE ( 'NONE', #35, #5186 ) ;
#573 = AXIS2_PLACEMENT_3D ( 'NONE', #5125, #204, #4472 ) ;
#574 = CARTESIAN_POINT ( 'NONE',  ( 23.89999999999997726, 2.000000000000000000, -5.499999999999999112 ) ) ;
#575 = AXIS2_PLACEMENT_3D ( 'NONE', #2066, #5845, #921 ) ;
#576 = DIRECTION ( 'NONE',  ( -0.000000000000000000, -1.000000000000000000, -0.000000000000000000 ) ) ;
#577 = LINE ( 'NONE', #2770, #5969 ) ;
#578 = VERTEX_POINT ( 'NONE', #4640 ) ;
#579 = DIRECTION ( 'NONE',  ( 0.000000000000000000, -0.000000000000000000, -1.000000000000000000 ) ) ;
#580 = AXIS2_PLACEMENT_3D ( 'NONE', #1259, #6774, #5583 ) ;
#581 = VERTEX_POINT ( 'NONE', #6849 ) ;
#582 = EDGE_CURVE ( 'NONE', #2351, #6396, #4677, .T. ) ;
#583 = LINE ( 'NONE', #1079, #1867 ) ;
#584 = DIRECTION ( 'NONE',  ( -0.000000000000000000, -0.000000000000000000, -1.000000000000000000 ) ) ;
#585 = DIRECTION ( 'NONE',  ( -1.000000000000000000, -0.000000000000000000, -0.000000000000000000 ) ) ;
#586 = DIRECTION ( 'NONE',  ( 1.000000000000000000, -0.000000000000000000, 0.000000000000000000 ) ) ;
#587 = VERTEX_POINT ( 'NONE', #3992 ) ;
#588 = VECTOR ( 'NONE', #280, 1000.000000000000000 ) ;
#589 = ORIENTED_EDGE ( 'NONE', *, *, #5704, .T. ) ;
#590 = DIRECTION ( 'NONE',  ( -1.000000000000000000, 0.000000000000000000, -0.000000000000000000 ) ) ;
#591 = CARTESIAN_POINT ( 'NONE',  ( 46.50000000000000711, 0.000000000000000000, -12.00000000000000000 ) ) ;
#592 = AXIS2_PLACEMENT_3D ( 'NONE', #5442, #3754, #1633 ) ;
#593 = CARTESIAN_POINT ( 'NONE',  ( 27.00000000000001066, 2.000000000000000000, -2.500000000000004885 ) ) ;
#594 = ORIENTED_EDGE ( 'NONE', *, *, #6202, .F. ) ;
#595 = DIRECTION ( 'NONE',  ( -0.000000000000000000, -1.000000000000000000, -0.000000000000000000 ) ) ;
#596 = ORIENTED_EDGE ( 'NONE', *, *, #1848, .F. ) ;
#597 = ORIENTED_EDGE ( 'NONE', *, *, #6507, .T. ) ;
#598 = DIRECTION ( 'NONE',  ( -1.000000000000000000, 0.000000000000000000, 0.000000000000000000 ) ) ;
#599 = VECTOR ( 'NONE', #2841, 1000.000000000000000 ) ;
#600 = DIRECTION ( 'NONE',  ( 0.000000000000000000, 0.000000000000000000, -1.000000000000000000 ) ) ;
#601 = CARTESIAN_POINT ( 'NONE',  ( 9.099999999999983658, 2.700000000000000178, -4.499999999999999112 ) ) ;
#602 = CARTESIAN_POINT ( 'NONE',  ( -51.50000000000000711, 2.000000000000000000, 10.00000000000000000 ) ) ;
#603 = EDGE_CURVE ( 'NONE', #581, #952, #192, .T. ) ;
#604 = VECTOR ( 'NONE', #2514, 1000.000000000000000 ) ;
#605 = ORIENTED_EDGE ( 'NONE', *, *, #5288, .F. ) ;
#606 = ORIENTED_EDGE ( 'NONE', *, *, #4654, .T. ) ;
#607 =( LENGTH_UNIT ( ) NAMED_UNIT ( * ) SI_UNIT ( .MILLI., .METRE. ) );
#608 = EDGE_CURVE ( 'NONE', #816, #6573, #5759, .T. ) ;
#609 = CARTESIAN_POINT ( 'NONE',  ( -36.50000000000000711, 0.000000000000000000, -12.00000000000000355 ) ) ;
#610 = DIRECTION ( 'NONE',  ( 0.000000000000000000, 0.000000000000000000, -1.000000000000000000 ) ) ;
#611 = EDGE_CURVE ( 'NONE', #5316, #6986, #3019, .T. ) ;
#612 = FACE_OUTER_BOUND ( 'NONE', #1924, .T. ) ;
#613 = DIRECTION ( 'NONE',  ( 0.000000000000000000, 0.000000000000000000, 1.000000000000000000 ) ) ;
#614 = VERTEX_POINT ( 'NONE', #1944 ) ;
#615 = DIRECTION ( 'NONE',  ( -1.445602896647337684E-16, 0.000000000000000000, 1.000000000000000000 ) ) ;
#616 = EDGE_LOOP ( 'NONE', ( #6155, #6463, #6126, #4464 ) ) ;
#617 = ADVANCED_FACE ( 'NONE', ( #5221 ), #866, .F. ) ;
#618 = CARTESIAN_POINT ( 'NONE',  ( -53.50000000000000711, 4.000000000000000000, -10.00000000000000000 ) ) ;
#619 = CARTESIAN_POINT ( 'NONE',  ( -18.10000000000001918, 2.700000000000000178, -4.499999999999999112 ) ) ;
#620 = EDGE_CURVE ( 'NONE', #248, #3222, #2479, .T. ) ;
#621 = CARTESIAN_POINT ( 'NONE',  ( -14.90000000000001101, 2.000000000000000000, -4.499999999999999112 ) ) ;
#622 = CARTESIAN_POINT ( 'NONE',  ( 27.00000000000001066, 3.199999999999999734, -2.500000000000004885 ) ) ;
#623 = AXIS2_PLACEMENT_3D ( 'NONE', #4125, #2075, #5351 ) ;
#624 = ORIENTED_EDGE ( 'NONE', *, *, #3418, .F. ) ;
#625 = ORIENTED_EDGE ( 'NONE', *, *, #1932, .T. ) ;
#626 = CARTESIAN_POINT ( 'NONE',  ( 0.000000000000000000, 2.000000000000000000, 2.499999999999996003 ) ) ;
#627 = CARTESIAN_POINT ( 'NONE',  ( -24.10000000000000853, 2.000000000000000000, -4.499999999999999112 ) ) ;
#628 = VECTOR ( 'NONE', #1787, 1000.000000000000000 ) ;
#629 = EDGE_CURVE ( 'NONE', #322, #5833, #4137, .T. ) ;
#630 = CARTESIAN_POINT ( 'NONE',  ( 35.89999999999998437, 2.700000000000000178, -5.499999999999999112 ) ) ;
#631 = ORIENTED_EDGE ( 'NONE', *, *, #5805, .T. ) ;
#632 = DIRECTION ( 'NONE',  ( 1.000000000000000000, 0.000000000000000000, -0.000000000000000000 ) ) ;
#633 = EDGE_CURVE ( 'NONE', #5160, #5600, #259, .T. ) ;
#634 = ORIENTED_EDGE ( 'NONE', *, *, #2246, .F. ) ;
#635 = VECTOR ( 'NONE', #2309, 1000.000000000000000 ) ;
#636 = EDGE_LOOP ( 'NONE', ( #6022, #1746, #5031, #2484 ) ) ;
#637 = DIRECTION ( 'NONE',  ( -3.469446951953613696E-16, 0.000000000000000000, 1.000000000000000000 ) ) ;
#638 = EDGE_CURVE ( 'NONE', #5778, #1693, #5653, .T. ) ;
#639 = DIRECTION ( 'NONE',  ( -1.000000000000000000, -0.000000000000000000, -1.445602896647344340E-16 ) ) ;
#640 = DIRECTION ( 'NONE',  ( 0.000000000000000000, 0.000000000000000000, 1.000000000000000000 ) ) ;
#641 = VECTOR ( 'NONE', #5048, 1000.000000000000000 ) ;
#642 = PLANE ( 'NONE',  #1663 ) ;
#643 = VERTEX_POINT ( 'NONE', #2334 ) ;
#644 = ORIENTED_EDGE ( 'NONE', *, *, #1406, .F. ) ;
#645 = PLANE ( 'NONE',  #4519 ) ;
#646 = DIRECTION ( 'NONE',  ( 1.000000000000000000, 0.000000000000000000, 3.469446951953613696E-16 ) ) ;
#647 = FACE_OUTER_BOUND ( 'NONE', #456, .T. ) ;
#648 = ORIENTED_EDGE ( 'NONE', *, *, #3242, .T. ) ;
#649 = DIRECTION ( 'NONE',  ( -0.000000000000000000, -1.000000000000000000, -0.000000000000000000 ) ) ;
#650 = ADVANCED_FACE ( 'NONE', ( #4604 ), #5795, .F. ) ;
#651 = ORIENTED_EDGE ( 'NONE', *, *, #1399, .F. ) ;
#652 = CARTESIAN_POINT ( 'NONE',  ( 23.99999999999999289, 3.199999999999999734, 2.499999999999996003 ) ) ;
#653 = ORIENTED_EDGE ( 'NONE', *, *, #5619, .F. ) ;
#654 = CARTESIAN_POINT ( 'NONE',  ( 11.89999999999998082, 2.700000000000000178, -5.499999999999999112 ) ) ;
#655 = CARTESIAN_POINT ( 'NONE',  ( -14.90000000000001101, 2.700000000000000178, -5.499999999999999112 ) ) ;
#656 = EDGE_CURVE ( 'NONE', #5899, #4474, #5183, .T. ) ;
#657 = ADVANCED_FACE ( 'NONE', ( #1837 ), #3487, .F. ) ;
#658 = DIRECTION ( 'NONE',  ( 1.000000000000000000, -0.000000000000000000, 0.000000000000000000 ) ) ;
#659 = EDGE_CURVE ( 'NONE', #3222, #2373, #728, .T. ) ;
#660 = CARTESIAN_POINT ( 'NONE',  ( 46.50000000000000711, 0.000000000000000000, -12.00000000000000000 ) ) ;
#661 = ORIENTED_EDGE ( 'NONE', *, *, #4136, .F. ) ;
#662 = ORIENTED_EDGE ( 'NONE', *, *, #3347, .F. ) ;
#663 = ADVANCED_FACE ( 'NONE', ( #3454 ), #2912, .F. ) ;
#664 = CARTESIAN_POINT ( 'NONE',  ( 39.99999999999997868, 2.700000000000000178, 7.399999999999998579 ) ) ;
#665 = CARTESIAN_POINT ( 'NONE',  ( -44.90000000000001279, 2.000000000000000000, -5.499999999999999112 ) ) ;
#666 = CARTESIAN_POINT ( 'NONE',  ( -51.50000000000000711, 2.000000000000000000, -10.00000000000000000 ) ) ;
#667 = ORIENTED_EDGE ( 'NONE', *, *, #2981, .F. ) ;
#668 = CARTESIAN_POINT ( 'NONE',  ( -6.100000000000021849, 2.000000000000000000, -5.499999999999999112 ) ) ;
#669 = ORIENTED_EDGE ( 'NONE', *, *, #1805, .F. ) ;
#670 = ORIENTED_EDGE ( 'NONE', *, *, #915, .F. ) ;
#671 = VERTEX_POINT ( 'NONE', #4066 ) ;
#672 = EDGE_CURVE ( 'NONE', #2320, #4234, #6266, .T. ) ;
#673 = DIRECTION ( 'NONE',  ( -1.000000000000000000, 0.000000000000000000, 0.000000000000000000 ) ) ;
#674 = CARTESIAN_POINT ( 'NONE',  ( -20.90000000000001634, 2.000000000000000000, -5.499999999999999112 ) ) ;
#675 = FACE_BOUND ( 'NONE', #4665, .T. ) ;
#676 = ORIENTED_EDGE ( 'NONE', *, *, #7002, .F. ) ;
#677 = AXIS2_PLACEMENT_3D ( 'NONE', #2375, #4462, #1735 ) ;
#678 = ORIENTED_EDGE ( 'NONE', *, *, #2717, .T. ) ;
#679 = CARTESIAN_POINT ( 'NONE',  ( -33.00000000000001421, 2.000000000000000000, 7.399999999999998579 ) ) ;
#680 = FACE_OUTER_BOUND ( 'NONE', #2693, .T. ) ;
#681 = LINE ( 'NONE', #252, #5649 ) ;
#682 = PLANE ( 'NONE',  #2975 ) ;
#683 = VECTOR ( 'NONE', #4639, 1000.000000000000000 ) ;
#684 = AXIS2_PLACEMENT_3D ( 'NONE', #4443, #3840, #640 ) ;
#685 = DIRECTION ( 'NONE',  ( -1.000000000000000000, -0.000000000000000000, -0.000000000000000000 ) ) ;
#686 = ORIENTED_EDGE ( 'NONE', *, *, #4126, .F. ) ;
#687 = CARTESIAN_POINT ( 'NONE',  ( 29.89999999999998082, 2.700000000000000178, -5.499999999999999112 ) ) ;
#688 = ORIENTED_EDGE ( 'NONE', *, *, #1710, .T. ) ;
#689 = LINE ( 'NONE', #220, #4693 ) ;
#690 = CIRCLE ( 'NONE', #4009, 2.000000000000001776 ) ;
#691 = DIRECTION ( 'NONE',  ( 1.000000000000000000, 0.000000000000000000, -0.000000000000000000 ) ) ;
#692 = VECTOR ( 'NONE', #4325, 1000.000000000000000 ) ;
#693 = LINE ( 'NONE', #6192, #1958 ) ;
#694 = AXIS2_PLACEMENT_3D ( 'NONE', #4509, #6714, #1817 ) ;
#695 = CARTESIAN_POINT ( 'NONE',  ( 46.50000000000000711, 0.000000000000000000, 10.00000000000000000 ) ) ;
#696 = VECTOR ( 'NONE', #1198, 1000.000000000000000 ) ;
#697 = CARTESIAN_POINT ( 'NONE',  ( 46.50000000000000000, 0.000000000000000000, -10.00000000000000000 ) ) ;
#698 = ORIENTED_EDGE ( 'NONE', *, *, #6641, .F. ) ;
#699 = EDGE_LOOP ( 'NONE', ( #1655, #1592, #4738, #3826 ) ) ;
#700 = EDGE_CURVE ( 'NONE', #446, #643, #2982, .T. ) ;
#701 = CARTESIAN_POINT ( 'NONE',  ( 46.50000000000000711, 4.000000000000000000, -12.00000000000000000 ) ) ;
#702 = ADVANCED_FACE ( 'NONE', ( #1509 ), #2659, .F. ) ;
#703 = EDGE_CURVE ( 'NONE', #6254, #1942, #31, .T. ) ;
#704 = LINE ( 'NONE', #4543, #6557 ) ;
#705 = LINE ( 'NONE', #771, #641 ) ;
#706 = EDGE_CURVE ( 'NONE', #1619, #1799, #2045, .T. ) ;
#707 = ORIENTED_EDGE ( 'NONE', *, *, #1052, .F. ) ;
#708 = LINE ( 'NONE', #1202, #5294 ) ;
#709 = ORIENTED_EDGE ( 'NONE', *, *, #2374, .F. ) ;
#710 = ORIENTED_EDGE ( 'NONE', *, *, #4452, .F. ) ;
#711 = FACE_OUTER_BOUND ( 'NONE', #3468, .T. ) ;
#712 = LINE ( 'NONE', #2898, #121 ) ;
#713 = VECTOR ( 'NONE', #6042, 1000.000000000000000 ) ;
#714 = DIRECTION ( 'NONE',  ( 0.000000000000000000, -0.000000000000000000, -1.000000000000000000 ) ) ;
#715 = EDGE_CURVE ( 'NONE', #68, #4347, #6988, .T. ) ;
#716 = VERTEX_POINT ( 'NONE', #2588 ) ;
#717 = ORIENTED_EDGE ( 'NONE', *, *, #659, .F. ) ;
#718 = CARTESIAN_POINT ( 'NONE',  ( 0.000000000000000000, 0.000000000000000000, 0.000000000000000000 ) ) ;
#719 = AXIS2_PLACEMENT_3D ( 'NONE', #3792, #5989, #1053 ) ;
#720 = CARTESIAN_POINT ( 'NONE',  ( -33.00000000000000000, 2.000000000000000000, 2.499999999999995115 ) ) ;
#721 = PLANE ( 'NONE',  #3231 ) ;
#722 = PLANE ( 'NONE',  #6316 ) ;
#723 = CIRCLE ( 'NONE', #4051, 2.000000000000000000 ) ;
#724 = LINE ( 'NONE', #1795, #5681 ) ;
#725 = EDGE_LOOP ( 'NONE', ( #4298, #2203, #5152, #6825 ) ) ;
#726 = ORIENTED_EDGE ( 'NONE', *, *, #1590, .F. ) ;
#727 = FACE_OUTER_BOUND ( 'NONE', #5822, .T. ) ;
#728 = LINE ( 'NONE', #5719, #4271 ) ;
#729 = DIRECTION ( 'NONE',  ( -1.000000000000000000, 0.000000000000000000, 0.000000000000000000 ) ) ;
#730 = CARTESIAN_POINT ( 'NONE',  ( 16.50000000000000355, 4.000000000000000000, 10.00000000000000000 ) ) ;
#731 = VERTEX_POINT ( 'NONE', #3094 ) ;
#732 = DIRECTION ( 'NONE',  ( 0.000000000000000000, 0.000000000000000000, 1.000000000000000000 ) ) ;
#733 = ORIENTED_EDGE ( 'NONE', *, *, #6826, .T. ) ;
#734 = VERTEX_POINT ( 'NONE', #4275 ) ;
#735 = DIRECTION ( 'NONE',  ( -0.000000000000000000, -0.000000000000000000, 1.000000000000000000 ) ) ;
#736 = PLANE ( 'NONE',  #4827 ) ;
#737 = PLANE ( 'NONE',  #3387 ) ;
#738 = VERTEX_POINT ( 'NONE', #6475 ) ;
#739 = CARTESIAN_POINT ( 'NONE',  ( 10.99999999999998224, 2.700000000000000178, 7.399999999999998579 ) ) ;
#740 = ORIENTED_EDGE ( 'NONE', *, *, #4387, .F. ) ;
#741 = ORIENTED_EDGE ( 'NONE', *, *, #3467, .F. ) ;
#742 = FACE_OUTER_BOUND ( 'NONE', #346, .T. ) ;
#743 = AXIS2_PLACEMENT_3D ( 'NONE', #6807, #3483, #4636 ) ;
#744 = LINE ( 'NONE', #6216, #4478 ) ;
#745 = FACE_BOUND ( 'NONE', #354, .T. ) ;
#746 = EDGE_LOOP ( 'NONE', ( #2095, #2616, #2700, #2074 ) ) ;
#747 = ADVANCED_FACE ( 'NONE', ( #5935 ), #5968, .F. ) ;
#748 = VECTOR ( 'NONE', #5021, 1000.000000000000000 ) ;
#749 = EDGE_CURVE ( 'NONE', #810, #1981, #971, .T. ) ;
#750 = ORIENTED_EDGE ( 'NONE', *, *, #1688, .F. ) ;
#751 = DIRECTION ( 'NONE',  ( 0.000000000000000000, -1.000000000000000000, 0.000000000000000000 ) ) ;
#752 = ADVANCED_FACE ( 'NONE', ( #5359 ), #4783, .F. ) ;
#753 = LINE ( 'NONE', #2938, #6103 ) ;
#754 = EDGE_CURVE ( 'NONE', #1068, #498, #1544, .T. ) ;
#755 = DIRECTION ( 'NONE',  ( -0.000000000000000000, -0.000000000000000000, -1.000000000000000000 ) ) ;
#756 = VECTOR ( 'NONE', #3679, 1000.000000000000000 ) ;
#757 = LINE ( 'NONE', #150, #172 ) ;
#758 = ORIENTED_EDGE ( 'NONE', *, *, #5758, .F. ) ;
#759 = EDGE_LOOP ( 'NONE', ( #7011, #4162, #320, #6895 ) ) ;
#760 = LINE ( 'NONE', #652, #5612 ) ;
#761 = EDGE_CURVE ( 'NONE', #1462, #2576, #467, .T. ) ;
#762 = DIRECTION ( 'NONE',  ( -1.000000000000000000, 0.000000000000000000, -0.000000000000000000 ) ) ;
#763 = ADVANCED_FACE ( 'NONE', ( #6440 ), #5902, .F. ) ;
#764 = CARTESIAN_POINT ( 'NONE',  ( -12.00000000000001066, 2.700000000000000178, 4.599999999999998757 ) ) ;
#765 = DIRECTION ( 'NONE',  ( 0.000000000000000000, 0.000000000000000000, 1.000000000000000000 ) ) ;
#766 = DIRECTION ( 'NONE',  ( -0.000000000000000000, -1.000000000000000000, -0.000000000000000000 ) ) ;
#767 = VERTEX_POINT ( 'NONE', #6513 ) ;
#768 = CARTESIAN_POINT ( 'NONE',  ( -12.00000000000000355, 3.199999999999999734, -2.500000000000004441 ) ) ;
#769 = LINE ( 'NONE', #6673, #4156 ) ;
#770 = LINE ( 'NONE', #665, #5867 ) ;
#771 = CARTESIAN_POINT ( 'NONE',  ( 39.09999999999998010, 2.700000000000000178, -5.499999999999999112 ) ) ;
#772 = ORIENTED_EDGE ( 'NONE', *, *, #1530, .T. ) ;
#773 = FACE_OUTER_BOUND ( 'NONE', #6721, .T. ) ;
#774 = ORIENTED_EDGE ( 'NONE', *, *, #3198, .F. ) ;
#775 = ORIENTED_EDGE ( 'NONE', *, *, #1284, .T. ) ;
#776 = LINE ( 'NONE', #6137, #5769 ) ;
#777 = LINE ( 'NONE', #1896, #4138 ) ;
#778 = FACE_BOUND ( 'NONE', #4463, .T. ) ;
#779 = ORIENTED_EDGE ( 'NONE', *, *, #1840, .F. ) ;
#780 = ORIENTED_EDGE ( 'NONE', *, *, #405, .F. ) ;
#781 = VERTEX_POINT ( 'NONE', #1579 ) ;
#782 = PLANE ( 'NONE',  #5337 ) ;
#783 = DIRECTION ( 'NONE',  ( 2.891205793294675368E-16, 0.000000000000000000, -1.000000000000000000 ) ) ;
#784 = LINE ( 'NONE', #1794, #1718 ) ;
#785 = EDGE_CURVE ( 'NONE', #1086, #1673, #4625, .T. ) ;
#786 = EDGE_CURVE ( 'NONE', #5276, #5783, #940, .T. ) ;
#787 = EDGE_CURVE ( 'NONE', #5095, #1394, #2014, .T. ) ;
#788 = DIRECTION ( 'NONE',  ( -0.000000000000000000, -1.000000000000000000, -0.000000000000000000 ) ) ;
#789 = VERTEX_POINT ( 'NONE', #1985 ) ;
#790 = EDGE_CURVE ( 'NONE', #6090, #382, #4171, .T. ) ;
#791 = ORIENTED_EDGE ( 'NONE', *, *, #1311, .F. ) ;
#792 = CARTESIAN_POINT ( 'NONE',  ( 3.099999999999991651, 2.700000000000000178, -4.499999999999999112 ) ) ;
#793 = CARTESIAN_POINT ( 'NONE',  ( -45.00000000000000711, 3.199999999999999734, -2.500000000000004885 ) ) ;
#794 = VECTOR ( 'NONE', #5298, 1000.000000000000000 ) ;
#795 = DIRECTION ( 'NONE',  ( -1.000000000000000000, 0.000000000000000000, -0.000000000000000000 ) ) ;
#796 = LINE ( 'NONE', #3060, #5577 ) ;
#797 = VECTOR ( 'NONE', #6907, 1000.000000000000000 ) ;
#798 = ADVANCED_FACE ( 'NONE', ( #369 ), #5830, .F. ) ;
#799 = CARTESIAN_POINT ( 'NONE',  ( -2.900000000000013678, 2.700000000000000178, -5.499999999999999112 ) ) ;
#800 = VECTOR ( 'NONE', #6763, 1000.000000000000000 ) ;
#801 = VERTEX_POINT ( 'NONE', #2184 ) ;
#802 = CARTESIAN_POINT ( 'NONE',  ( -12.10000000000001386, 2.000000000000000000, -4.499999999999999112 ) ) ;
#803 = LINE ( 'NONE', #377, #6450 ) ;
#804 = VECTOR ( 'NONE', #3255, 1000.000000000000000 ) ;
#805 = DIRECTION ( 'NONE',  ( -1.000000000000000000, -0.000000000000000000, -0.000000000000000000 ) ) ;
#806 = VECTOR ( 'NONE', #530, 1000.000000000000000 ) ;
#807 = CARTESIAN_POINT ( 'NONE',  ( -32.90000000000001279, 2.700000000000000178, -4.499999999999999112 ) ) ;
#808 = EDGE_LOOP ( 'NONE', ( #4511, #5015, #284, #166 ) ) ;
#809 = CARTESIAN_POINT ( 'NONE',  ( 8.999999999999994671, 2.000000000000000000, 2.499999999999995115 ) ) ;
#810 = VERTEX_POINT ( 'NONE', #3338 ) ;
#811 = ORIENTED_EDGE ( 'NONE', *, *, #4343, .F. ) ;
#812 = AXIS2_PLACEMENT_3D ( 'NONE', #4506, #4617, #4074 ) ;
#813 = CARTESIAN_POINT ( 'NONE',  ( -37.00000000000002132, 2.000000000000000000, 4.599999999999998757 ) ) ;
#814 = CARTESIAN_POINT ( 'NONE',  ( -26.90000000000000568, 2.700000000000000178, -4.499999999999999112 ) ) ;
#815 = FACE_BOUND ( 'NONE', #3710, .T. ) ;
#816 = VERTEX_POINT ( 'NONE', #2289 ) ;
#817 = CARTESIAN_POINT ( 'NONE',  ( -15.00000000000000711, 2.000000000000000000, -2.500000000000004885 ) ) ;
#818 = ORIENTED_EDGE ( 'NONE', *, *, #2321, .T. ) ;
#819 = EDGE_LOOP ( 'NONE', ( #4638, #3869, #4190, #6296 ) ) ;
#820 = LINE ( 'NONE', #6257, #2692 ) ;
#821 = AXIS2_PLACEMENT_3D ( 'NONE', #63, #529, #4442 ) ;
#822 = DIRECTION ( 'NONE',  ( 0.000000000000000000, -0.000000000000000000, -1.000000000000000000 ) ) ;
#823 = CARTESIAN_POINT ( 'NONE',  ( -36.00000000000002132, 2.700000000000000178, 4.599999999999998757 ) ) ;
#824 = CARTESIAN_POINT ( 'NONE',  ( 33.00000000000000000, 3.199999999999999734, 2.499999999999995115 ) ) ;
#825 = VECTOR ( 'NONE', #6024, 1000.000000000000000 ) ;
#826 = VERTEX_POINT ( 'NONE', #7094 ) ;
#827 = VERTEX_POINT ( 'NONE', #5531 ) ;
#828 = CARTESIAN_POINT ( 'NONE',  ( 34.99999999999997868, 2.000000000000000000, 4.599999999999998757 ) ) ;
#829 = EDGE_CURVE ( 'NONE', #4377, #6573, #6655, .T. ) ;
#830 = EDGE_CURVE ( 'NONE', #3796, #168, #4449, .T. ) ;
#831 = CARTESIAN_POINT ( 'NONE',  ( 29.89999999999998082, 2.700000000000000178, -4.499999999999999112 ) ) ;
#832 = VECTOR ( 'NONE', #4204, 1000.000000000000000 ) ;
#833 = EDGE_CURVE ( 'NONE', #2902, #3588, #501, .T. ) ;
#834 = PLANE ( 'NONE',  #6916 ) ;
#835 = DIRECTION ( 'NONE',  ( -0.000000000000000000, -0.000000000000000000, 1.000000000000000000 ) ) ;
#836 = CARTESIAN_POINT ( 'NONE',  ( 26.50000000000001066, 2.000000000000000000, 10.00000000000000000 ) ) ;
#837 = VERTEX_POINT ( 'NONE', #2150 ) ;
#838 = DIRECTION ( 'NONE',  ( 1.000000000000000000, -0.000000000000000000, 0.000000000000000000 ) ) ;
#839 = DIRECTION ( 'NONE',  ( 1.000000000000000000, -0.000000000000000000, 2.891205793294688680E-16 ) ) ;
#840 = EDGE_CURVE ( 'NONE', #1953, #44, #4489, .T. ) ;
#841 = FACE_OUTER_BOUND ( 'NONE', #2037, .T. ) ;
#842 = LINE ( 'NONE', #3034, #4081 ) ;
#843 = EDGE_LOOP ( 'NONE', ( #6366, #4899, #5592, #5212 ) ) ;
#844 = CARTESIAN_POINT ( 'NONE',  ( 2.999999999999995559, 3.199999999999999734, -2.500000000000004885 ) ) ;
#845 = EDGE_LOOP ( 'NONE', ( #219, #3932, #5666, #2816 ) ) ;
#846 = ORIENTED_EDGE ( 'NONE', *, *, #2951, .T. ) ;
#847 = CARTESIAN_POINT ( 'NONE',  ( 17.99999999999998934, 3.199999999999999734, 2.499999999999996003 ) ) ;
#848 = AXIS2_PLACEMENT_3D ( 'NONE', #1790, #1176, #1213 ) ;
#849 = EDGE_CURVE ( 'NONE', #5291, #6039, #2763, .T. ) ;
#850 = CARTESIAN_POINT ( 'NONE',  ( -15.00000000000000711, 2.000000000000000000, -2.500000000000004885 ) ) ;
#851 = DIRECTION ( 'NONE',  ( 0.000000000000000000, 0.000000000000000000, 1.000000000000000000 ) ) ;
#852 = VERTEX_POINT ( 'NONE', #70 ) ;
#853 = FACE_OUTER_BOUND ( 'NONE', #2100, .T. ) ;
#854 = VERTEX_POINT ( 'NONE', #1721 ) ;
#855 = DIRECTION ( 'NONE',  ( 1.000000000000000000, 0.000000000000000000, 0.000000000000000000 ) ) ;
#856 = VECTOR ( 'NONE', #6325, 1000.000000000000000 ) ;
#857 = VERTEX_POINT ( 'NONE', #5463 ) ;
#858 = FACE_OUTER_BOUND ( 'NONE', #3545, .T. ) ;
#859 = DIRECTION ( 'NONE',  ( 0.000000000000000000, 0.000000000000000000, 1.000000000000000000 ) ) ;
#860 = FACE_OUTER_BOUND ( 'NONE', #2838, .T. ) ;
#861 = VECTOR ( 'NONE', #4663, 1000.000000000000000 ) ;
#862 = FACE_OUTER_BOUND ( 'NONE', #22, .T. ) ;
#863 = ORIENTED_EDGE ( 'NONE', *, *, #7042, .F. ) ;
#864 = ORIENTED_EDGE ( 'NONE', *, *, #2599, .F. ) ;
#865 = LINE ( 'NONE', #792, #6540 ) ;
#866 = PLANE ( 'NONE',  #2896 ) ;
#867 = VECTOR ( 'NONE', #3245, 1000.000000000000000 ) ;
#868 = LINE ( 'NONE', #4059, #4721 ) ;
#869 = DIRECTION ( 'NONE',  ( -1.000000000000000000, 0.000000000000000000, 0.000000000000000000 ) ) ;
#870 = EDGE_LOOP ( 'NONE', ( #6295, #5144, #4850, #6866 ) ) ;
#871 = DIRECTION ( 'NONE',  ( -0.000000000000000000, -0.000000000000000000, -1.000000000000000000 ) ) ;
#872 = ORIENTED_EDGE ( 'NONE', *, *, #6926, .T. ) ;
#873 = DIRECTION ( 'NONE',  ( 1.000000000000000000, -0.000000000000000000, -0.000000000000000000 ) ) ;
#874 = CARTESIAN_POINT ( 'NONE',  ( 47.99999999999998579, 3.199999999999999734, 2.499999999999996003 ) ) ;
#875 = PLANE ( 'NONE',  #2758 ) ;
#876 = ADVANCED_FACE ( 'NONE', ( #536 ), #3300, .F. ) ;
#877 = EDGE_CURVE ( 'NONE', #5567, #3275, #3267, .T. ) ;
#878 = CARTESIAN_POINT ( 'NONE',  ( 45.09999999999997300, 2.000000000000000000, -5.499999999999999112 ) ) ;
#879 = ORIENTED_EDGE ( 'NONE', *, *, #5140, .F. ) ;
#880 = LINE ( 'NONE', #3070, #1956 ) ;
#881 = ADVANCED_FACE ( 'NONE', ( #5427 ), #4992, .F. ) ;
#882 = ORIENTED_EDGE ( 'NONE', *, *, #2856, .T. ) ;
#883 = EDGE_LOOP ( 'NONE', ( #1345, #4402, #455, #2440 ) ) ;
#884 = LINE ( 'NONE', #3178, #5076 ) ;
#885 = FACE_OUTER_BOUND ( 'NONE', #2043, .T. ) ;
#886 = ORIENTED_EDGE ( 'NONE', *, *, #4173, .T. ) ;
#887 = LINE ( 'NONE', #3653, #4994 ) ;
#888 = EDGE_LOOP ( 'NONE', ( #596, #3259, #2656, #669 ) ) ;
#889 = LINE ( 'NONE', #3184, #5851 ) ;
#890 = ADVANCED_FACE ( 'NONE', ( #3373 ), #2253, .F. ) ;
#891 = EDGE_LOOP ( 'NONE', ( #4233, #1602, #5484, #3702 ) ) ;
#892 = ORIENTED_EDGE ( 'NONE', *, *, #6470, .T. ) ;
#893 = DIRECTION ( 'NONE',  ( 0.000000000000000000, 0.000000000000000000, 1.000000000000000000 ) ) ;
#894 = CARTESIAN_POINT ( 'NONE',  ( -24.10000000000000853, 2.700000000000000178, -5.499999999999999112 ) ) ;
#895 = DIRECTION ( 'NONE',  ( 1.000000000000000000, -0.000000000000000000, 2.891205793294675861E-16 ) ) ;
#896 = CARTESIAN_POINT ( 'NONE',  ( 39.99999999999997868, 2.000000000000000000, 4.599999999999998757 ) ) ;
#897 = ORIENTED_EDGE ( 'NONE', *, *, #3827, .T. ) ;
#898 = VERTEX_POINT ( 'NONE', #3809 ) ;
#899 = CARTESIAN_POINT ( 'NONE',  ( -27.00000000000000355, 3.199999999999999734, -2.500000000000004885 ) ) ;
#900 = DIRECTION ( 'NONE',  ( 1.000000000000000000, -0.000000000000000000, 0.000000000000000000 ) ) ;
#901 = DIRECTION ( 'NONE',  ( 1.000000000000000000, 0.000000000000000000, -0.000000000000000000 ) ) ;
#902 = EDGE_CURVE ( 'NONE', #2836, #614, #6694, .T. ) ;
#903 = CARTESIAN_POINT ( 'NONE',  ( -12.10000000000001386, 2.700000000000000178, -4.499999999999999112 ) ) ;
#904 = VECTOR ( 'NONE', #543, 1000.000000000000000 ) ;
#905 = ORIENTED_EDGE ( 'NONE', *, *, #3827, .F. ) ;
#906 = DIRECTION ( 'NONE',  ( -1.000000000000000000, -0.000000000000000000, 3.469446951953613696E-16 ) ) ;
#907 = CARTESIAN_POINT ( 'NONE',  ( 45.09999999999997300, 2.700000000000000178, -5.499999999999999112 ) ) ;
#908 = CARTESIAN_POINT ( 'NONE',  ( 38.99999999999997868, 2.700000000000000178, 7.399999999999998579 ) ) ;
#909 = AXIS2_PLACEMENT_3D ( 'NONE', #1146, #6321, #3543 ) ;
#910 = CARTESIAN_POINT ( 'NONE',  ( 17.99999999999998934, 3.199999999999999734, 2.499999999999996003 ) ) ;
#911 = VECTOR ( 'NONE', #4490, 1000.000000000000000 ) ;
#912 = DIRECTION ( 'NONE',  ( -1.000000000000000000, 0.000000000000000000, -3.469446951953613696E-16 ) ) ;
#913 = ORIENTED_EDGE ( 'NONE', *, *, #3866, .F. ) ;
#914 = EDGE_CURVE ( 'NONE', #6090, #1267, #5569, .T. ) ;
#915 = EDGE_CURVE ( 'NONE', #898, #2895, #572, .T. ) ;
#916 = VERTEX_POINT ( 'NONE', #1106 ) ;
#917 = ADVANCED_FACE ( 'NONE', ( #3948 ), #7124, .F. ) ;
#918 = VECTOR ( 'NONE', #6699, 1000.000000000000000 ) ;
#919 = CARTESIAN_POINT ( 'NONE',  ( 11.99999999999999645, 2.000000000000000000, -2.500000000000004441 ) ) ;
#920 = VECTOR ( 'NONE', #5488, 1000.000000000000000 ) ;
#921 = DIRECTION ( 'NONE',  ( 0.000000000000000000, -0.000000000000000000, -1.000000000000000000 ) ) ;
#922 = ORIENTED_EDGE ( 'NONE', *, *, #42, .T. ) ;
#923 = EDGE_CURVE ( 'NONE', #837, #203, #6007, .T. ) ;
#924 = DIRECTION ( 'NONE',  ( 0.000000000000000000, -1.000000000000000000, 0.000000000000000000 ) ) ;
#925 = ORIENTED_EDGE ( 'NONE', *, *, #6512, .T. ) ;
#926 = CARTESIAN_POINT ( 'NONE',  ( -44.90000000000001279, 2.700000000000000178, -5.499999999999999112 ) ) ;
#927 = AXIS2_PLACEMENT_3D ( 'NONE', #3277, #5471, #546 ) ;
#928 = ORIENTED_EDGE ( 'NONE', *, *, #2054, .T. ) ;
#929 = ORIENTED_EDGE ( 'NONE', *, *, #1886, .F. ) ;
#930 = CARTESIAN_POINT ( 'NONE',  ( -42.00000000000000000, 2.000000000000000000, -2.500000000000004441 ) ) ;
#931 = CARTESIAN_POINT ( 'NONE',  ( 0.000000000000000000, 2.700000000000000178, 0.000000000000000000 ) ) ;
#932 = PLANE ( 'NONE',  #1374 ) ;
#933 = EDGE_CURVE ( 'NONE', #5474, #2338, #2219, .T. ) ;
#934 = VECTOR ( 'NONE', #6514, 1000.000000000000000 ) ;
#935 = CARTESIAN_POINT ( 'NONE',  ( 30.00000000000000000, 3.199999999999999734, -2.500000000000004441 ) ) ;
#936 = ORIENTED_EDGE ( 'NONE', *, *, #6604, .T. ) ;
#937 = ORIENTED_EDGE ( 'NONE', *, *, #5480, .F. ) ;
#938 = DIRECTION ( 'NONE',  ( -1.000000000000000000, -0.000000000000000000, -0.000000000000000000 ) ) ;
#939 = VECTOR ( 'NONE', #5455, 1000.000000000000000 ) ;
#940 = LINE ( 'NONE', #332, #604 ) ;
#941 = PLANE ( 'NONE',  #6549 ) ;
#942 = CARTESIAN_POINT ( 'NONE',  ( 46.50000000000000711, 4.000000000000000000, 12.00000000000000000 ) ) ;
#943 = ORIENTED_EDGE ( 'NONE', *, *, #5805, .F. ) ;
#944 = AXIS2_PLACEMENT_3D ( 'NONE', #2619, #3164, #4754 ) ;
#945 = CARTESIAN_POINT ( 'NONE',  ( -2.900000000000013678, 2.700000000000000178, -5.499999999999999112 ) ) ;
#946 = CARTESIAN_POINT ( 'NONE',  ( -24.00000000000000000, 2.000000000000000000, 2.499999999999996003 ) ) ;
#947 = CARTESIAN_POINT ( 'NONE',  ( 0.000000000000000000, 2.700000000000000178, 0.000000000000000000 ) ) ;
#948 = VECTOR ( 'NONE', #4458, 1000.000000000000000 ) ;
#949 = DIRECTION ( 'NONE',  ( 2.891205793294688680E-16, 0.000000000000000000, -1.000000000000000000 ) ) ;
#950 = LINE ( 'NONE', #4794, #4473 ) ;
#951 = VERTEX_POINT ( 'NONE', #1870 ) ;
#952 = VERTEX_POINT ( 'NONE', #146 ) ;
#953 = DIRECTION ( 'NONE',  ( 1.000000000000000000, -0.000000000000000000, -0.000000000000000000 ) ) ;
#954 = CARTESIAN_POINT ( 'NONE',  ( 33.09999999999998721, 2.700000000000000178, -5.499999999999999112 ) ) ;
#955 = ORIENTED_EDGE ( 'NONE', *, *, #7080, .T. ) ;
#956 = LINE ( 'NONE', #5345, #2347 ) ;
#957 = ORIENTED_EDGE ( 'NONE', *, *, #6918, .T. ) ;
#958 = CARTESIAN_POINT ( 'NONE',  ( 53.50000000000000711, 4.000000000000000000, -10.00000000000000000 ) ) ;
#959 = ORIENTED_EDGE ( 'NONE', *, *, #1725, .T. ) ;
#960 = ORIENTED_EDGE ( 'NONE', *, *, #5903, .F. ) ;
#961 = PLANE ( 'NONE',  #6718 ) ;
#962 = LINE ( 'NONE', #4845, #2768 ) ;
#963 = DIRECTION ( 'NONE',  ( -1.000000000000000000, 0.000000000000000000, 0.000000000000000000 ) ) ;
#964 = EDGE_CURVE ( 'NONE', #2103, #2351, #5174, .T. ) ;
#965 = ADVANCED_FACE ( 'NONE', ( #1828 ), #721, .F. ) ;
#966 = LINE ( 'NONE', #4200, #6032 ) ;
#967 = EDGE_LOOP ( 'NONE', ( #1078, #4439, #151, #351 ) ) ;
#968 = VERTEX_POINT ( 'NONE', #2905 ) ;
#969 = CARTESIAN_POINT ( 'NONE',  ( 47.89999999999997016, 2.700000000000000178, -4.499999999999999112 ) ) ;
#970 = EDGE_CURVE ( 'NONE', #6603, #6980, #681, .T. ) ;
#971 = LINE ( 'NONE', #7059, #832 ) ;
#972 = AXIS2_PLACEMENT_3D ( 'NONE', #6182, #3012, #2393 ) ;
#973 = DIRECTION ( 'NONE',  ( -1.000000000000000000, 0.000000000000000000, -0.000000000000000000 ) ) ;
#974 = DIRECTION ( 'NONE',  ( -0.000000000000000000, -0.000000000000000000, 1.000000000000000000 ) ) ;
#975 = AXIS2_PLACEMENT_3D ( 'NONE', #2573, #924, #6356 ) ;
#976 = VERTEX_POINT ( 'NONE', #4060 ) ;
#977 = EDGE_CURVE ( 'NONE', #305, #4411, #6258, .T. ) ;
#978 = DIRECTION ( 'NONE',  ( -0.000000000000000000, -0.000000000000000000, -1.000000000000000000 ) ) ;
#979 = FACE_OUTER_BOUND ( 'NONE', #2456, .T. ) ;
#980 = VECTOR ( 'NONE', #3312, 1000.000000000000000 ) ;
#981 = LINE ( 'NONE', #3172, #4999 ) ;
#982 = CARTESIAN_POINT ( 'NONE',  ( 16.50000000000000355, 0.000000000000000000, -10.00000000000000000 ) ) ;
#983 = ORIENTED_EDGE ( 'NONE', *, *, #5842, .T. ) ;
#984 = VERTEX_POINT ( 'NONE', #4634 ) ;
#985 = DIRECTION ( 'NONE',  ( -0.000000000000000000, -0.000000000000000000, -1.000000000000000000 ) ) ;
#986 = CARTESIAN_POINT ( 'NONE',  ( 2.205814967064864459E-21, 2.000000000000000000, -2.500000000000004441 ) ) ;
#987 = VERTEX_POINT ( 'NONE', #3549 ) ;
#988 = CARTESIAN_POINT ( 'NONE',  ( -18.10000000000001918, 2.700000000000000178, -5.499999999999999112 ) ) ;
#989 = ORIENTED_EDGE ( 'NONE', *, *, #6923, .T. ) ;
#990 = VERTEX_POINT ( 'NONE', #4558 ) ;
#991 = DIRECTION ( 'NONE',  ( -1.000000000000000000, -0.000000000000000000, -1.445602896647344340E-16 ) ) ;
#992 = DIRECTION ( 'NONE',  ( -1.000000000000000000, 0.000000000000000000, -2.891205793294675368E-16 ) ) ;
#993 = CARTESIAN_POINT ( 'NONE',  ( -36.10000000000002274, 2.700000000000000178, -5.499999999999999112 ) ) ;
#994 = CARTESIAN_POINT ( 'NONE',  ( 10.99999999999998224, 2.700000000000000178, 7.399999999999998579 ) ) ;
#995 = ORIENTED_EDGE ( 'NONE', *, *, #3875, .F. ) ;
#996 = VERTEX_POINT ( 'NONE', #291 ) ;
#997 = DIRECTION ( 'NONE',  ( -1.000000000000000000, -0.000000000000000000, -0.000000000000000000 ) ) ;
#998 = ADVANCED_FACE ( 'NONE', ( #5711 ), #2972, .F. ) ;
#999 = CARTESIAN_POINT ( 'NONE',  ( 0.000000000000000000, 2.700000000000000178, 0.000000000000000000 ) ) ;
#1000 = ADVANCED_FACE ( 'NONE', ( #3013 ), #5102, .F. ) ;
#1001 = EDGE_CURVE ( 'NONE', #2742, #3265, #6876, .T. ) ;
#1002 = DIRECTION ( 'NONE',  ( 0.000000000000000000, 0.000000000000000000, 1.000000000000000000 ) ) ;
#1003 = EDGE_LOOP ( 'NONE', ( #6698, #5620, #3324, #4185 ) ) ;
#1004 = CARTESIAN_POINT ( 'NONE',  ( 39.09999999999998010, 2.700000000000000178, -5.499999999999999112 ) ) ;
#1005 = ORIENTED_EDGE ( 'NONE', *, *, #829, .T. ) ;
#1006 = DIRECTION ( 'NONE',  ( 0.000000000000000000, 0.000000000000000000, -1.000000000000000000 ) ) ;
#1007 = DIRECTION ( 'NONE',  ( 1.000000000000000000, -0.000000000000000000, 0.000000000000000000 ) ) ;
#1008 = EDGE_CURVE ( 'NONE', #1475, #4217, #4094, .T. ) ;
#1009 = VECTOR ( 'NONE', #2781, 1000.000000000000000 ) ;
#1010 = DIRECTION ( 'NONE',  ( -0.000000000000000000, -1.000000000000000000, -0.000000000000000000 ) ) ;
#1011 = LINE ( 'NONE', #1591, #1485 ) ;
#1012 = ORIENTED_EDGE ( 'NONE', *, *, #5368, .T. ) ;
#1013 = ORIENTED_EDGE ( 'NONE', *, *, #5327, .F. ) ;
#1014 = LINE ( 'NONE', #3213, #2660 ) ;
#1015 = AXIS2_PLACEMENT_3D ( 'NONE', #622, #3457, #1881 ) ;
#1016 = CARTESIAN_POINT ( 'NONE',  ( -24.00000000000000000, 3.199999999999999734, -2.500000000000004441 ) ) ;
#1017 = VECTOR ( 'NONE', #5605, 1000.000000000000000 ) ;
#1018 = FACE_OUTER_BOUND ( 'NONE', #471, .T. ) ;
#1019 = ORIENTED_EDGE ( 'NONE', *, *, #4826, .T. ) ;
#1020 = LINE ( 'NONE', #6096, #5973 ) ;
#1021 = VECTOR ( 'NONE', #5498, 1000.000000000000000 ) ;
#1022 = ORIENTED_EDGE ( 'NONE', *, *, #6917, .F. ) ;
#1023 = VERTEX_POINT ( 'NONE', #6291 ) ;
#1024 = VECTOR ( 'NONE', #3621, 1000.000000000000000 ) ;
#1025 = PLANE ( 'NONE',  #6370 ) ;
#1026 = CARTESIAN_POINT ( 'NONE',  ( 47.99999999999998579, 3.199999999999999734, 2.499999999999996003 ) ) ;
#1027 = LINE ( 'NONE', #496, #5504 ) ;
#1028 = VECTOR ( 'NONE', #1961, 1000.000000000000000 ) ;
#1029 = AXIS2_PLACEMENT_3D ( 'NONE', #3994, #4499, #2913 ) ;
#1030 = DIRECTION ( 'NONE',  ( -0.000000000000000000, -0.000000000000000000, 1.000000000000000000 ) ) ;
#1031 = ORIENTED_EDGE ( 'NONE', *, *, #88, .T. ) ;
#1032 = ORIENTED_EDGE ( 'NONE', *, *, #6152, .T. ) ;
#1033 = CARTESIAN_POINT ( 'NONE',  ( -5.999999999999998224, 3.199999999999999734, -2.500000000000004441 ) ) ;
#1034 = DIRECTION ( 'NONE',  ( 1.000000000000000000, -0.000000000000000000, 0.000000000000000000 ) ) ;
#1035 = VECTOR ( 'NONE', #127, 1000.000000000000000 ) ;
#1036 = ADVANCED_FACE ( 'NONE', ( #5751 ), #1936, .F. ) ;
#1037 = LINE ( 'NONE', #3234, #1851 ) ;
#1038 = CARTESIAN_POINT ( 'NONE',  ( -24.10000000000000853, 2.700000000000000178, -4.499999999999999112 ) ) ;
#1039 = VERTEX_POINT ( 'NONE', #3408 ) ;
#1040 = DIRECTION ( 'NONE',  ( -1.000000000000000000, -0.000000000000000000, -1.445602896647337931E-16 ) ) ;
#1041 = ORIENTED_EDGE ( 'NONE', *, *, #2894, .T. ) ;
#1042 = DIRECTION ( 'NONE',  ( -1.000000000000000000, 0.000000000000000000, -0.000000000000000000 ) ) ;
#1043 = EDGE_CURVE ( 'NONE', #2634, #7114, #5604, .T. ) ;
#1044 = AXIS2_PLACEMENT_3D ( 'NONE', #2076, #5824, #4777 ) ;
#1045 = CARTESIAN_POINT ( 'NONE',  ( 2.999999999999995559, 2.000000000000000000, -2.500000000000004885 ) ) ;
#1046 = EDGE_CURVE ( 'NONE', #2962, #6153, #6726, .T. ) ;
#1047 = EDGE_CURVE ( 'NONE', #4264, #337, #6183, .T. ) ;
#1048 = DIRECTION ( 'NONE',  ( -0.000000000000000000, -0.000000000000000000, 1.000000000000000000 ) ) ;
#1049 = PLANE ( 'NONE',  #6085 ) ;
#1050 = ORIENTED_EDGE ( 'NONE', *, *, #2537, .T. ) ;
#1051 = VERTEX_POINT ( 'NONE', #1289 ) ;
#1052 = EDGE_CURVE ( 'NONE', #1673, #3767, #4020, .T. ) ;
#1053 = DIRECTION ( 'NONE',  ( 1.000000000000000000, 0.000000000000000000, 1.445602896647337684E-16 ) ) ;
#1054 = CARTESIAN_POINT ( 'NONE',  ( -30.00000000000000711, 2.000000000000000000, 2.499999999999996003 ) ) ;
#1055 = AXIS2_PLACEMENT_3D ( 'NONE', #3170, #1006, #1042 ) ;
#1056 = ORIENTED_EDGE ( 'NONE', *, *, #833, .F. ) ;
#1057 = FACE_OUTER_BOUND ( 'NONE', #1318, .T. ) ;
#1058 = ORIENTED_EDGE ( 'NONE', *, *, #1142, .T. ) ;
#1059 = DIRECTION ( 'NONE',  ( 0.000000000000000000, 0.000000000000000000, -1.000000000000000000 ) ) ;
#1060 = EDGE_CURVE ( 'NONE', #5446, #2389, #753, .T. ) ;
#1061 = EDGE_LOOP ( 'NONE', ( #3674, #2859, #4702, #2578 ) ) ;
#1062 = VERTEX_POINT ( 'NONE', #2394 ) ;
#1063 = LINE ( 'NONE', #6537, #5911 ) ;
#1064 = EDGE_CURVE ( 'NONE', #32, #3210, #4596, .T. ) ;
#1065 = PLANE ( 'NONE',  #821 ) ;
#1066 = DIRECTION ( 'NONE',  ( 0.000000000000000000, -1.000000000000000000, 0.000000000000000000 ) ) ;
#1067 = DIRECTION ( 'NONE',  ( 0.000000000000000000, 0.000000000000000000, 1.000000000000000000 ) ) ;
#1068 = VERTEX_POINT ( 'NONE', #2506 ) ;
#1069 = ORIENTED_EDGE ( 'NONE', *, *, #4475, .T. ) ;
#1070 = LINE ( 'NONE', #3845, #502 ) ;
#1071 = CARTESIAN_POINT ( 'NONE',  ( 26.50000000000000711, 4.000000000000000000, -10.00000000000000000 ) ) ;
#1072 = CARTESIAN_POINT ( 'NONE',  ( 47.99999999999998579, 3.199999999999999734, -2.500000000000004441 ) ) ;
#1073 = VECTOR ( 'NONE', #3442, 1000.000000000000000 ) ;
#1074 = LINE ( 'NONE', #3304, #2188 ) ;
#1075 = FACE_OUTER_BOUND ( 'NONE', #2977, .T. ) ;
#1076 = ORIENTED_EDGE ( 'NONE', *, *, #2053, .T. ) ;
#1077 = CARTESIAN_POINT ( 'NONE',  ( 15.00000000000000000, 3.199999999999999734, 2.499999999999995115 ) ) ;
#1078 = ORIENTED_EDGE ( 'NONE', *, *, #2023, .T. ) ;
#1079 = CARTESIAN_POINT ( 'NONE',  ( -8.900000000000019895, 2.700000000000000178, -5.499999999999999112 ) ) ;
#1080 = VECTOR ( 'NONE', #5178, 1000.000000000000000 ) ;
#1081 = PLANE ( 'NONE',  #927 ) ;
#1082 = AXIS2_PLACEMENT_3D ( 'NONE', #4941, #4326, #1121 ) ;
#1083 = CARTESIAN_POINT ( 'NONE',  ( -24.10000000000000853, 2.700000000000000178, -5.499999999999999112 ) ) ;
#1084 = CARTESIAN_POINT ( 'NONE',  ( 35.99999999999997868, 2.700000000000000178, 4.599999999999998757 ) ) ;
#1085 = ORIENTED_EDGE ( 'NONE', *, *, #6453, .F. ) ;
#1086 = VERTEX_POINT ( 'NONE', #3188 ) ;
#1087 = ADVANCED_FACE ( 'NONE', ( #4744 ), #7052, .F. ) ;
#1088 = CARTESIAN_POINT ( 'NONE',  ( 53.50000000000000711, 2.000000000000000000, -10.00000000000000000 ) ) ;
#1089 = VECTOR ( 'NONE', #1451, 1000.000000000000000 ) ;
#1090 = EDGE_CURVE ( 'NONE', #4474, #4308, #2109, .T. ) ;
#1091 = DIRECTION ( 'NONE',  ( 0.000000000000000000, -1.000000000000000000, 0.000000000000000000 ) ) ;
#1092 = FACE_OUTER_BOUND ( 'NONE', #1764, .T. ) ;
#1093 = ADVANCED_FACE ( 'NONE', ( #4228 ), #1500, .F. ) ;
#1094 = VERTEX_POINT ( 'NONE', #894 ) ;
#1095 = CARTESIAN_POINT ( 'NONE',  ( -46.50000000000000711, 2.000000000000000000, 12.00000000000000000 ) ) ;
#1096 = ORIENTED_EDGE ( 'NONE', *, *, #3838, .F. ) ;
#1097 = ORIENTED_EDGE ( 'NONE', *, *, #2587, .F. ) ;
#1098 = CARTESIAN_POINT ( 'NONE',  ( -53.50000000000000711, 4.000000000000000000, -10.00000000000000000 ) ) ;
#1099 = LINE ( 'NONE', #5960, #6223 ) ;
#1100 = CARTESIAN_POINT ( 'NONE',  ( -46.50000000000000711, 4.000000000000000000, 12.00000000000000000 ) ) ;
#1101 = CARTESIAN_POINT ( 'NONE',  ( -8.000000000000007105, 2.700000000000000178, 4.599999999999998757 ) ) ;
#1102 = EDGE_CURVE ( 'NONE', #852, #367, #5251, .T. ) ;
#1103 = ORIENTED_EDGE ( 'NONE', *, *, #1222, .F. ) ;
#1104 = ORIENTED_EDGE ( 'NONE', *, *, #4354, .F. ) ;
#1105 = DIRECTION ( 'NONE',  ( -0.000000000000000000, -0.000000000000000000, -1.000000000000000000 ) ) ;
#1106 = CARTESIAN_POINT ( 'NONE',  ( 17.99999999999998934, 3.199999999999999734, -2.500000000000004441 ) ) ;
#1107 = CARTESIAN_POINT ( 'NONE',  ( -53.50000000000000711, 2.000000000000000000, 10.00000000000000000 ) ) ;
#1108 = CARTESIAN_POINT ( 'NONE',  ( -45.00000000000000711, 3.199999999999999734, -2.500000000000004885 ) ) ;
#1109 = DIRECTION ( 'NONE',  ( 3.469446951953613696E-16, 0.000000000000000000, -1.000000000000000000 ) ) ;
#1110 = EDGE_LOOP ( 'NONE', ( #5741, #6800, #6509, #1195 ) ) ;
#1111 = CARTESIAN_POINT ( 'NONE',  ( -9.000000000000007105, 2.700000000000000178, 7.399999999999998579 ) ) ;
#1112 = ORIENTED_EDGE ( 'NONE', *, *, #1766, .F. ) ;
#1113 = DIRECTION ( 'NONE',  ( 0.000000000000000000, -1.000000000000000000, 0.000000000000000000 ) ) ;
#1114 = DIRECTION ( 'NONE',  ( 0.000000000000000000, 0.000000000000000000, -1.000000000000000000 ) ) ;
#1115 = CARTESIAN_POINT ( 'NONE',  ( 5.899999999999988809, 2.000000000000000000, -4.499999999999999112 ) ) ;
#1116 = DIRECTION ( 'NONE',  ( 0.000000000000000000, 0.000000000000000000, -1.000000000000000000 ) ) ;
#1117 = ORIENTED_EDGE ( 'NONE', *, *, #3525, .T. ) ;
#1118 = EDGE_LOOP ( 'NONE', ( #4278, #2783, #4978, #1960 ) ) ;
#1119 = LINE ( 'NONE', #6568, #4036 ) ;
#1120 = CARTESIAN_POINT ( 'NONE',  ( 15.09999999999997478, 2.700000000000000178, -4.499999999999999112 ) ) ;
#1121 = DIRECTION ( 'NONE',  ( -1.000000000000000000, 0.000000000000000000, -0.000000000000000000 ) ) ;
#1122 = ORIENTED_EDGE ( 'NONE', *, *, #5362, .T. ) ;
#1123 = ADVANCED_FACE ( 'NONE', ( #6468 ), #325, .F. ) ;
#1124 = LINE ( 'NONE', #5481, #4135 ) ;
#1125 = ORIENTED_EDGE ( 'NONE', *, *, #964, .F. ) ;
#1126 = AXIS2_PLACEMENT_3D ( 'NONE', #3381, #615, #1221 ) ;
#1127 = ORIENTED_EDGE ( 'NONE', *, *, #2186, .T. ) ;
#1128 = LINE ( 'NONE', #5999, #4641 ) ;
#1129 = CARTESIAN_POINT ( 'NONE',  ( -42.00000000000000000, 2.000000000000000000, 2.499999999999996003 ) ) ;
#1130 = EDGE_CURVE ( 'NONE', #492, #3777, #3696, .T. ) ;
#1131 = DIRECTION ( 'NONE',  ( 0.000000000000000000, -0.000000000000000000, -1.000000000000000000 ) ) ;
#1132 = CARTESIAN_POINT ( 'NONE',  ( 23.89999999999997726, 2.000000000000000000, -4.499999999999999112 ) ) ;
#1133 = VECTOR ( 'NONE', #321, 1000.000000000000000 ) ;
#1134 = ORIENTED_EDGE ( 'NONE', *, *, #2031, .T. ) ;
#1135 = EDGE_CURVE ( 'NONE', #3988, #6660, #962, .T. ) ;
#1136 = VECTOR ( 'NONE', #839, 1000.000000000000000 ) ;
#1137 = AXIS2_PLACEMENT_3D ( 'NONE', #6009, #6625, #4889 ) ;
#1138 = EDGE_LOOP ( 'NONE', ( #5202, #5451, #3038, #1494 ) ) ;
#1139 = DIRECTION ( 'NONE',  ( -1.445602896647337684E-16, 0.000000000000000000, 1.000000000000000000 ) ) ;
#1140 = CARTESIAN_POINT ( 'NONE',  ( -12.00000000000001066, 2.700000000000000178, 4.599999999999998757 ) ) ;
#1141 = VECTOR ( 'NONE', #240, 1000.000000000000000 ) ;
#1142 = EDGE_CURVE ( 'NONE', #1267, #6247, #4267, .T. ) ;
#1143 = LINE ( 'NONE', #4525, #911 ) ;
#1144 = VECTOR ( 'NONE', #5598, 1000.000000000000000 ) ;
#1145 = CARTESIAN_POINT ( 'NONE',  ( -8.900000000000019895, 2.700000000000000178, -5.499999999999999112 ) ) ;
#1146 = CARTESIAN_POINT ( 'NONE',  ( 38.99999999999997868, 2.700000000000000178, 4.599999999999998757 ) ) ;
#1147 = ORIENTED_EDGE ( 'NONE', *, *, #4253, .T. ) ;
#1148 = LINE ( 'NONE', #6230, #6421 ) ;
#1149 = VECTOR ( 'NONE', #3464, 1000.000000000000000 ) ;
#1150 = ORIENTED_EDGE ( 'NONE', *, *, #4206, .F. ) ;
#1151 = DIRECTION ( 'NONE',  ( 1.000000000000000000, -0.000000000000000000, 2.891205793294675861E-16 ) ) ;
#1152 = ADVANCED_FACE ( 'NONE', ( #5352 ), #4806, .F. ) ;
#1153 = LINE ( 'NONE', #2777, #6213 ) ;
#1154 = ADVANCED_FACE ( 'NONE', ( #3730 ), #4302, .F. ) ;
#1155 = AXIS2_PLACEMENT_3D ( 'NONE', #2801, #3919, #1726 ) ;
#1156 = LINE ( 'NONE', #2813, #6382 ) ;
#1157 = LINE ( 'NONE', #4829, #1009 ) ;
#1158 = EDGE_LOOP ( 'NONE', ( #3931, #5203, #5158, #1585 ) ) ;
#1159 = VECTOR ( 'NONE', #4957, 1000.000000000000000 ) ;
#1160 = ORIENTED_EDGE ( 'NONE', *, *, #2899, .T. ) ;
#1161 = DIRECTION ( 'NONE',  ( -0.000000000000000000, -0.000000000000000000, -1.000000000000000000 ) ) ;
#1162 = CARTESIAN_POINT ( 'NONE',  ( 41.99999999999999289, 2.000000000000000000, -2.500000000000004441 ) ) ;
#1163 = MECHANICAL_DESIGN_GEOMETRIC_PRESENTATION_REPRESENTATION (  '', ( #2552 ), #3582 ) ;
#1164 = CARTESIAN_POINT ( 'NONE',  ( -51.50000000000000711, 2.000000000000000000, 10.00000000000000000 ) ) ;
#1165 = VERTEX_POINT ( 'NONE', #393 ) ;
#1166 = CARTESIAN_POINT ( 'NONE',  ( -51.50000000000000711, 2.000000000000000000, -10.00000000000000000 ) ) ;
#1167 = ORIENTED_EDGE ( 'NONE', *, *, #2054, .F. ) ;
#1168 = ORIENTED_EDGE ( 'NONE', *, *, #4928, .F. ) ;
#1169 = DIRECTION ( 'NONE',  ( -0.000000000000000000, 0.000000000000000000, 1.000000000000000000 ) ) ;
#1170 = VECTOR ( 'NONE', #5981, 1000.000000000000000 ) ;
#1171 = LINE ( 'NONE', #3839, #3341 ) ;
#1172 = DIRECTION ( 'NONE',  ( -0.000000000000000000, -1.000000000000000000, -0.000000000000000000 ) ) ;
#1173 = PLANE ( 'NONE',  #4767 ) ;
#1174 = EDGE_LOOP ( 'NONE', ( #2314, #5821, #430, #1541 ) ) ;
#1175 = ORIENTED_EDGE ( 'NONE', *, *, #174, .F. ) ;
#1176 = DIRECTION ( 'NONE',  ( 0.000000000000000000, 0.000000000000000000, -1.000000000000000000 ) ) ;
#1177 = DIRECTION ( 'NONE',  ( 1.000000000000000000, 0.000000000000000000, 1.445602896647339656E-16 ) ) ;
#1178 = CARTESIAN_POINT ( 'NONE',  ( 35.99999999999997868, 2.700000000000000178, 4.599999999999998757 ) ) ;
#1179 = ADVANCED_FACE ( 'NONE', ( #6982 ), #3590, .T. ) ;
#1180 = EDGE_CURVE ( 'NONE', #6454, #4119, #362, .T. ) ;
#1181 = EDGE_CURVE ( 'NONE', #6153, #5166, #6362, .T. ) ;
#1182 = LINE ( 'NONE', #540, #6218 ) ;
#1183 = LINE ( 'NONE', #4494, #918 ) ;
#1184 = ADVANCED_FACE ( 'NONE', ( #3630 ), #5285, .T. ) ;
#1185 = ORIENTED_EDGE ( 'NONE', *, *, #2907, .T. ) ;
#1186 = CARTESIAN_POINT ( 'NONE',  ( 33.09999999999998721, 2.000000000000000000, -4.499999999999999112 ) ) ;
#1187 = ORIENTED_EDGE ( 'NONE', *, *, #7002, .T. ) ;
#1188 = CARTESIAN_POINT ( 'NONE',  ( 29.89999999999998082, 2.700000000000000178, -5.499999999999999112 ) ) ;
#1189 = VECTOR ( 'NONE', #2148, 1000.000000000000000 ) ;
#1190 = DIRECTION ( 'NONE',  ( -1.000000000000000000, -0.000000000000000000, -0.000000000000000000 ) ) ;
#1191 = CARTESIAN_POINT ( 'NONE',  ( 39.00000000000000711, 3.199999999999999734, 2.499999999999995115 ) ) ;
#1192 = ADVANCED_FACE ( 'NONE', ( #3660 ), #5856, .F. ) ;
#1193 = DIRECTION ( 'NONE',  ( 0.000000000000000000, -1.000000000000000000, 0.000000000000000000 ) ) ;
#1194 = VECTOR ( 'NONE', #2648, 1000.000000000000000 ) ;
#1195 = ORIENTED_EDGE ( 'NONE', *, *, #6146, .T. ) ;
#1196 = ORIENTED_EDGE ( 'NONE', *, *, #311, .F. ) ;
#1197 = LINE ( 'NONE', #2414, #3005 ) ;
#1198 = DIRECTION ( 'NONE',  ( -0.000000000000000000, -1.000000000000000000, -0.000000000000000000 ) ) ;
#1199 = VECTOR ( 'NONE', #1459, 1000.000000000000000 ) ;
#1200 = CARTESIAN_POINT ( 'NONE',  ( -42.00000000000000000, 3.199999999999999734, 2.499999999999996003 ) ) ;
#1201 = ORIENTED_EDGE ( 'NONE', *, *, #6411, .F. ) ;
#1202 = CARTESIAN_POINT ( 'NONE',  ( 33.09999999999998721, 2.700000000000000178, -4.499999999999999112 ) ) ;
#1203 = VECTOR ( 'NONE', #3479, 1000.000000000000000 ) ;
#1204 = ORIENTED_EDGE ( 'NONE', *, *, #5418, .T. ) ;
#1205 = VECTOR ( 'NONE', #4897, 1000.000000000000000 ) ;
#1206 = VERTEX_POINT ( 'NONE', #1026 ) ;
#1207 = CARTESIAN_POINT ( 'NONE',  ( -16.50000000000000355, 4.000000000000000000, -10.00000000000000000 ) ) ;
#1208 = CARTESIAN_POINT ( 'NONE',  ( 45.00000000000000000, 2.000000000000000000, 2.499999999999995115 ) ) ;
#1209 = VECTOR ( 'NONE', #2337, 1000.000000000000000 ) ;
#1210 = DIRECTION ( 'NONE',  ( 0.000000000000000000, 0.000000000000000000, -1.000000000000000000 ) ) ;
#1211 = ORIENTED_EDGE ( 'NONE', *, *, #6994, .T. ) ;
#1212 = ORIENTED_EDGE ( 'NONE', *, *, #2819, .T. ) ;
#1213 = DIRECTION ( 'NONE',  ( -1.000000000000000000, 0.000000000000000000, -0.000000000000000000 ) ) ;
#1214 = DIRECTION ( 'NONE',  ( 0.000000000000000000, 0.000000000000000000, -1.000000000000000000 ) ) ;
#1215 = DIRECTION ( 'NONE',  ( 1.000000000000000000, -0.000000000000000000, 0.000000000000000000 ) ) ;
#1216 = CARTESIAN_POINT ( 'NONE',  ( -30.00000000000000355, 3.199999999999999734, -2.500000000000004441 ) ) ;
#1217 = DIRECTION ( 'NONE',  ( 0.000000000000000000, -1.000000000000000000, 0.000000000000000000 ) ) ;
#1218 = ORIENTED_EDGE ( 'NONE', *, *, #3834, .F. ) ;
#1219 = CARTESIAN_POINT ( 'NONE',  ( -37.00000000000002132, 2.700000000000000178, 7.399999999999998579 ) ) ;
#1220 = VERTEX_POINT ( 'NONE', #4373 ) ;
#1221 = DIRECTION ( 'NONE',  ( 1.000000000000000000, 0.000000000000000000, 1.445602896647337684E-16 ) ) ;
#1222 = EDGE_CURVE ( 'NONE', #4908, #5698, #4910, .T. ) ;
#1223 = EDGE_CURVE ( 'NONE', #5218, #4087, #6616, .T. ) ;
#1224 = EDGE_CURVE ( 'NONE', #2849, #68, #6538, .T. ) ;
#1225 = CARTESIAN_POINT ( 'NONE',  ( -46.50000000000000711, 2.000000000000000000, -10.00000000000000000 ) ) ;
#1226 = EDGE_CURVE ( 'NONE', #4804, #1039, #4948, .T. ) ;
#1227 = CARTESIAN_POINT ( 'NONE',  ( -46.50000000000000711, 4.000000000000000000, -12.00000000000000000 ) ) ;
#1228 = DIRECTION ( 'NONE',  ( 1.000000000000000000, -0.000000000000000000, 2.891205793294675861E-16 ) ) ;
#1229 = LINE ( 'NONE', #5037, #4921 ) ;
#1230 = VERTEX_POINT ( 'NONE', #5420 ) ;
#1231 = VERTEX_POINT ( 'NONE', #1129 ) ;
#1232 = LINE ( 'NONE', #4542, #375 ) ;
#1233 = EDGE_CURVE ( 'NONE', #1773, #6510, #1099, .T. ) ;
#1234 = CARTESIAN_POINT ( 'NONE',  ( -24.10000000000000853, 2.700000000000000178, -5.499999999999999112 ) ) ;
#1235 = DIRECTION ( 'NONE',  ( 0.000000000000000000, -1.000000000000000000, 0.000000000000000000 ) ) ;
#1236 = ORIENTED_EDGE ( 'NONE', *, *, #3912, .F. ) ;
#1237 = DIRECTION ( 'NONE',  ( 0.000000000000000000, -1.000000000000000000, 0.000000000000000000 ) ) ;
#1238 = ORIENTED_EDGE ( 'NONE', *, *, #4096, .F. ) ;
#1239 = ORIENTED_EDGE ( 'NONE', *, *, #1912, .T. ) ;
#1240 = FACE_OUTER_BOUND ( 'NONE', #3756, .T. ) ;
#1241 = DIRECTION ( 'NONE',  ( -1.000000000000000000, -0.000000000000000000, -0.000000000000000000 ) ) ;
#1242 = FACE_BOUND ( 'NONE', #6186, .T. ) ;
#1243 = ORIENTED_EDGE ( 'NONE', *, *, #4465, .F. ) ;
#1244 = VECTOR ( 'NONE', #3345, 1000.000000000000000 ) ;
#1245 = ORIENTED_EDGE ( 'NONE', *, *, #620, .F. ) ;
#1246 = LINE ( 'NONE', #5529, #1073 ) ;
#1247 = CARTESIAN_POINT ( 'NONE',  ( 35.99999999999997868, 2.700000000000000178, 7.399999999999998579 ) ) ;
#1248 = CARTESIAN_POINT ( 'NONE',  ( -42.00000000000000000, 3.199999999999999734, 2.499999999999996003 ) ) ;
#1249 = DIRECTION ( 'NONE',  ( -1.000000000000000000, -0.000000000000000000, -1.445602896647344340E-16 ) ) ;
#1250 = VECTOR ( 'NONE', #5829, 1000.000000000000000 ) ;
#1251 = VECTOR ( 'NONE', #3880, 1000.000000000000000 ) ;
#1252 = DIRECTION ( 'NONE',  ( -0.000000000000000000, -0.000000000000000000, -1.000000000000000000 ) ) ;
#1253 = ORIENTED_EDGE ( 'NONE', *, *, #5407, .T. ) ;
#1254 = ORIENTED_EDGE ( 'NONE', *, *, #4980, .F. ) ;
#1255 = LINE ( 'NONE', #3451, #4231 ) ;
#1256 = VECTOR ( 'NONE', #1987, 1000.000000000000000 ) ;
#1257 = DIRECTION ( 'NONE',  ( -0.000000000000000000, -0.000000000000000000, 1.000000000000000000 ) ) ;
#1258 = VECTOR ( 'NONE', #1172, 1000.000000000000000 ) ;
#1259 = CARTESIAN_POINT ( 'NONE',  ( -30.10000000000001563, 2.700000000000000178, -4.499999999999999112 ) ) ;
#1260 = EDGE_CURVE ( 'NONE', #4361, #1819, #495, .T. ) ;
#1261 = CIRCLE ( 'NONE', #3561, 2.000000000000000000 ) ;
#1262 = DIRECTION ( 'NONE',  ( -1.000000000000000000, -0.000000000000000000, -1.445602896647337931E-16 ) ) ;
#1263 = AXIS2_PLACEMENT_3D ( 'NONE', #1234, #2346, #3426 ) ;
#1264 = LINE ( 'NONE', #2411, #4342 ) ;
#1265 = EDGE_CURVE ( 'NONE', #3249, #33, #1171, .T. ) ;
#1266 = ORIENTED_EDGE ( 'NONE', *, *, #5061, .T. ) ;
#1267 = VERTEX_POINT ( 'NONE', #2722 ) ;
#1268 = DIRECTION ( 'NONE',  ( 0.000000000000000000, -1.000000000000000000, 0.000000000000000000 ) ) ;
#1269 = FACE_OUTER_BOUND ( 'NONE', #2049, .T. ) ;
#1270 = EDGE_CURVE ( 'NONE', #852, #5567, #3365, .T. ) ;
#1271 = EDGE_CURVE ( 'NONE', #5600, #3860, #7087, .T. ) ;
#1272 = CARTESIAN_POINT ( 'NONE',  ( -33.00000000000001421, 2.000000000000000000, 7.399999999999998579 ) ) ;
#1273 = ORIENTED_EDGE ( 'NONE', *, *, #2637, .T. ) ;
#1274 = DIRECTION ( 'NONE',  ( -0.000000000000000000, -0.000000000000000000, -1.000000000000000000 ) ) ;
#1275 = EDGE_CURVE ( 'NONE', #1094, #2752, #6035, .T. ) ;
#1276 = ORIENTED_EDGE ( 'NONE', *, *, #3461, .F. ) ;
#1277 = ORIENTED_EDGE ( 'NONE', *, *, #3558, .F. ) ;
#1278 = CARTESIAN_POINT ( 'NONE',  ( -16.50000000000000355, 2.000000000000000000, -10.00000000000000000 ) ) ;
#1279 = CARTESIAN_POINT ( 'NONE',  ( -18.10000000000001918, 2.700000000000000178, -5.499999999999999112 ) ) ;
#1280 = VECTOR ( 'NONE', #4164, 1000.000000000000000 ) ;
#1281 = ADVANCED_FACE ( 'NONE', ( #5019 ), #5486, .F. ) ;
#1282 = DIRECTION ( 'NONE',  ( 0.000000000000000000, -1.000000000000000000, 0.000000000000000000 ) ) ;
#1283 = ORIENTED_EDGE ( 'NONE', *, *, #6953, .T. ) ;
#1284 = EDGE_CURVE ( 'NONE', #4659, #6840, #3872, .T. ) ;
#1285 = ORIENTED_EDGE ( 'NONE', *, *, #787, .T. ) ;
#1286 = CARTESIAN_POINT ( 'NONE',  ( 9.099999999999983658, 2.000000000000000000, -4.499999999999999112 ) ) ;
#1287 = AXIS2_PLACEMENT_3D ( 'NONE', #5242, #418, #384 ) ;
#1288 = CARTESIAN_POINT ( 'NONE',  ( 41.89999999999997726, 2.700000000000000178, -5.499999999999999112 ) ) ;
#1289 = CARTESIAN_POINT ( 'NONE',  ( -0.1000000000000167422, 2.700000000000000178, -4.499999999999999112 ) ) ;
#1290 = LINE ( 'NONE', #5679, #457 ) ;
#1291 = AXIS2_PLACEMENT_3D ( 'NONE', #3415, #2880, #691 ) ;
#1292 = PLANE ( 'NONE',  #743 ) ;
#1293 = ORIENTED_EDGE ( 'NONE', *, *, #6292, .T. ) ;
#1294 = ORIENTED_EDGE ( 'NONE', *, *, #4452, .T. ) ;
#1295 = CARTESIAN_POINT ( 'NONE',  ( 46.50000000000000711, 0.000000000000000000, 12.00000000000000000 ) ) ;
#1296 = CARTESIAN_POINT ( 'NONE',  ( -20.90000000000001634, 2.700000000000000178, -4.499999999999999112 ) ) ;
#1297 = LINE ( 'NONE', #4459, #2410 ) ;
#1298 = PLANE ( 'NONE',  #3053 ) ;
#1299 = ORIENTED_EDGE ( 'NONE', *, *, #438, .F. ) ;
#1300 = CARTESIAN_POINT ( 'NONE',  ( 10.99999999999998224, 2.700000000000000178, 4.599999999999998757 ) ) ;
#1301 = VERTEX_POINT ( 'NONE', #4985 ) ;
#1302 = CARTESIAN_POINT ( 'NONE',  ( 35.89999999999998437, 2.700000000000000178, -4.499999999999999112 ) ) ;
#1303 = VERTEX_POINT ( 'NONE', #1606 ) ;
#1304 = CARTESIAN_POINT ( 'NONE',  ( 14.99999999999997158, 2.700000000000000178, 4.599999999999998757 ) ) ;
#1305 = CARTESIAN_POINT ( 'NONE',  ( 21.00000000000000355, 3.199999999999999734, 2.499999999999995115 ) ) ;
#1306 = LINE ( 'NONE', #2922, #5348 ) ;
#1307 = ORIENTED_EDGE ( 'NONE', *, *, #5205, .F. ) ;
#1308 = CARTESIAN_POINT ( 'NONE',  ( 47.89999999999997016, 2.000000000000000000, -5.499999999999999112 ) ) ;
#1309 = ORIENTED_EDGE ( 'NONE', *, *, #2677, .T. ) ;
#1310 = ADVANCED_FACE ( 'NONE', ( #3802 ), #1065, .T. ) ;
#1311 = EDGE_CURVE ( 'NONE', #4857, #6593, #3261, .T. ) ;
#1312 = VERTEX_POINT ( 'NONE', #560 ) ;
#1313 = EDGE_CURVE ( 'NONE', #4291, #6263, #7116, .T. ) ;
#1314 = UNCERTAINTY_MEASURE_WITH_UNIT (LENGTH_MEASURE( 1.000000000000000082E-05 ), #4154, 'distance_accuracy_value', 'NONE');
#1315 = CARTESIAN_POINT ( 'NONE',  ( 45.00000000000000000, 3.199999999999999734, -2.500000000000004885 ) ) ;
#1316 = VECTOR ( 'NONE', #4877, 1000.000000000000000 ) ;
#1317 = DIRECTION ( 'NONE',  ( -0.000000000000000000, -1.000000000000000000, -0.000000000000000000 ) ) ;
#1318 = EDGE_LOOP ( 'NONE', ( #2504, #3080, #6576, #2387 ) ) ;
#1319 = EDGE_CURVE ( 'NONE', #6472, #6977, #28, .T. ) ;
#1320 = FACE_BOUND ( 'NONE', #6127, .T. ) ;
#1321 = ORIENTED_EDGE ( 'NONE', *, *, #1408, .T. ) ;
#1322 = VECTOR ( 'NONE', #2642, 1000.000000000000000 ) ;
#1323 = ORIENTED_EDGE ( 'NONE', *, *, #2819, .F. ) ;
#1324 = DIRECTION ( 'NONE',  ( 0.000000000000000000, 0.000000000000000000, 1.000000000000000000 ) ) ;
#1325 = EDGE_LOOP ( 'NONE', ( #3665, #740, #6466, #2950 ) ) ;
#1326 = CARTESIAN_POINT ( 'NONE',  ( 26.50000000000000711, 0.000000000000000000, 10.00000000000000000 ) ) ;
#1327 = CARTESIAN_POINT ( 'NONE',  ( -53.50000000000000711, 4.000000000000000000, 10.00000000000000000 ) ) ;
#1328 = CARTESIAN_POINT ( 'NONE',  ( -32.00000000000001421, 2.700000000000000178, 4.599999999999998757 ) ) ;
#1329 = VECTOR ( 'NONE', #2271, 1000.000000000000000 ) ;
#1330 = ADVANCED_FACE ( 'NONE', ( #96 ), #2279, .F. ) ;
#1331 = LINE ( 'NONE', #2908, #5105 ) ;
#1332 = EDGE_LOOP ( 'NONE', ( #6653, #1736, #1293, #6708 ) ) ;
#1333 = ORIENTED_EDGE ( 'NONE', *, *, #2019, .T. ) ;
#1334 = DIRECTION ( 'NONE',  ( 0.000000000000000000, -1.000000000000000000, 0.000000000000000000 ) ) ;
#1335 = DIRECTION ( 'NONE',  ( -0.000000000000000000, -1.000000000000000000, -0.000000000000000000 ) ) ;
#1336 = FACE_OUTER_BOUND ( 'NONE', #4436, .T. ) ;
#1337 = CARTESIAN_POINT ( 'NONE',  ( 21.09999999999998010, 2.000000000000000000, -4.499999999999999112 ) ) ;
#1338 = ORIENTED_EDGE ( 'NONE', *, *, #6768, .T. ) ;
#1339 = LINE ( 'NONE', #4570, #1707 ) ;
#1340 = ORIENTED_EDGE ( 'NONE', *, *, #2096, .F. ) ;
#1341 = LINE ( 'NONE', #6238, #6932 ) ;
#1342 = DIRECTION ( 'NONE',  ( 0.000000000000000000, 0.000000000000000000, 1.000000000000000000 ) ) ;
#1343 = DIRECTION ( 'NONE',  ( 2.891205793294682764E-16, 0.000000000000000000, -1.000000000000000000 ) ) ;
#1344 = CARTESIAN_POINT ( 'NONE',  ( -9.000000000000007105, 2.000000000000000000, 4.599999999999998757 ) ) ;
#1345 = ORIENTED_EDGE ( 'NONE', *, *, #2185, .T. ) ;
#1346 = CARTESIAN_POINT ( 'NONE',  ( 3.099999999999991651, 2.700000000000000178, -5.499999999999999112 ) ) ;
#1347 = EDGE_LOOP ( 'NONE', ( #5511, #17, #3035, #4133 ) ) ;
#1348 = ORIENTED_EDGE ( 'NONE', *, *, #6956, .T. ) ;
#1349 = DIRECTION ( 'NONE',  ( 0.000000000000000000, -0.000000000000000000, -1.000000000000000000 ) ) ;
#1350 = LINE ( 'NONE', #674, #1838 ) ;
#1351 = ORIENTED_EDGE ( 'NONE', *, *, #3774, .T. ) ;
#1352 = EDGE_CURVE ( 'NONE', #3903, #6629, #6249, .T. ) ;
#1353 = CARTESIAN_POINT ( 'NONE',  ( 0.000000000000000000, 3.199999999999999734, 0.000000000000000000 ) ) ;
#1354 = ORIENTED_EDGE ( 'NONE', *, *, #2023, .F. ) ;
#1355 = CARTESIAN_POINT ( 'NONE',  ( 39.09999999999998010, 2.700000000000000178, -5.499999999999999112 ) ) ;
#1356 = ORIENTED_EDGE ( 'NONE', *, *, #833, .T. ) ;
#1357 = ORIENTED_EDGE ( 'NONE', *, *, #4206, .T. ) ;
#1358 = LINE ( 'NONE', #1247, #2879 ) ;
#1359 = ADVANCED_FACE ( 'NONE', ( #1240 ), #3976, .T. ) ;
#1360 = DIRECTION ( 'NONE',  ( -0.000000000000000000, -0.000000000000000000, 1.000000000000000000 ) ) ;
#1361 = DIRECTION ( 'NONE',  ( -0.000000000000000000, -0.000000000000000000, 1.000000000000000000 ) ) ;
#1362 = EDGE_CURVE ( 'NONE', #2351, #2622, #4512, .T. ) ;
#1363 = DIRECTION ( 'NONE',  ( -1.000000000000000000, -0.000000000000000000, -1.445602896647344340E-16 ) ) ;
#1364 = EDGE_LOOP ( 'NONE', ( #3400, #6483, #5249, #5785 ) ) ;
#1365 = ORIENTED_EDGE ( 'NONE', *, *, #4887, .F. ) ;
#1366 = CARTESIAN_POINT ( 'NONE',  ( 11.99999999999999645, 3.199999999999999734, -2.500000000000004441 ) ) ;
#1367 = ADVANCED_FACE ( 'NONE', ( #711 ), #6794, .F. ) ;
#1368 = DIRECTION ( 'NONE',  ( -0.000000000000000000, -1.000000000000000000, -0.000000000000000000 ) ) ;
#1369 = AXIS2_PLACEMENT_3D ( 'NONE', #6342, #2446, #6854 ) ;
#1370 = CARTESIAN_POINT ( 'NONE',  ( -33.00000000000001421, 2.700000000000000178, 4.599999999999998757 ) ) ;
#1371 = CARTESIAN_POINT ( 'NONE',  ( 0.000000000000000000, 2.700000000000000178, 0.000000000000000000 ) ) ;
#1372 = AXIS2_PLACEMENT_3D ( 'NONE', #2698, #1618, #3235 ) ;
#1373 = DIRECTION ( 'NONE',  ( -1.000000000000000000, 0.000000000000000000, 0.000000000000000000 ) ) ;
#1374 = AXIS2_PLACEMENT_3D ( 'NONE', #2110, #3226, #5961 ) ;
#1375 = ORIENTED_EDGE ( 'NONE', *, *, #5835, .F. ) ;
#1376 = EDGE_CURVE ( 'NONE', #6944, #6518, #1894, .T. ) ;
#1377 = LINE ( 'NONE', #1302, #1502 ) ;
#1378 = DIRECTION ( 'NONE',  ( -1.000000000000000000, -0.000000000000000000, -0.000000000000000000 ) ) ;
#1379 = EDGE_CURVE ( 'NONE', #2389, #2138, #2354, .T. ) ;
#1380 = VECTOR ( 'NONE', #4395, 1000.000000000000000 ) ;
#1381 = CARTESIAN_POINT ( 'NONE',  ( -9.000000000000001776, 3.199999999999999734, -2.500000000000004885 ) ) ;
#1382 = AXIS2_PLACEMENT_3D ( 'NONE', #954, #350, #4799 ) ;
#1383 = EDGE_CURVE ( 'NONE', #6501, #5833, #6176, .T. ) ;
#1384 = DIRECTION ( 'NONE',  ( -0.000000000000000000, -1.000000000000000000, -0.000000000000000000 ) ) ;
#1385 = VERTEX_POINT ( 'NONE', #6755 ) ;
#1386 = CARTESIAN_POINT ( 'NONE',  ( 16.50000000000000355, 4.000000000000000000, -12.00000000000000355 ) ) ;
#1387 = VERTEX_POINT ( 'NONE', #5738 ) ;
#1388 = ORIENTED_EDGE ( 'NONE', *, *, #1889, .F. ) ;
#1389 = VECTOR ( 'NONE', #3350, 1000.000000000000000 ) ;
#1390 = CARTESIAN_POINT ( 'NONE',  ( 45.09999999999997300, 2.700000000000000178, -5.499999999999999112 ) ) ;
#1391 = LINE ( 'NONE', #3078, #5566 ) ;
#1392 = ORIENTED_EDGE ( 'NONE', *, *, #3950, .F. ) ;
#1393 = CARTESIAN_POINT ( 'NONE',  ( 45.00000000000000000, 3.199999999999999734, 2.499999999999995115 ) ) ;
#1394 = VERTEX_POINT ( 'NONE', #4480 ) ;
#1395 = EDGE_LOOP ( 'NONE', ( #4272, #312, #6028, #5479 ) ) ;
#1396 = DIRECTION ( 'NONE',  ( -0.000000000000000000, -1.000000000000000000, -0.000000000000000000 ) ) ;
#1397 = VECTOR ( 'NONE', #1904, 1000.000000000000000 ) ;
#1398 = CARTESIAN_POINT ( 'NONE',  ( -51.50000000000000711, 2.000000000000000000, 10.00000000000000000 ) ) ;
#1399 = EDGE_CURVE ( 'NONE', #1023, #4581, #6282, .T. ) ;
#1400 = FACE_OUTER_BOUND ( 'NONE', #2791, .T. ) ;
#1401 = CARTESIAN_POINT ( 'NONE',  ( 39.99999999999997868, 2.700000000000000178, 4.599999999999998757 ) ) ;
#1402 = VECTOR ( 'NONE', #3893, 1000.000000000000000 ) ;
#1403 = ORIENTED_EDGE ( 'NONE', *, *, #6465, .F. ) ;
#1404 = ORIENTED_EDGE ( 'NONE', *, *, #7118, .T. ) ;
#1405 = DIRECTION ( 'NONE',  ( -0.000000000000000000, -0.000000000000000000, 1.000000000000000000 ) ) ;
#1406 = EDGE_CURVE ( 'NONE', #1094, #4123, #5670, .T. ) ;
#1407 = DIRECTION ( 'NONE',  ( -0.000000000000000000, -0.000000000000000000, 1.000000000000000000 ) ) ;
#1408 = EDGE_CURVE ( 'NONE', #6254, #4119, #776, .T. ) ;
#1409 = AXIS2_PLACEMENT_3D ( 'NONE', #5111, #5146, #1877 ) ;
#1410 = CARTESIAN_POINT ( 'NONE',  ( 36.50000000000000711, 4.000000000000000000, -10.00000000000000000 ) ) ;
#1411 = EDGE_CURVE ( 'NONE', #366, #827, #6717, .T. ) ;
#1412 = CARTESIAN_POINT ( 'NONE',  ( -53.50000000000000711, 2.000000000000000000, 10.00000000000000000 ) ) ;
#1413 = DIRECTION ( 'NONE',  ( -1.000000000000000000, -0.000000000000000000, -0.000000000000000000 ) ) ;
#1414 = ORIENTED_EDGE ( 'NONE', *, *, #5400, .F. ) ;
#1415 = PLANE ( 'NONE',  #4959 ) ;
#1416 = DIRECTION ( 'NONE',  ( 1.000000000000000000, -0.000000000000000000, 2.891205793294675861E-16 ) ) ;
#1417 = CARTESIAN_POINT ( 'NONE',  ( 15.99999999999997335, 2.700000000000000178, 7.399999999999998579 ) ) ;
#1418 = ADVANCED_FACE ( 'NONE', ( #742 ), #5163, .F. ) ;
#1419 = CARTESIAN_POINT ( 'NONE',  ( 17.89999999999997016, 2.700000000000000178, -5.499999999999999112 ) ) ;
#1420 = VERTEX_POINT ( 'NONE', #1278 ) ;
#1421 = CARTESIAN_POINT ( 'NONE',  ( 9.099999999999983658, 2.700000000000000178, -5.499999999999999112 ) ) ;
#1422 = EDGE_LOOP ( 'NONE', ( #6099, #6143, #780, #6874 ) ) ;
#1423 = VERTEX_POINT ( 'NONE', #2316 ) ;
#1424 = AXIS2_PLACEMENT_3D ( 'NONE', #6181, #4414, #6622 ) ;
#1425 = CARTESIAN_POINT ( 'NONE',  ( 23.99999999999999289, 3.199999999999999734, -2.500000000000004441 ) ) ;
#1426 = PLANE ( 'NONE',  #60 ) ;
#1427 = ORIENTED_EDGE ( 'NONE', *, *, #1751, .F. ) ;
#1428 = DIRECTION ( 'NONE',  ( -1.000000000000000000, 0.000000000000000000, 0.000000000000000000 ) ) ;
#1429 = ORIENTED_EDGE ( 'NONE', *, *, #3176, .F. ) ;
#1430 = VECTOR ( 'NONE', #392, 1000.000000000000000 ) ;
#1431 = ORIENTED_EDGE ( 'NONE', *, *, #4294, .F. ) ;
#1432 = PLANE ( 'NONE',  #6260 ) ;
#1433 = DIRECTION ( 'NONE',  ( -0.000000000000000000, -1.000000000000000000, -0.000000000000000000 ) ) ;
#1434 = CARTESIAN_POINT ( 'NONE',  ( 9.099999999999983658, 2.000000000000000000, -5.499999999999999112 ) ) ;
#1435 = VECTOR ( 'NONE', #2240, 1000.000000000000000 ) ;
#1436 = DIRECTION ( 'NONE',  ( 1.000000000000000000, 0.000000000000000000, 0.000000000000000000 ) ) ;
#1437 = ORIENTED_EDGE ( 'NONE', *, *, #715, .F. ) ;
#1438 = ORIENTED_EDGE ( 'NONE', *, *, #6784, .F. ) ;
#1439 = DIRECTION ( 'NONE',  ( -0.000000000000000000, -1.000000000000000000, -0.000000000000000000 ) ) ;
#1440 = DIRECTION ( 'NONE',  ( -0.000000000000000000, -0.000000000000000000, 1.000000000000000000 ) ) ;
#1441 = VECTOR ( 'NONE', #6937, 1000.000000000000000 ) ;
#1442 = EDGE_CURVE ( 'NONE', #3511, #6054, #3003, .T. ) ;
#1443 = EDGE_CURVE ( 'NONE', #3540, #1387, #2423, .T. ) ;
#1444 = DIRECTION ( 'NONE',  ( 0.000000000000000000, 0.000000000000000000, 1.000000000000000000 ) ) ;
#1445 = LINE ( 'NONE', #3061, #557 ) ;
#1446 = ORIENTED_EDGE ( 'NONE', *, *, #5582, .F. ) ;
#1447 = DIRECTION ( 'NONE',  ( -1.000000000000000000, -0.000000000000000000, -0.000000000000000000 ) ) ;
#1448 = ADVANCED_FACE ( 'NONE', ( #3940 ), #5129, .T. ) ;
#1449 = CARTESIAN_POINT ( 'NONE',  ( 2.999999999999995559, 3.199999999999999734, -2.500000000000004885 ) ) ;
#1450 = PLANE ( 'NONE',  #4718 ) ;
#1451 = DIRECTION ( 'NONE',  ( -0.000000000000000000, -0.000000000000000000, -1.000000000000000000 ) ) ;
#1452 = FACE_OUTER_BOUND ( 'NONE', #4981, .T. ) ;
#1453 = ORIENTED_EDGE ( 'NONE', *, *, #2550, .T. ) ;
#1454 = EDGE_LOOP ( 'NONE', ( #4630, #1846, #4447, #5124 ) ) ;
#1455 = ADVANCED_FACE ( 'NONE', ( #3538 ), #5057, .F. ) ;
#1456 = LINE ( 'NONE', #5881, #1741 ) ;
#1457 = CARTESIAN_POINT ( 'NONE',  ( -37.00000000000002132, 2.700000000000000178, 4.599999999999998757 ) ) ;
#1458 = ORIENTED_EDGE ( 'NONE', *, *, #2538, .T. ) ;
#1459 = DIRECTION ( 'NONE',  ( -0.000000000000000000, -1.000000000000000000, -0.000000000000000000 ) ) ;
#1460 = ORIENTED_EDGE ( 'NONE', *, *, #5858, .F. ) ;
#1461 = FACE_OUTER_BOUND ( 'NONE', #3280, .T. ) ;
#1462 = VERTEX_POINT ( 'NONE', #919 ) ;
#1463 = ORIENTED_EDGE ( 'NONE', *, *, #754, .F. ) ;
#1464 = LINE ( 'NONE', #5855, #4412 ) ;
#1465 = DIRECTION ( 'NONE',  ( -1.000000000000000000, 0.000000000000000000, 0.000000000000000000 ) ) ;
#1466 = LINE ( 'NONE', #7016, #3095 ) ;
#1467 = DIRECTION ( 'NONE',  ( 0.000000000000000000, -0.000000000000000000, -1.000000000000000000 ) ) ;
#1468 = ORIENTED_EDGE ( 'NONE', *, *, #1443, .T. ) ;
#1469 = ORIENTED_EDGE ( 'NONE', *, *, #785, .T. ) ;
#1470 = LINE ( 'NONE', #828, #341 ) ;
#1471 = DIRECTION ( 'NONE',  ( 0.000000000000000000, 0.000000000000000000, 1.000000000000000000 ) ) ;
#1472 = DIRECTION ( 'NONE',  ( 0.000000000000000000, -1.000000000000000000, 0.000000000000000000 ) ) ;
#1473 = DIRECTION ( 'NONE',  ( -1.000000000000000000, -0.000000000000000000, -1.445602896647337931E-16 ) ) ;
#1474 = VECTOR ( 'NONE', #1413, 1000.000000000000000 ) ;
#1475 = VERTEX_POINT ( 'NONE', #316 ) ;
#1476 = DIRECTION ( 'NONE',  ( 1.000000000000000000, 0.000000000000000000, 0.000000000000000000 ) ) ;
#1477 = DIRECTION ( 'NONE',  ( 1.000000000000000000, -0.000000000000000000, 0.000000000000000000 ) ) ;
#1478 = CARTESIAN_POINT ( 'NONE',  ( -24.00000000000000000, 3.199999999999999734, -2.500000000000004441 ) ) ;
#1479 = AXIS2_PLACEMENT_3D ( 'NONE', #4681, #2445, #901 ) ;
#1480 = CARTESIAN_POINT ( 'NONE',  ( -24.10000000000000853, 2.000000000000000000, -4.499999999999999112 ) ) ;
#1481 = AXIS2_PLACEMENT_3D ( 'NONE', #2651, #2008, #5897 ) ;
#1482 = DIRECTION ( 'NONE',  ( -1.000000000000000000, -0.000000000000000000, -0.000000000000000000 ) ) ;
#1483 = EDGE_LOOP ( 'NONE', ( #4064, #3288, #6248, #2491 ) ) ;
#1484 = ORIENTED_EDGE ( 'NONE', *, *, #2931, .T. ) ;
#1485 = VECTOR ( 'NONE', #3788, 1000.000000000000000 ) ;
#1486 = EDGE_CURVE ( 'NONE', #4810, #3777, #1926, .T. ) ;
#1487 = FACE_OUTER_BOUND ( 'NONE', #2884, .T. ) ;
#1488 = EDGE_CURVE ( 'NONE', #6809, #388, #3143, .T. ) ;
#1489 = VECTOR ( 'NONE', #4867, 1000.000000000000000 ) ;
#1490 = DIRECTION ( 'NONE',  ( 1.000000000000000000, -0.000000000000000000, 2.891205793294675861E-16 ) ) ;
#1491 = ORIENTED_EDGE ( 'NONE', *, *, #2954, .F. ) ;
#1492 = DIRECTION ( 'NONE',  ( -0.000000000000000000, -0.000000000000000000, 1.000000000000000000 ) ) ;
#1493 = EDGE_CURVE ( 'NONE', #2138, #976, #884, .T. ) ;
#1494 = ORIENTED_EDGE ( 'NONE', *, *, #840, .F. ) ;
#1495 = DIRECTION ( 'NONE',  ( -0.000000000000000000, -1.000000000000000000, -0.000000000000000000 ) ) ;
#1496 = VECTOR ( 'NONE', #5077, 1000.000000000000000 ) ;
#1497 = EDGE_LOOP ( 'NONE', ( #605, #2682, #6069, #6788, #3534 ) ) ;
#1498 = ORIENTED_EDGE ( 'NONE', *, *, #2907, .F. ) ;
#1499 = DIRECTION ( 'NONE',  ( 0.000000000000000000, -0.000000000000000000, -1.000000000000000000 ) ) ;
#1500 = PLANE ( 'NONE',  #4729 ) ;
#1501 = CARTESIAN_POINT ( 'NONE',  ( -5.999999999999998224, 3.199999999999999734, -2.500000000000004441 ) ) ;
#1502 = VECTOR ( 'NONE', #5262, 1000.000000000000000 ) ;
#1503 = CARTESIAN_POINT ( 'NONE',  ( 0.000000000000000000, 2.700000000000000178, 0.000000000000000000 ) ) ;
#1504 = ADVANCED_FACE ( 'NONE', ( #4187 ), #348, .F. ) ;
#1505 = ORIENTED_EDGE ( 'NONE', *, *, #923, .T. ) ;
#1506 = VERTEX_POINT ( 'NONE', #7003 ) ;
#1507 = DIRECTION ( 'NONE',  ( -0.000000000000000000, -0.000000000000000000, -1.000000000000000000 ) ) ;
#1508 = AXIS2_PLACEMENT_3D ( 'NONE', #2871, #6842, #2472 ) ;
#1509 = FACE_OUTER_BOUND ( 'NONE', #6211, .T. ) ;
#1510 = AXIS2_PLACEMENT_3D ( 'NONE', #6974, #2461, #6420 ) ;
#1511 = LINE ( 'NONE', #4784, #3206 ) ;
#1512 = DIRECTION ( 'NONE',  ( -0.000000000000000000, -1.000000000000000000, -0.000000000000000000 ) ) ;
#1513 = ORIENTED_EDGE ( 'NONE', *, *, #5667, .T. ) ;
#1514 = VECTOR ( 'NONE', #3058, 1000.000000000000000 ) ;
#1515 = DIRECTION ( 'NONE',  ( 1.000000000000000000, 0.000000000000000000, -0.000000000000000000 ) ) ;
#1516 = DIRECTION ( 'NONE',  ( -1.000000000000000000, 0.000000000000000000, 0.000000000000000000 ) ) ;
#1517 = CARTESIAN_POINT ( 'NONE',  ( 26.50000000000000711, 2.000000000000000000, 12.00000000000000000 ) ) ;
#1518 = AXIS2_PLACEMENT_3D ( 'NONE', #2557, #1471, #3130 ) ;
#1519 = CARTESIAN_POINT ( 'NONE',  ( 27.09999999999998366, 2.700000000000000178, -4.499999999999999112 ) ) ;
#1520 = CARTESIAN_POINT ( 'NONE',  ( 5.899999999999988809, 2.000000000000000000, -4.499999999999999112 ) ) ;
#1521 = ORIENTED_EDGE ( 'NONE', *, *, #1181, .F. ) ;
#1522 = ORIENTED_EDGE ( 'NONE', *, *, #3916, .T. ) ;
#1523 = FILL_AREA_STYLE ('',( #6900 ) ) ;
#1524 = FACE_OUTER_BOUND ( 'NONE', #4691, .T. ) ;
#1525 = ORIENTED_EDGE ( 'NONE', *, *, #6062, .T. ) ;
#1526 = CARTESIAN_POINT ( 'NONE',  ( 15.99999999999997335, 2.700000000000000178, 4.599999999999998757 ) ) ;
#1527 = ORIENTED_EDGE ( 'NONE', *, *, #2431, .T. ) ;
#1528 = ADVANCED_FACE ( 'NONE', ( #2604 ), #6315, .T. ) ;
#1529 = DIRECTION ( 'NONE',  ( -1.000000000000000000, 0.000000000000000000, 0.000000000000000000 ) ) ;
#1530 = EDGE_CURVE ( 'NONE', #6278, #826, #1456, .T. ) ;
#1531 = EDGE_CURVE ( 'NONE', #6278, #2202, #4797, .T. ) ;
#1532 = ORIENTED_EDGE ( 'NONE', *, *, #4969, .F. ) ;
#1533 = EDGE_LOOP ( 'NONE', ( #2113, #6058, #1567, #2788 ) ) ;
#1534 = DIRECTION ( 'NONE',  ( 0.000000000000000000, 0.000000000000000000, -1.000000000000000000 ) ) ;
#1535 = CARTESIAN_POINT ( 'NONE',  ( -12.00000000000000355, 3.199999999999999734, 2.499999999999996003 ) ) ;
#1536 = EDGE_CURVE ( 'NONE', #4696, #3111, #1966, .T. ) ;
#1537 = PLANE ( 'NONE',  #4469 ) ;
#1538 = DIRECTION ( 'NONE',  ( -0.000000000000000000, -1.000000000000000000, -0.000000000000000000 ) ) ;
#1539 = VERTEX_POINT ( 'NONE', #6354 ) ;
#1540 = VECTOR ( 'NONE', #5709, 1000.000000000000000 ) ;
#1541 = ORIENTED_EDGE ( 'NONE', *, *, #1130, .T. ) ;
#1542 = LINE ( 'NONE', #432, #1189 ) ;
#1543 = MANIFOLD_SOLID_BREP ( 'Fillet1', #1616 ) ;
#1544 = LINE ( 'NONE', #2117, #1748 ) ;
#1545 = ADVANCED_FACE ( 'NONE', ( #2030 ), #5373, .F. ) ;
#1546 = DIRECTION ( 'NONE',  ( 1.000000000000000000, -0.000000000000000000, 0.000000000000000000 ) ) ;
#1547 = ORIENTED_EDGE ( 'NONE', *, *, #6969, .F. ) ;
#1548 = DIRECTION ( 'NONE',  ( -0.000000000000000000, -0.000000000000000000, -1.000000000000000000 ) ) ;
#1549 = AXIS2_PLACEMENT_3D ( 'NONE', #5235, #949, #2488 ) ;
#1550 = ORIENTED_EDGE ( 'NONE', *, *, #1752, .F. ) ;
#1551 = CARTESIAN_POINT ( 'NONE',  ( 35.99999999999999289, 3.199999999999999734, 2.499999999999996003 ) ) ;
#1552 = CARTESIAN_POINT ( 'NONE',  ( 17.89999999999997016, 2.700000000000000178, -4.499999999999999112 ) ) ;
#1553 = AXIS2_PLACEMENT_3D ( 'NONE', #1191, #658, #3964 ) ;
#1554 = CARTESIAN_POINT ( 'NONE',  ( -13.00000000000001066, 2.700000000000000178, 4.599999999999998757 ) ) ;
#1555 = DIRECTION ( 'NONE',  ( 1.000000000000000000, -0.000000000000000000, 0.000000000000000000 ) ) ;
#1556 = ORIENTED_EDGE ( 'NONE', *, *, #5459, .F. ) ;
#1557 = ORIENTED_EDGE ( 'NONE', *, *, #3546, .T. ) ;
#1558 = ADVANCED_FACE ( 'NONE', ( #1487 ), #4661, .F. ) ;
#1559 = DIRECTION ( 'NONE',  ( 3.469446951953613696E-16, 0.000000000000000000, 1.000000000000000000 ) ) ;
#1560 = DIRECTION ( 'NONE',  ( 0.000000000000000000, -1.000000000000000000, 0.000000000000000000 ) ) ;
#1561 = ORIENTED_EDGE ( 'NONE', *, *, #7041, .T. ) ;
#1562 = CARTESIAN_POINT ( 'NONE',  ( 27.09999999999998366, 2.700000000000000178, -5.499999999999999112 ) ) ;
#1563 = ORIENTED_EDGE ( 'NONE', *, *, #638, .F. ) ;
#1564 = FACE_OUTER_BOUND ( 'NONE', #4153, .T. ) ;
#1565 = ORIENTED_EDGE ( 'NONE', *, *, #6732, .F. ) ;
#1566 = ORIENTED_EDGE ( 'NONE', *, *, #5096, .T. ) ;
#1567 = ORIENTED_EDGE ( 'NONE', *, *, #4438, .F. ) ;
#1568 = LINE ( 'NONE', #3260, #2809 ) ;
#1569 = CARTESIAN_POINT ( 'NONE',  ( 30.00000000000000000, 2.000000000000000000, 2.499999999999996003 ) ) ;
#1570 = DIRECTION ( 'NONE',  ( -1.000000000000000000, -0.000000000000000000, -0.000000000000000000 ) ) ;
#1571 = ADVANCED_FACE ( 'NONE', ( #3580 ), #5780, .F. ) ;
#1572 = EDGE_CURVE ( 'NONE', #6039, #390, #7040, .T. ) ;
#1573 = DIRECTION ( 'NONE',  ( 0.000000000000000000, 0.000000000000000000, -1.000000000000000000 ) ) ;
#1574 = PRODUCT ( 'model_top', 'model_top', '', ( #6910 ) ) ;
#1575 = VERTEX_POINT ( 'NONE', #4364 ) ;
#1576 = EDGE_CURVE ( 'NONE', #1423, #3557, #517, .T. ) ;
#1577 = EDGE_LOOP ( 'NONE', ( #424, #1521, #6992, #5188 ) ) ;
#1578 = DIRECTION ( 'NONE',  ( -1.000000000000000000, 0.000000000000000000, -0.000000000000000000 ) ) ;
#1579 = CARTESIAN_POINT ( 'NONE',  ( 16.50000000000000355, 4.000000000000000000, -12.00000000000000355 ) ) ;
#1580 = CARTESIAN_POINT ( 'NONE',  ( 35.99999999999997868, 2.700000000000000178, 7.399999999999998579 ) ) ;
#1581 = DIRECTION ( 'NONE',  ( -1.000000000000000000, 0.000000000000000000, 0.000000000000000000 ) ) ;
#1582 = ADVANCED_FACE ( 'NONE', ( #6605 ), #3356, .F. ) ;
#1583 = ORIENTED_EDGE ( 'NONE', *, *, #1090, .F. ) ;
#1584 = LINE ( 'NONE', #1111, #2624 ) ;
#1585 = ORIENTED_EDGE ( 'NONE', *, *, #3952, .F. ) ;
#1586 = CARTESIAN_POINT ( 'NONE',  ( 8.999999999999994671, 3.199999999999999734, -2.500000000000004885 ) ) ;
#1587 = PLANE ( 'NONE',  #7025 ) ;
#1588 = AXIS2_PLACEMENT_3D ( 'NONE', #2839, #6767, #5145 ) ;
#1589 = DIRECTION ( 'NONE',  ( -0.000000000000000000, -1.000000000000000000, -0.000000000000000000 ) ) ;
#1590 = EDGE_CURVE ( 'NONE', #4105, #5669, #5476, .T. ) ;
#1591 = CARTESIAN_POINT ( 'NONE',  ( 17.89999999999997016, 2.000000000000000000, -5.499999999999999112 ) ) ;
#1592 = ORIENTED_EDGE ( 'NONE', *, *, #1706, .F. ) ;
#1593 = ORIENTED_EDGE ( 'NONE', *, *, #1001, .T. ) ;
#1594 = CARTESIAN_POINT ( 'NONE',  ( 36.50000000000000711, 4.000000000000000000, 12.00000000000000355 ) ) ;
#1595 = VECTOR ( 'NONE', #6367, 1000.000000000000000 ) ;
#1596 = LINE ( 'NONE', #3895, #7019 ) ;
#1597 = VECTOR ( 'NONE', #3661, 1000.000000000000000 ) ;
#1598 = CARTESIAN_POINT ( 'NONE',  ( 0.000000000000000000, 3.199999999999999734, -2.500000000000004441 ) ) ;
#1599 = VERTEX_POINT ( 'NONE', #4901 ) ;
#1600 = FACE_OUTER_BOUND ( 'NONE', #4838, .T. ) ;
#1601 = VECTOR ( 'NONE', #2, 1000.000000000000000 ) ;
#1602 = ORIENTED_EDGE ( 'NONE', *, *, #5862, .T. ) ;
#1603 = VERTEX_POINT ( 'NONE', #2638 ) ;
#1604 = VECTOR ( 'NONE', #5410, 1000.000000000000000 ) ;
#1605 = DIRECTION ( 'NONE',  ( 0.000000000000000000, 0.000000000000000000, -1.000000000000000000 ) ) ;
#1606 = CARTESIAN_POINT ( 'NONE',  ( 39.00000000000000711, 2.000000000000000000, -2.500000000000004885 ) ) ;
#1607 = CARTESIAN_POINT ( 'NONE',  ( -9.000000000000007105, 2.700000000000000178, 4.599999999999998757 ) ) ;
#1608 = VECTOR ( 'NONE', #415, 1000.000000000000000 ) ;
#1609 = VECTOR ( 'NONE', #6306, 1000.000000000000000 ) ;
#1610 = CARTESIAN_POINT ( 'NONE',  ( -2.900000000000013678, 2.000000000000000000, -5.499999999999999112 ) ) ;
#1611 = EDGE_LOOP ( 'NONE', ( #5572, #6672, #3737, #242 ) ) ;
#1612 = ORIENTED_EDGE ( 'NONE', *, *, #2019, .F. ) ;
#1613 = LINE ( 'NONE', #2618, #6727 ) ;
#1614 = DIRECTION ( 'NONE',  ( 2.891205793294675368E-16, 0.000000000000000000, -1.000000000000000000 ) ) ;
#1615 = VECTOR ( 'NONE', #5677, 1000.000000000000000 ) ;
#1616 = CLOSED_SHELL ( 'NONE', ( #3131, #3644, #7088, #1154, #4564, #4446, #4219, #1803, #4303, #5632, #1582, #7039, #2652, #4514, #2060, #1330, #4297, #5098, #4798, #6299, #6368, #3552, #6075, #128, #5798, #1152, #2143, #5638, #3656, #4708, #6194, #3173, #2937, #5004, #2499, #3707, #3215, #3682, #4733, #139, #1000, #1087, #763, #965, #4615, #1686, #6252, #224, #890, #2269, #1571, #5764, #7127, #2156, #6638, #5332, #6268, #1626, #3377, #2272, #4041, #2236, #3821, #1123, #4610, #5018, #3620, #3698, #617, #4260, #5177, #2805, #3991, #4748, #3075, #6678, #1093, #279, #2983, #1982, #881, #998, #4557, #420, #2311, #7014, #6478, #4650, #1708, #2668, #917, #2183, #5234, #5231, #5815, #5391, #4515, #6021, #43, #6333, #2111, #4170, #4296, #1946, #6930, #5150, #4399, #6459, #4080, #3476, #6703, #752, #2630, #6680, #2545, #4205, #6709, #4482, #79, #4516, #4001, #6477, #6030, #876, #5448, #702, #4172, #3030, #3769, #1812, #6244, #5506, #1504, #1281, #6412, #4912, #562, #491, #3204, #2231, #4700, #2627, #5773, #2452, #6903, #2327, #1192, #5143, #1908, #1930, #3330, #265, #5233, #657, #539, #2690, #2415, #1367, #3331, #3073, #3616, #663, #1545, #4864, #3295, #1558, #2458, #363, #3281, #402, #4359, #1418, #13, #4312, #2956, #2364, #3115, #5092, #650, #7082, #5360, #4337, #5269, #3643, #5238, #3022, #6865, #798, #4042, #3256, #5887, #4574, #1036, #2676, #3247, #5207, #3161, #270, #3861, #1455, #2944, #3157, #747, #395, #2144, #525, #2119, #5482, #4679, #3079, #5625, #5184, #3772, #5713, #4212, #6386, #237, #201, #4048, #1359, #1310, #5564, #3925, #3064, #2723, #5576, #5009, #1622, #5844, #3609, #1184, #357, #6822, #5978, #1528, #1796, #5358, #3463, #1179, #4208, #3087, #4976, #5848, #1448, #3605, #3863, #3434, #1988 ) ) ;
#1617 = PLANE ( 'NONE',  #5062 ) ;
#1618 = DIRECTION ( 'NONE',  ( 1.000000000000000000, -0.000000000000000000, 0.000000000000000000 ) ) ;
#1619 = VERTEX_POINT ( 'NONE', #447 ) ;
#1620 = LINE ( 'NONE', #2735, #6772 ) ;
#1621 = EDGE_CURVE ( 'NONE', #826, #6944, #1119, .T. ) ;
#1622 = ADVANCED_FACE ( 'NONE', ( #485 ), #4288, .T. ) ;
#1623 = ORIENTED_EDGE ( 'NONE', *, *, #1260, .T. ) ;
#1624 = DIRECTION ( 'NONE',  ( -1.000000000000000000, 0.000000000000000000, 0.000000000000000000 ) ) ;
#1625 = AXIS2_PLACEMENT_3D ( 'NONE', #5788, #1465, #859 ) ;
#1626 = ADVANCED_FACE ( 'NONE', ( #18 ), #2237, .F. ) ;
#1627 = PLANE ( 'NONE',  #5635 ) ;
#1628 = DIRECTION ( 'NONE',  ( -0.000000000000000000, -1.000000000000000000, -0.000000000000000000 ) ) ;
#1629 = VECTOR ( 'NONE', #1885, 1000.000000000000000 ) ;
#1630 = CARTESIAN_POINT ( 'NONE',  ( 15.00000000000000000, 2.000000000000000000, -2.500000000000004885 ) ) ;
#1631 = ORIENTED_EDGE ( 'NONE', *, *, #2592, .T. ) ;
#1632 = VERTEX_POINT ( 'NONE', #4938 ) ;
#1633 = DIRECTION ( 'NONE',  ( 0.000000000000000000, 0.000000000000000000, -1.000000000000000000 ) ) ;
#1634 = EDGE_CURVE ( 'NONE', #4152, #3911, #1014, .T. ) ;
#1635 = CARTESIAN_POINT ( 'NONE',  ( -8.000000000000007105, 2.000000000000000000, 4.599999999999998757 ) ) ;
#1636 = VECTOR ( 'NONE', #906, 1000.000000000000000 ) ;
#1637 = ORIENTED_EDGE ( 'NONE', *, *, #830, .T. ) ;
#1638 = CARTESIAN_POINT ( 'NONE',  ( 14.99999999999997158, 2.700000000000000178, 7.399999999999998579 ) ) ;
#1639 = ORIENTED_EDGE ( 'NONE', *, *, #148, .F. ) ;
#1640 = LINE ( 'NONE', #7081, #2177 ) ;
#1641 = EDGE_LOOP ( 'NONE', ( #6707, #2997, #688, #4973 ) ) ;
#1642 = ORIENTED_EDGE ( 'NONE', *, *, #4913, .T. ) ;
#1643 = CARTESIAN_POINT ( 'NONE',  ( -46.50000000000000711, 2.000000000000000000, -12.00000000000000000 ) ) ;
#1644 = APPLICATION_CONTEXT ( 'automotive_design' ) ;
#1645 = CARTESIAN_POINT ( 'NONE',  ( 23.99999999999999289, 2.000000000000000000, 2.499999999999996003 ) ) ;
#1646 = CARTESIAN_POINT ( 'NONE',  ( 17.89999999999997016, 2.700000000000000178, -5.499999999999999112 ) ) ;
#1647 = LINE ( 'NONE', #1101, #3848 ) ;
#1648 = VERTEX_POINT ( 'NONE', #1594 ) ;
#1649 = VERTEX_POINT ( 'NONE', #4433 ) ;
#1650 = CARTESIAN_POINT ( 'NONE',  ( -45.00000000000000711, 3.199999999999999734, 2.499999999999995115 ) ) ;
#1651 = CARTESIAN_POINT ( 'NONE',  ( -20.90000000000001634, 2.700000000000000178, -4.499999999999999112 ) ) ;
#1652 = CARTESIAN_POINT ( 'NONE',  ( 27.09999999999998366, 2.700000000000000178, -5.499999999999999112 ) ) ;
#1653 = CARTESIAN_POINT ( 'NONE',  ( 41.89999999999997726, 2.000000000000000000, -4.499999999999999112 ) ) ;
#1654 = FACE_OUTER_BOUND ( 'NONE', #6395, .T. ) ;
#1655 = ORIENTED_EDGE ( 'NONE', *, *, #754, .T. ) ;
#1656 = DIRECTION ( 'NONE',  ( -0.000000000000000000, -1.000000000000000000, -0.000000000000000000 ) ) ;
#1657 = ORIENTED_EDGE ( 'NONE', *, *, #5534, .F. ) ;
#1658 = DIRECTION ( 'NONE',  ( 0.000000000000000000, -0.000000000000000000, -1.000000000000000000 ) ) ;
#1659 = VECTOR ( 'NONE', #2940, 1000.000000000000000 ) ;
#1660 = DIRECTION ( 'NONE',  ( -0.000000000000000000, -0.000000000000000000, -1.000000000000000000 ) ) ;
#1661 = EDGE_CURVE ( 'NONE', #5783, #6660, #7107, .T. ) ;
#1662 = EDGE_CURVE ( 'NONE', #6660, #6776, #4398, .T. ) ;
#1663 = AXIS2_PLACEMENT_3D ( 'NONE', #2830, #6508, #4410 ) ;
#1664 = CARTESIAN_POINT ( 'NONE',  ( 47.99999999999998579, 2.000000000000000000, -2.500000000000004441 ) ) ;
#1665 = LINE ( 'NONE', #5986, #5507 ) ;
#1666 = EDGE_CURVE ( 'NONE', #1755, #4696, #6637, .T. ) ;
#1667 = ORIENTED_EDGE ( 'NONE', *, *, #6768, .F. ) ;
#1668 = ORIENTED_EDGE ( 'NONE', *, *, #603, .F. ) ;
#1669 = DIRECTION ( 'NONE',  ( -1.000000000000000000, -0.000000000000000000, -0.000000000000000000 ) ) ;
#1670 = VECTOR ( 'NONE', #1048, 1000.000000000000000 ) ;
#1671 = CARTESIAN_POINT ( 'NONE',  ( 33.09999999999998721, 2.700000000000000178, -4.499999999999999112 ) ) ;
#1672 = DIRECTION ( 'NONE',  ( 1.000000000000000000, -0.000000000000000000, 0.000000000000000000 ) ) ;
#1673 = VERTEX_POINT ( 'NONE', #6091 ) ;
#1674 = DIRECTION ( 'NONE',  ( 1.000000000000000000, -0.000000000000000000, 0.000000000000000000 ) ) ;
#1675 = EDGE_CURVE ( 'NONE', #5554, #6792, #3250, .T. ) ;
#1676 = ORIENTED_EDGE ( 'NONE', *, *, #5614, .F. ) ;
#1677 = ORIENTED_EDGE ( 'NONE', *, *, #3899, .T. ) ;
#1678 = LINE ( 'NONE', #5380, #3721 ) ;
#1679 = DIRECTION ( 'NONE',  ( 1.000000000000000000, -0.000000000000000000, -3.469446951953613696E-16 ) ) ;
#1680 = FACE_OUTER_BOUND ( 'NONE', #1611, .T. ) ;
#1681 = CARTESIAN_POINT ( 'NONE',  ( -26.50000000000000711, 2.000000000000000000, 12.00000000000000000 ) ) ;
#1682 = EDGE_LOOP ( 'NONE', ( #522, #1236, #4122, #3186 ) ) ;
#1683 = EDGE_CURVE ( 'NONE', #7049, #3557, #4324, .T. ) ;
#1684 = ORIENTED_EDGE ( 'NONE', *, *, #4427, .T. ) ;
#1685 = DIRECTION ( 'NONE',  ( -0.000000000000000000, -0.000000000000000000, 1.000000000000000000 ) ) ;
#1686 = ADVANCED_FACE ( 'NONE', ( #2133 ), #6527, .F. ) ;
#1687 = CARTESIAN_POINT ( 'NONE',  ( -51.50000000000000711, 0.000000000000000000, -10.00000000000000000 ) ) ;
#1688 = EDGE_CURVE ( 'NONE', #3767, #1705, #5654, .T. ) ;
#1689 = DIRECTION ( 'NONE',  ( 0.000000000000000000, 0.000000000000000000, -1.000000000000000000 ) ) ;
#1690 = CARTESIAN_POINT ( 'NONE',  ( 26.50000000000000711, 0.000000000000000000, -12.00000000000000000 ) ) ;
#1691 = VERTEX_POINT ( 'NONE', #5121 ) ;
#1692 = LINE ( 'NONE', #4456, #3773 ) ;
#1693 = VERTEX_POINT ( 'NONE', #626 ) ;
#1694 = LINE ( 'NONE', #4424, #3010 ) ;
#1695 = DIRECTION ( 'NONE',  ( 0.000000000000000000, -1.000000000000000000, 0.000000000000000000 ) ) ;
#1696 = DIRECTION ( 'NONE',  ( 0.000000000000000000, -1.000000000000000000, 0.000000000000000000 ) ) ;
#1697 = PLANE ( 'NONE',  #2404 ) ;
#1698 = VERTEX_POINT ( 'NONE', #3497 ) ;
#1699 = ORIENTED_EDGE ( 'NONE', *, *, #4624, .T. ) ;
#1700 = CARTESIAN_POINT ( 'NONE',  ( -51.50000000000000711, 2.000000000000000000, 10.00000000000000000 ) ) ;
#1701 = DIRECTION ( 'NONE',  ( -0.000000000000000000, -1.000000000000000000, -0.000000000000000000 ) ) ;
#1702 = DIRECTION ( 'NONE',  ( 1.000000000000000000, 0.000000000000000000, -0.000000000000000000 ) ) ;
#1703 = ORIENTED_EDGE ( 'NONE', *, *, #977, .F. ) ;
#1704 = DIRECTION ( 'NONE',  ( -0.000000000000000000, -1.000000000000000000, -0.000000000000000000 ) ) ;
#1705 = VERTEX_POINT ( 'NONE', #1775 ) ;
#1706 = EDGE_CURVE ( 'NONE', #2489, #498, #769, .T. ) ;
#1707 = VECTOR ( 'NONE', #82, 1000.000000000000000 ) ;
#1708 = ADVANCED_FACE ( 'NONE', ( #233 ), #6820, .F. ) ;
#1709 = VERTEX_POINT ( 'NONE', #6128 ) ;
#1710 = EDGE_CURVE ( 'NONE', #3108, #4781, #162, .T. ) ;
#1711 = DIRECTION ( 'NONE',  ( 0.000000000000000000, 0.000000000000000000, -1.000000000000000000 ) ) ;
#1712 = DIRECTION ( 'NONE',  ( -0.000000000000000000, -1.000000000000000000, -0.000000000000000000 ) ) ;
#1713 = LINE ( 'NONE', #4409, #806 ) ;
#1714 = EDGE_CURVE ( 'NONE', #484, #6809, #2850, .T. ) ;
#1715 = CARTESIAN_POINT ( 'NONE',  ( 5.999999999999998224, 2.000000000000000000, 2.499999999999996003 ) ) ;
#1716 = AXIS2_PLACEMENT_3D ( 'NONE', #4609, #372, #6885 ) ;
#1717 = ORIENTED_EDGE ( 'NONE', *, *, #6016, .T. ) ;
#1718 = VECTOR ( 'NONE', #1938, 1000.000000000000000 ) ;
#1719 = ORIENTED_EDGE ( 'NONE', *, *, #571, .F. ) ;
#1720 = LINE ( 'NONE', #6760, #6148 ) ;
#1721 = CARTESIAN_POINT ( 'NONE',  ( 17.89999999999997016, 2.700000000000000178, -4.499999999999999112 ) ) ;
#1722 = AXIS2_PLACEMENT_3D ( 'NONE', #4046, #5159, #131 ) ;
#1723 = FACE_OUTER_BOUND ( 'NONE', #4293, .T. ) ;
#1724 = AXIS2_PLACEMENT_3D ( 'NONE', #5781, #419, #1999 ) ;
#1725 = EDGE_CURVE ( 'NONE', #6525, #1231, #5550, .T. ) ;
#1726 = DIRECTION ( 'NONE',  ( 0.000000000000000000, 0.000000000000000000, 1.000000000000000000 ) ) ;
#1727 = FACE_OUTER_BOUND ( 'NONE', #549, .T. ) ;
#1728 = ORIENTED_EDGE ( 'NONE', *, *, #563, .T. ) ;
#1729 = CARTESIAN_POINT ( 'NONE',  ( 41.89999999999997726, 2.700000000000000178, -5.499999999999999112 ) ) ;
#1730 = AXIS2_PLACEMENT_3D ( 'NONE', #6891, #1957, #4180 ) ;
#1731 = ORIENTED_EDGE ( 'NONE', *, *, #6341, .T. ) ;
#1732 = FACE_OUTER_BOUND ( 'NONE', #6952, .T. ) ;
#1733 = FACE_OUTER_BOUND ( 'NONE', #6173, .T. ) ;
#1734 = FACE_OUTER_BOUND ( 'NONE', #2495, .T. ) ;
#1735 = DIRECTION ( 'NONE',  ( 0.000000000000000000, -0.000000000000000000, -1.000000000000000000 ) ) ;
#1736 = ORIENTED_EDGE ( 'NONE', *, *, #80, .T. ) ;
#1737 = VECTOR ( 'NONE', #6579, 1000.000000000000000 ) ;
#1738 = ORIENTED_EDGE ( 'NONE', *, *, #4840, .T. ) ;
#1739 = FACE_OUTER_BOUND ( 'NONE', #6534, .T. ) ;
#1740 = CARTESIAN_POINT ( 'NONE',  ( -42.10000000000001563, 2.700000000000000178, -5.499999999999999112 ) ) ;
#1741 = VECTOR ( 'NONE', #4220, 1000.000000000000000 ) ;
#1742 = DIRECTION ( 'NONE',  ( 0.000000000000000000, 0.000000000000000000, -1.000000000000000000 ) ) ;
#1743 = ORIENTED_EDGE ( 'NONE', *, *, #5441, .F. ) ;
#1744 = DIRECTION ( 'NONE',  ( -1.000000000000000000, 0.000000000000000000, 0.000000000000000000 ) ) ;
#1745 = ORIENTED_EDGE ( 'NONE', *, *, #564, .T. ) ;
#1746 = ORIENTED_EDGE ( 'NONE', *, *, #4173, .F. ) ;
#1747 = CARTESIAN_POINT ( 'NONE',  ( 2.999999999999995559, 3.199999999999999734, 2.499999999999995115 ) ) ;
#1748 = VECTOR ( 'NONE', #1440, 1000.000000000000000 ) ;
#1749 = CARTESIAN_POINT ( 'NONE',  ( 15.00000000000000000, 2.000000000000000000, -2.500000000000004885 ) ) ;
#1750 = CARTESIAN_POINT ( 'NONE',  ( 0.000000000000000000, 2.700000000000000178, 0.000000000000000000 ) ) ;
#1751 = EDGE_CURVE ( 'NONE', #578, #4152, #6782, .T. ) ;
#1752 = EDGE_CURVE ( 'NONE', #5134, #6053, #5010, .T. ) ;
#1753 = EDGE_CURVE ( 'NONE', #4752, #5512, #1197, .T. ) ;
#1754 = FACE_BOUND ( 'NONE', #5395, .T. ) ;
#1755 = VERTEX_POINT ( 'NONE', #6710 ) ;
#1756 = ORIENTED_EDGE ( 'NONE', *, *, #311, .T. ) ;
#1757 = DIRECTION ( 'NONE',  ( -0.000000000000000000, -1.000000000000000000, -0.000000000000000000 ) ) ;
#1758 = CARTESIAN_POINT ( 'NONE',  ( 9.099999999999983658, 2.000000000000000000, -4.499999999999999112 ) ) ;
#1759 = EDGE_CURVE ( 'NONE', #4431, #1962, #199, .T. ) ;
#1760 = DIRECTION ( 'NONE',  ( 1.000000000000000000, -0.000000000000000000, -3.469446951953613696E-16 ) ) ;
#1761 = DIRECTION ( 'NONE',  ( 0.000000000000000000, -1.000000000000000000, 0.000000000000000000 ) ) ;
#1762 = VERTEX_POINT ( 'NONE', #4573 ) ;
#1763 = FACE_OUTER_BOUND ( 'NONE', #1364, .T. ) ;
#1764 = EDGE_LOOP ( 'NONE', ( #3344, #6627, #1167, #6601 ) ) ;
#1765 = FACE_OUTER_BOUND ( 'NONE', #4368, .T. ) ;
#1766 = EDGE_CURVE ( 'NONE', #1705, #7056, #3933, .T. ) ;
#1767 = DIRECTION ( 'NONE',  ( -0.000000000000000000, -0.000000000000000000, -1.000000000000000000 ) ) ;
#1768 =( GEOMETRIC_REPRESENTATION_CONTEXT ( 3 ) GLOBAL_UNCERTAINTY_ASSIGNED_CONTEXT ( ( #6419 ) ) GLOBAL_UNIT_ASSIGNED_CONTEXT ( ( #607, #5748, #4703 ) ) REPRESENTATION_CONTEXT ( 'NONE', 'WORKASPACE' ) );
#1769 = CARTESIAN_POINT ( 'NONE',  ( 41.99999999999999289, 2.000000000000000000, 2.499999999999996003 ) ) ;
#1770 = LINE ( 'NONE', #4032, #6852 ) ;
#1771 = DIRECTION ( 'NONE',  ( -0.000000000000000000, -0.000000000000000000, 1.000000000000000000 ) ) ;
#1772 = VECTOR ( 'NONE', #5213, 1000.000000000000000 ) ;
#1773 = VERTEX_POINT ( 'NONE', #2345 ) ;
#1774 = DIRECTION ( 'NONE',  ( 1.000000000000000000, 0.000000000000000000, -0.000000000000000000 ) ) ;
#1775 = CARTESIAN_POINT ( 'NONE',  ( 53.50000000000000711, 4.000000000000000000, -10.00000000000000000 ) ) ;
#1776 = DIRECTION ( 'NONE',  ( 1.000000000000000000, -0.000000000000000000, 0.000000000000000000 ) ) ;
#1777 = VECTOR ( 'NONE', #4166, 1000.000000000000000 ) ;
#1778 = CARTESIAN_POINT ( 'NONE',  ( -24.00000000000000000, 3.199999999999999734, 2.499999999999996003 ) ) ;
#1779 = VERTEX_POINT ( 'NONE', #3425 ) ;
#1780 = CARTESIAN_POINT ( 'NONE',  ( -8.900000000000019895, 2.000000000000000000, -4.499999999999999112 ) ) ;
#1781 = VECTOR ( 'NONE', #500, 1000.000000000000000 ) ;
#1782 = ORIENTED_EDGE ( 'NONE', *, *, #1224, .T. ) ;
#1783 = VECTOR ( 'NONE', #6243, 1000.000000000000000 ) ;
#1784 = ORIENTED_EDGE ( 'NONE', *, *, #2894, .F. ) ;
#1785 = DIRECTION ( 'NONE',  ( 1.000000000000000000, -0.000000000000000000, 0.000000000000000000 ) ) ;
#1786 = DIRECTION ( 'NONE',  ( 0.000000000000000000, 0.000000000000000000, -1.000000000000000000 ) ) ;
#1787 = DIRECTION ( 'NONE',  ( -1.000000000000000000, -0.000000000000000000, -0.000000000000000000 ) ) ;
#1788 = ORIENTED_EDGE ( 'NONE', *, *, #1411, .T. ) ;
#1789 = ORIENTED_EDGE ( 'NONE', *, *, #582, .F. ) ;
#1790 = CARTESIAN_POINT ( 'NONE',  ( -18.10000000000001918, 2.700000000000000178, -4.499999999999999112 ) ) ;
#1791 = LINE ( 'NONE', #2360, #4868 ) ;
#1792 = EDGE_CURVE ( 'NONE', #2962, #5792, #2953, .T. ) ;
#1793 = CARTESIAN_POINT ( 'NONE',  ( 5.899999999999988809, 2.700000000000000178, -5.499999999999999112 ) ) ;
#1794 = CARTESIAN_POINT ( 'NONE',  ( -51.50000000000000711, 0.000000000000000000, 10.00000000000000000 ) ) ;
#1795 = CARTESIAN_POINT ( 'NONE',  ( -2.900000000000013678, 2.700000000000000178, -5.499999999999999112 ) ) ;
#1796 = ADVANCED_FACE ( 'NONE', ( #1739 ), #86, .T. ) ;
#1797 = ORIENTED_EDGE ( 'NONE', *, *, #6161, .F. ) ;
#1798 = PLANE ( 'NONE',  #347 ) ;
#1799 = VERTEX_POINT ( 'NONE', #5083 ) ;
#1800 = FACE_OUTER_BOUND ( 'NONE', #6734, .T. ) ;
#1801 = EDGE_CURVE ( 'NONE', #276, #4675, #1232, .T. ) ;
#1802 = DIRECTION ( 'NONE',  ( -0.000000000000000000, -0.000000000000000000, 1.000000000000000000 ) ) ;
#1803 = ADVANCED_FACE ( 'NONE', ( #2306 ), #6203, .F. ) ;
#1804 = DIRECTION ( 'NONE',  ( -0.000000000000000000, -1.000000000000000000, -0.000000000000000000 ) ) ;
#1805 = EDGE_CURVE ( 'NONE', #6591, #1875, #5695, .T. ) ;
#1806 = CARTESIAN_POINT ( 'NONE',  ( 46.50000000000000711, 2.000000000000000000, -12.00000000000000000 ) ) ;
#1807 = VERTEX_POINT ( 'NONE', #664 ) ;
#1808 = DIRECTION ( 'NONE',  ( 0.000000000000000000, 0.000000000000000000, 1.000000000000000000 ) ) ;
#1809 = VERTEX_POINT ( 'NONE', #1811 ) ;
#1810 = LINE ( 'NONE', #5587, #2078 ) ;
#1811 = CARTESIAN_POINT ( 'NONE',  ( -14.90000000000001101, 2.700000000000000178, -4.499999999999999112 ) ) ;
#1812 = ADVANCED_FACE ( 'NONE', ( #4000 ), #6966, .F. ) ;
#1813 = CARTESIAN_POINT ( 'NONE',  ( -30.00000000000000711, 3.199999999999999734, 2.499999999999996003 ) ) ;
#1814 = EDGE_CURVE ( 'NONE', #203, #3219, #803, .T. ) ;
#1815 = DIRECTION ( 'NONE',  ( -1.000000000000000000, 0.000000000000000000, 0.000000000000000000 ) ) ;
#1816 = ORIENTED_EDGE ( 'NONE', *, *, #520, .F. ) ;
#1817 = DIRECTION ( 'NONE',  ( 0.000000000000000000, 0.000000000000000000, 1.000000000000000000 ) ) ;
#1818 = ORIENTED_EDGE ( 'NONE', *, *, #2674, .T. ) ;
#1819 = VERTEX_POINT ( 'NONE', #6890 ) ;
#1820 = DIRECTION ( 'NONE',  ( -1.000000000000000000, -0.000000000000000000, -0.000000000000000000 ) ) ;
#1821 = CARTESIAN_POINT ( 'NONE',  ( -27.00000000000000355, 2.000000000000000000, 2.499999999999995115 ) ) ;
#1822 = FACE_BOUND ( 'NONE', #1158, .T. ) ;
#1823 = VERTEX_POINT ( 'NONE', #1449 ) ;
#1824 = VECTOR ( 'NONE', #4348, 1000.000000000000000 ) ;
#1825 = ORIENTED_EDGE ( 'NONE', *, *, #6112, .T. ) ;
#1826 = DIRECTION ( 'NONE',  ( 1.000000000000000000, -0.000000000000000000, -0.000000000000000000 ) ) ;
#1827 = DIRECTION ( 'NONE',  ( -1.000000000000000000, -0.000000000000000000, -0.000000000000000000 ) ) ;
#1828 = FACE_OUTER_BOUND ( 'NONE', #2433, .T. ) ;
#1829 = CARTESIAN_POINT ( 'NONE',  ( 47.89999999999997016, 2.700000000000000178, -5.499999999999999112 ) ) ;
#1830 = AXIS2_PLACEMENT_3D ( 'NONE', #2191, #541, #6045 ) ;
#1831 = VECTOR ( 'NONE', #538, 1000.000000000000000 ) ;
#1832 = DIRECTION ( 'NONE',  ( 0.000000000000000000, -1.000000000000000000, 0.000000000000000000 ) ) ;
#1833 = ORIENTED_EDGE ( 'NONE', *, *, #5182, .F. ) ;
#1834 = ORIENTED_EDGE ( 'NONE', *, *, #1683, .F. ) ;
#1835 = DIRECTION ( 'NONE',  ( -0.000000000000000000, -0.000000000000000000, 1.000000000000000000 ) ) ;
#1836 = VECTOR ( 'NONE', #2490, 1000.000000000000000 ) ;
#1837 = FACE_OUTER_BOUND ( 'NONE', #6005, .T. ) ;
#1838 = VECTOR ( 'NONE', #6250, 1000.000000000000000 ) ;
#1839 = FACE_OUTER_BOUND ( 'NONE', #7091, .T. ) ;
#1840 = EDGE_CURVE ( 'NONE', #4132, #1220, #5194, .T. ) ;
#1841 = EDGE_CURVE ( 'NONE', #4803, #6278, #4245, .T. ) ;
#1842 = CARTESIAN_POINT ( 'NONE',  ( 38.99999999999997868, 2.700000000000000178, 7.399999999999998579 ) ) ;
#1843 = VECTOR ( 'NONE', #1804, 1000.000000000000000 ) ;
#1844 = EDGE_LOOP ( 'NONE', ( #6273, #5440, #2061, #6473 ) ) ;
#1845 = LINE ( 'NONE', #3492, #7113 ) ;
#1846 = ORIENTED_EDGE ( 'NONE', *, *, #6329, .F. ) ;
#1847 = ORIENTED_EDGE ( 'NONE', *, *, #6773, .T. ) ;
#1848 = EDGE_CURVE ( 'NONE', #789, #6591, #2565, .T. ) ;
#1849 = CARTESIAN_POINT ( 'NONE',  ( 53.50000000000000711, 4.000000000000000000, -10.00000000000000000 ) ) ;
#1850 = LINE ( 'NONE', #3394, #3678 ) ;
#1851 = VECTOR ( 'NONE', #3571, 1000.000000000000000 ) ;
#1852 = LINE ( 'NONE', #1778, #1783 ) ;
#1853 = ORIENTED_EDGE ( 'NONE', *, *, #4253, .F. ) ;
#1854 = VECTOR ( 'NONE', #3225, 1000.000000000000000 ) ;
#1855 = CARTESIAN_POINT ( 'NONE',  ( 35.99999999999999289, 3.199999999999999734, -2.500000000000004441 ) ) ;
#1856 = ORIENTED_EDGE ( 'NONE', *, *, #398, .F. ) ;
#1857 = VERTEX_POINT ( 'NONE', #5836 ) ;
#1858 = EDGE_LOOP ( 'NONE', ( #5558, #554, #1789, #6031 ) ) ;
#1859 = EDGE_CURVE ( 'NONE', #5475, #1206, #4179, .T. ) ;
#1860 = DIRECTION ( 'NONE',  ( -0.000000000000000000, -1.000000000000000000, -0.000000000000000000 ) ) ;
#1861 = DIRECTION ( 'NONE',  ( -0.000000000000000000, -1.000000000000000000, -0.000000000000000000 ) ) ;
#1862 = VECTOR ( 'NONE', #2710, 1000.000000000000000 ) ;
#1863 = VERTEX_POINT ( 'NONE', #3065 ) ;
#1864 = FACE_BOUND ( 'NONE', #636, .T. ) ;
#1865 = ORIENTED_EDGE ( 'NONE', *, *, #2559, .F. ) ;
#1866 = EDGE_LOOP ( 'NONE', ( #101, #6310, #4623, #989 ) ) ;
#1867 = VECTOR ( 'NONE', #2775, 1000.000000000000000 ) ;
#1868 = ORIENTED_EDGE ( 'NONE', *, *, #5103, .F. ) ;
#1869 = CARTESIAN_POINT ( 'NONE',  ( -3.000000000000002665, 3.199999999999999734, -2.500000000000004885 ) ) ;
#1870 = CARTESIAN_POINT ( 'NONE',  ( 35.89999999999998437, 2.000000000000000000, -4.499999999999999112 ) ) ;
#1871 = FACE_OUTER_BOUND ( 'NONE', #6713, .T. ) ;
#1872 = AXIS2_PLACEMENT_3D ( 'NONE', #6957, #3770, #3232 ) ;
#1873 = CARTESIAN_POINT ( 'NONE',  ( -33.00000000000001421, 2.000000000000000000, 4.599999999999998757 ) ) ;
#1874 = EDGE_LOOP ( 'NONE', ( #5708, #7021, #5644, #2925 ) ) ;
#1875 = VERTEX_POINT ( 'NONE', #2022 ) ;
#1876 = FACE_OUTER_BOUND ( 'NONE', #1003, .T. ) ;
#1877 = DIRECTION ( 'NONE',  ( 0.000000000000000000, -0.000000000000000000, -1.000000000000000000 ) ) ;
#1878 = CARTESIAN_POINT ( 'NONE',  ( -33.00000000000001421, 2.700000000000000178, 7.399999999999998579 ) ) ;
#1879 = CARTESIAN_POINT ( 'NONE',  ( -12.00000000000001066, 2.000000000000000000, 7.399999999999998579 ) ) ;
#1880 = EDGE_CURVE ( 'NONE', #2103, #4774, #5263, .T. ) ;
#1881 = DIRECTION ( 'NONE',  ( 1.000000000000000000, 0.000000000000000000, 1.445602896647344340E-16 ) ) ;
#1882 = EDGE_LOOP ( 'NONE', ( #4554, #1404, #5378, #3806 ) ) ;
#1883 = CARTESIAN_POINT ( 'NONE',  ( 39.99999999999997868, 2.700000000000000178, 4.599999999999998757 ) ) ;
#1884 = EDGE_CURVE ( 'NONE', #239, #1385, #5301, .T. ) ;
#1885 = DIRECTION ( 'NONE',  ( 1.000000000000000000, -0.000000000000000000, 2.891205793294675861E-16 ) ) ;
#1886 = EDGE_CURVE ( 'NONE', #738, #3423, #4685, .T. ) ;
#1887 = CARTESIAN_POINT ( 'NONE',  ( -46.50000000000000711, 0.000000000000000000, -12.00000000000000000 ) ) ;
#1888 = CARTESIAN_POINT ( 'NONE',  ( 5.899999999999988809, 2.700000000000000178, -4.499999999999999112 ) ) ;
#1889 = EDGE_CURVE ( 'NONE', #987, #5460, #4107, .T. ) ;
#1890 = ORIENTED_EDGE ( 'NONE', *, *, #5668, .T. ) ;
#1891 = FACE_OUTER_BOUND ( 'NONE', #4518, .T. ) ;
#1892 = ORIENTED_EDGE ( 'NONE', *, *, #3419, .T. ) ;
#1893 = VERTEX_POINT ( 'NONE', #6934 ) ;
#1894 = LINE ( 'NONE', #813, #3576 ) ;
#1895 = AXIS2_PLACEMENT_3D ( 'NONE', #3224, #1605, #6614 ) ;
#1896 = CARTESIAN_POINT ( 'NONE',  ( 39.00000000000000711, 3.199999999999999734, -2.500000000000004885 ) ) ;
#1897 = FACE_BOUND ( 'NONE', #2760, .T. ) ;
#1898 = EDGE_CURVE ( 'NONE', #578, #731, #2058, .T. ) ;
#1899 = VERTEX_POINT ( 'NONE', #4213 ) ;
#1900 = AXIS2_PLACEMENT_3D ( 'NONE', #3218, #6027, #2680 ) ;
#1901 = VERTEX_POINT ( 'NONE', #5229 ) ;
#1902 = ORIENTED_EDGE ( 'NONE', *, *, #6729, .T. ) ;
#1903 = DIRECTION ( 'NONE',  ( -1.000000000000000000, 0.000000000000000000, -0.000000000000000000 ) ) ;
#1904 = DIRECTION ( 'NONE',  ( -0.000000000000000000, -0.000000000000000000, -1.000000000000000000 ) ) ;
#1905 = DIRECTION ( 'NONE',  ( 0.000000000000000000, 0.000000000000000000, 1.000000000000000000 ) ) ;
#1906 = VECTOR ( 'NONE', #511, 1000.000000000000000 ) ;
#1907 = PLANE ( 'NONE',  #2577 ) ;
#1908 = ADVANCED_FACE ( 'NONE', ( #6409 ), #4145, .F. ) ;
#1909 = VERTEX_POINT ( 'NONE', #946 ) ;
#1910 = VERTEX_POINT ( 'NONE', #6346 ) ;
#1911 = CARTESIAN_POINT ( 'NONE',  ( 5.899999999999988809, 2.700000000000000178, -5.499999999999999112 ) ) ;
#1912 = EDGE_CURVE ( 'NONE', #2849, #5527, #6447, .T. ) ;
#1913 = DIRECTION ( 'NONE',  ( -0.000000000000000000, -1.000000000000000000, -0.000000000000000000 ) ) ;
#1914 = CARTESIAN_POINT ( 'NONE',  ( -37.00000000000002132, 2.000000000000000000, 7.399999999999998579 ) ) ;
#1915 = PLANE ( 'NONE',  #2974 ) ;
#1916 = LINE ( 'NONE', #6962, #3662 ) ;
#1917 = EDGE_LOOP ( 'NONE', ( #1097, #3016, #6444, #7085 ) ) ;
#1918 = CARTESIAN_POINT ( 'NONE',  ( -53.50000000000000711, 4.000000000000000000, 10.00000000000000000 ) ) ;
#1919 = CARTESIAN_POINT ( 'NONE',  ( -30.00000000000000711, 3.199999999999999734, 2.499999999999996003 ) ) ;
#1920 = PLANE ( 'NONE',  #3447 ) ;
#1921 = DIRECTION ( 'NONE',  ( -0.000000000000000000, -1.000000000000000000, -0.000000000000000000 ) ) ;
#1922 = ORIENTED_EDGE ( 'NONE', *, *, #183, .F. ) ;
#1923 = CARTESIAN_POINT ( 'NONE',  ( -3.000000000000002665, 3.199999999999999734, 2.499999999999995115 ) ) ;
#1924 = EDGE_LOOP ( 'NONE', ( #1453, #2034, #661, #1890 ) ) ;
#1925 = ORIENTED_EDGE ( 'NONE', *, *, #5272, .T. ) ;
#1926 = LINE ( 'NONE', #6941, #20 ) ;
#1927 = DIRECTION ( 'NONE',  ( -1.000000000000000000, -0.000000000000000000, 3.469446951953613696E-16 ) ) ;
#1928 = DIRECTION ( 'NONE',  ( 0.000000000000000000, 0.000000000000000000, 1.000000000000000000 ) ) ;
#1929 = ORIENTED_EDGE ( 'NONE', *, *, #3117, .F. ) ;
#1930 = ADVANCED_FACE ( 'NONE', ( #5335 ), #2597, .F. ) ;
#1931 = DIRECTION ( 'NONE',  ( -0.000000000000000000, -1.000000000000000000, -0.000000000000000000 ) ) ;
#1932 = EDGE_CURVE ( 'NONE', #7049, #1863, #3531, .T. ) ;
#1933 = ORIENTED_EDGE ( 'NONE', *, *, #5272, .F. ) ;
#1934 = ORIENTED_EDGE ( 'NONE', *, *, #6926, .F. ) ;
#1935 = CARTESIAN_POINT ( 'NONE',  ( -51.50000000000000711, 2.000000000000000000, 10.00000000000000000 ) ) ;
#1936 = PLANE ( 'NONE',  #5525 ) ;
#1937 = EDGE_CURVE ( 'NONE', #4376, #6053, #4649, .T. ) ;
#1938 = DIRECTION ( 'NONE',  ( 1.000000000000000000, 0.000000000000000000, 0.000000000000000000 ) ) ;
#1939 = AXIS2_PLACEMENT_3D ( 'NONE', #3937, #6133, #2855 ) ;
#1940 = DIRECTION ( 'NONE',  ( -0.000000000000000000, -0.000000000000000000, 1.000000000000000000 ) ) ;
#1941 = ORIENTED_EDGE ( 'NONE', *, *, #2674, .F. ) ;
#1942 = VERTEX_POINT ( 'NONE', #5771 ) ;
#1943 = CARTESIAN_POINT ( 'NONE',  ( 47.89999999999997016, 2.700000000000000178, -5.499999999999999112 ) ) ;
#1944 = CARTESIAN_POINT ( 'NONE',  ( -18.10000000000001918, 2.000000000000000000, -4.499999999999999112 ) ) ;
#1945 = VECTOR ( 'NONE', #1548, 1000.000000000000000 ) ;
#1946 = ADVANCED_FACE ( 'NONE', ( #647 ), #5495, .F. ) ;
#1947 = AXIS2_PLACEMENT_3D ( 'NONE', #3550, #6728, #4597 ) ;
#1948 = DIRECTION ( 'NONE',  ( -0.000000000000000000, -1.000000000000000000, -0.000000000000000000 ) ) ;
#1949 = LINE ( 'NONE', #2987, #2128 ) ;
#1950 = VECTOR ( 'NONE', #285, 1000.000000000000000 ) ;
#1951 = CARTESIAN_POINT ( 'NONE',  ( -36.50000000000000711, 4.000000000000000000, 10.00000000000000000 ) ) ;
#1952 = VECTOR ( 'NONE', #1490, 1000.000000000000000 ) ;
#1953 = VERTEX_POINT ( 'NONE', #147 ) ;
#1954 = DIRECTION ( 'NONE',  ( 0.000000000000000000, -0.000000000000000000, -1.000000000000000000 ) ) ;
#1955 = DIRECTION ( 'NONE',  ( -0.000000000000000000, -1.000000000000000000, -0.000000000000000000 ) ) ;
#1956 = VECTOR ( 'NONE', #5913, 1000.000000000000000 ) ;
#1957 = DIRECTION ( 'NONE',  ( -3.469446951953613696E-16, 0.000000000000000000, -1.000000000000000000 ) ) ;
#1958 = VECTOR ( 'NONE', #2881, 1000.000000000000000 ) ;
#1959 = CARTESIAN_POINT ( 'NONE',  ( -42.10000000000001563, 2.700000000000000178, -5.499999999999999112 ) ) ;
#1960 = ORIENTED_EDGE ( 'NONE', *, *, #191, .T. ) ;
#1961 = DIRECTION ( 'NONE',  ( 1.000000000000000000, -0.000000000000000000, 2.891205793294675861E-16 ) ) ;
#1962 = VERTEX_POINT ( 'NONE', #3302 ) ;
#1963 = ORIENTED_EDGE ( 'NONE', *, *, #7017, .F. ) ;
#1964 = AXIS2_PLACEMENT_3D ( 'NONE', #182, #1214, #1903 ) ;
#1965 = AXIS2_PLACEMENT_3D ( 'NONE', #5497, #3378, #1689 ) ;
#1966 = LINE ( 'NONE', #6455, #2308 ) ;
#1967 = CARTESIAN_POINT ( 'NONE',  ( 33.09999999999998721, 2.700000000000000178, -5.499999999999999112 ) ) ;
#1968 = DIRECTION ( 'NONE',  ( -1.000000000000000000, -0.000000000000000000, -1.445602896647344340E-16 ) ) ;
#1969 = ORIENTED_EDGE ( 'NONE', *, *, #4607, .T. ) ;
#1970 = DIRECTION ( 'NONE',  ( 0.000000000000000000, -0.000000000000000000, -1.000000000000000000 ) ) ;
#1971 = ORIENTED_EDGE ( 'NONE', *, *, #4430, .T. ) ;
#1972 = ORIENTED_EDGE ( 'NONE', *, *, #1233, .T. ) ;
#1973 = FACE_OUTER_BOUND ( 'NONE', #4151, .T. ) ;
#1974 = VECTOR ( 'NONE', #5318, 1000.000000000000000 ) ;
#1975 = CARTESIAN_POINT ( 'NONE',  ( 3.099999999999991651, 2.000000000000000000, -5.499999999999999112 ) ) ;
#1976 = CARTESIAN_POINT ( 'NONE',  ( 9.099999999999983658, 2.700000000000000178, -4.499999999999999112 ) ) ;
#1977 = EDGE_CURVE ( 'NONE', #1539, #6510, #3339, .T. ) ;
#1978 = EDGE_CURVE ( 'NONE', #7056, #6255, #6073, .T. ) ;
#1979 = EDGE_CURVE ( 'NONE', #6054, #1899, #2835, .T. ) ;
#1980 = LINE ( 'NONE', #6951, #1777 ) ;
#1981 = VERTEX_POINT ( 'NONE', #6043 ) ;
#1982 = ADVANCED_FACE ( 'NONE', ( #1723 ), #6008, .F. ) ;
#1983 = ORIENTED_EDGE ( 'NONE', *, *, #5392, .T. ) ;
#1984 = LINE ( 'NONE', #4753, #5615 ) ;
#1985 = CARTESIAN_POINT ( 'NONE',  ( -21.00000000000000355, 2.000000000000000000, 2.499999999999995115 ) ) ;
#1986 = AXIS2_PLACEMENT_3D ( 'NONE', #3309, #1624, #4351 ) ;
#1987 = DIRECTION ( 'NONE',  ( 1.000000000000000000, -0.000000000000000000, -0.000000000000000000 ) ) ;
#1988 = ADVANCED_FACE ( 'NONE', ( #6656 ), #3375, .T. ) ;
#1989 = CARTESIAN_POINT ( 'NONE',  ( 47.89999999999997016, 2.700000000000000178, -4.499999999999999112 ) ) ;
#1990 = ORIENTED_EDGE ( 'NONE', *, *, #5680, .F. ) ;
#1991 = DIRECTION ( 'NONE',  ( 0.000000000000000000, -1.000000000000000000, 0.000000000000000000 ) ) ;
#1992 = DIRECTION ( 'NONE',  ( 1.000000000000000000, -0.000000000000000000, -0.000000000000000000 ) ) ;
#1993 = PLANE ( 'NONE',  #1730 ) ;
#1994 = DIRECTION ( 'NONE',  ( -1.000000000000000000, 0.000000000000000000, 0.000000000000000000 ) ) ;
#1995 = LINE ( 'NONE', #2529, #6210 ) ;
#1996 = ORIENTED_EDGE ( 'NONE', *, *, #6328, .F. ) ;
#1997 = ORIENTED_EDGE ( 'NONE', *, *, #5362, .F. ) ;
#1998 = DIRECTION ( 'NONE',  ( 1.000000000000000000, -0.000000000000000000, 2.891205793294688680E-16 ) ) ;
#1999 = DIRECTION ( 'NONE',  ( 1.000000000000000000, 0.000000000000000000, 1.445602896647337684E-16 ) ) ;
#2000 = CARTESIAN_POINT ( 'NONE',  ( 16.50000000000000355, 0.000000000000000000, -10.00000000000000000 ) ) ;
#2001 = ORIENTED_EDGE ( 'NONE', *, *, #3558, .T. ) ;
#2002 = DIRECTION ( 'NONE',  ( -0.000000000000000000, -0.000000000000000000, 1.000000000000000000 ) ) ;
#2003 = ORIENTED_EDGE ( 'NONE', *, *, #3822, .F. ) ;
#2004 = VECTOR ( 'NONE', #1832, 1000.000000000000000 ) ;
#2005 = ORIENTED_EDGE ( 'NONE', *, *, #5990, .F. ) ;
#2006 = DIRECTION ( 'NONE',  ( 1.000000000000000000, 0.000000000000000000, 0.000000000000000000 ) ) ;
#2007 = DIRECTION ( 'NONE',  ( 0.000000000000000000, 0.000000000000000000, -1.000000000000000000 ) ) ;
#2008 = DIRECTION ( 'NONE',  ( -1.000000000000000000, 0.000000000000000000, 0.000000000000000000 ) ) ;
#2009 = AXIS2_PLACEMENT_3D ( 'NONE', #4435, #1672, #3795 ) ;
#2010 = PLANE ( 'NONE',  #6142 ) ;
#2011 = ORIENTED_EDGE ( 'NONE', *, *, #1383, .F. ) ;
#2012 = ORIENTED_EDGE ( 'NONE', *, *, #964, .T. ) ;
#2013 = CARTESIAN_POINT ( 'NONE',  ( -9.000000000000007105, 2.700000000000000178, 4.599999999999998757 ) ) ;
#2014 = LINE ( 'NONE', #6924, #6464 ) ;
#2015 = CIRCLE ( 'NONE', #2474, 2.000000000000000000 ) ;
#2016 = DIRECTION ( 'NONE',  ( -0.000000000000000000, -0.000000000000000000, 1.000000000000000000 ) ) ;
#2017 = DIRECTION ( 'NONE',  ( -0.000000000000000000, -0.000000000000000000, 1.000000000000000000 ) ) ;
#2018 = EDGE_CURVE ( 'NONE', #382, #6247, #6114, .T. ) ;
#2019 = EDGE_CURVE ( 'NONE', #1709, #3000, #4451, .T. ) ;
#2020 = ORIENTED_EDGE ( 'NONE', *, *, #3687, .F. ) ;
#2021 = LINE ( 'NONE', #4211, #5657 ) ;
#2022 = CARTESIAN_POINT ( 'NONE',  ( -18.00000000000000355, 2.000000000000000000, -2.500000000000004441 ) ) ;
#2023 = EDGE_CURVE ( 'NONE', #4226, #5406, #5026, .T. ) ;
#2024 = DIRECTION ( 'NONE',  ( -1.000000000000000000, 0.000000000000000000, 0.000000000000000000 ) ) ;
#2025 = DIRECTION ( 'NONE',  ( 2.891205793294675368E-16, 0.000000000000000000, -1.000000000000000000 ) ) ;
#2026 = DIRECTION ( 'NONE',  ( -0.000000000000000000, -1.000000000000000000, -0.000000000000000000 ) ) ;
#2027 = VERTEX_POINT ( 'NONE', #106 ) ;
#2028 = EDGE_CURVE ( 'NONE', #1942, #1648, #1143, .T. ) ;
#2029 = ORIENTED_EDGE ( 'NONE', *, *, #4388, .F. ) ;
#2030 = FACE_OUTER_BOUND ( 'NONE', #4477, .T. ) ;
#2031 = EDGE_CURVE ( 'NONE', #1648, #4119, #2747, .T. ) ;
#2032 = PLANE ( 'NONE',  #1724 ) ;
#2033 = DIRECTION ( 'NONE',  ( 6.938893903907227392E-16, -0.000000000000000000, -1.000000000000000000 ) ) ;
#2034 = ORIENTED_EDGE ( 'NONE', *, *, #3200, .F. ) ;
#2035 = CARTESIAN_POINT ( 'NONE',  ( 34.99999999999997868, 2.000000000000000000, 7.399999999999998579 ) ) ;
#2036 = ORIENTED_EDGE ( 'NONE', *, *, #5205, .T. ) ;
#2037 = EDGE_LOOP ( 'NONE', ( #3998, #2719, #2602, #4915, #3743 ) ) ;
#2038 = FACE_OUTER_BOUND ( 'NONE', #431, .T. ) ;
#2039 = DIRECTION ( 'NONE',  ( -0.000000000000000000, -1.000000000000000000, -0.000000000000000000 ) ) ;
#2040 = FACE_OUTER_BOUND ( 'NONE', #6334, .T. ) ;
#2041 = LINE ( 'NONE', #6364, #6963 ) ;
#2042 = ORIENTED_EDGE ( 'NONE', *, *, #970, .T. ) ;
#2043 = EDGE_LOOP ( 'NONE', ( #4620, #180, #3578, #1996 ) ) ;
#2044 = CARTESIAN_POINT ( 'NONE',  ( 16.50000000000000355, 4.000000000000000000, 12.00000000000000355 ) ) ;
#2045 = LINE ( 'NONE', #5295, #7044 ) ;
#2046 = PLANE ( 'NONE',  #7009 ) ;
#2047 = LINE ( 'NONE', #942, #5496 ) ;
#2048 = VECTOR ( 'NONE', #1473, 1000.000000000000000 ) ;
#2049 = EDGE_LOOP ( 'NONE', ( #3902, #359, #4571, #6387 ) ) ;
#2050 = CARTESIAN_POINT ( 'NONE',  ( -37.00000000000002132, 2.000000000000000000, 7.399999999999998579 ) ) ;
#2051 = DIRECTION ( 'NONE',  ( -1.000000000000000000, 0.000000000000000000, -0.000000000000000000 ) ) ;
#2052 = DIRECTION ( 'NONE',  ( 1.000000000000000000, -0.000000000000000000, 0.000000000000000000 ) ) ;
#2053 = EDGE_CURVE ( 'NONE', #6254, #5008, #4958, .T. ) ;
#2054 = EDGE_CURVE ( 'NONE', #2895, #4148, #3949, .T. ) ;
#2055 = EDGE_CURVE ( 'NONE', #6792, #1462, #2254, .T. ) ;
#2056 = AXIS2_PLACEMENT_3D ( 'NONE', #4207, #6927, #1444 ) ;
#2057 = FACE_OUTER_BOUND ( 'NONE', #2131, .T. ) ;
#2058 = CIRCLE ( 'NONE', #4815, 2.000000000000000000 ) ;
#2059 = CARTESIAN_POINT ( 'NONE',  ( 23.89999999999997726, 2.700000000000000178, -4.499999999999999112 ) ) ;
#2060 = ADVANCED_FACE ( 'NONE', ( #3409 ), #682, .F. ) ;
#2061 = ORIENTED_EDGE ( 'NONE', *, *, #5936, .F. ) ;
#2062 = ORIENTED_EDGE ( 'NONE', *, *, #2563, .T. ) ;
#2063 = VECTOR ( 'NONE', #5200, 1000.000000000000000 ) ;
#2064 = CARTESIAN_POINT ( 'NONE',  ( 21.09999999999998010, 2.700000000000000178, -5.499999999999999112 ) ) ;
#2065 = VECTOR ( 'NONE', #2929, 1000.000000000000000 ) ;
#2066 = CARTESIAN_POINT ( 'NONE',  ( 0.000000000000000000, 2.700000000000000178, 0.000000000000000000 ) ) ;
#2067 = EDGE_LOOP ( 'NONE', ( #1816, #1677, #5633, #5350 ) ) ;
#2068 = PLANE ( 'NONE',  #975 ) ;
#2069 = VERTEX_POINT ( 'NONE', #2731 ) ;
#2070 = CARTESIAN_POINT ( 'NONE',  ( -32.90000000000001279, 2.000000000000000000, -4.499999999999999112 ) ) ;
#2071 = AXIS2_PLACEMENT_3D ( 'NONE', #3310, #7033, #2738 ) ;
#2072 = EDGE_CURVE ( 'NONE', #2895, #4788, #4920, .T. ) ;
#2073 = VERTEX_POINT ( 'NONE', #1652 ) ;
#2074 = ORIENTED_EDGE ( 'NONE', *, *, #1759, .T. ) ;
#2075 = DIRECTION ( 'NONE',  ( -1.445602896647344340E-16, 0.000000000000000000, 1.000000000000000000 ) ) ;
#2076 = CARTESIAN_POINT ( 'NONE',  ( 33.00000000000000000, 3.199999999999999734, -2.500000000000004885 ) ) ;
#2077 = PLANE ( 'NONE',  #1481 ) ;
#2078 = VECTOR ( 'NONE', #4541, 1000.000000000000000 ) ;
#2079 = FACE_OUTER_BOUND ( 'NONE', #2341, .T. ) ;
#2080 = ORIENTED_EDGE ( 'NONE', *, *, #7080, .F. ) ;
#2081 = ORIENTED_EDGE ( 'NONE', *, *, #2563, .F. ) ;
#2082 = CARTESIAN_POINT ( 'NONE',  ( 23.99999999999999289, 3.199999999999999734, 2.499999999999996003 ) ) ;
#2083 = VECTOR ( 'NONE', #3983, 1000.000000000000000 ) ;
#2084 = DIRECTION ( 'NONE',  ( 1.000000000000000000, -0.000000000000000000, 0.000000000000000000 ) ) ;
#2085 = VECTOR ( 'NONE', #6241, 1000.000000000000000 ) ;
#2086 = DIRECTION ( 'NONE',  ( 1.000000000000000000, 0.000000000000000000, -0.000000000000000000 ) ) ;
#2087 = ORIENTED_EDGE ( 'NONE', *, *, #1884, .T. ) ;
#2088 = CARTESIAN_POINT ( 'NONE',  ( -18.00000000000000355, 2.000000000000000000, 2.499999999999996003 ) ) ;
#2089 = EDGE_LOOP ( 'NONE', ( #1285, #7110, #2162, #1557 ) ) ;
#2090 = VECTOR ( 'NONE', #1335, 1000.000000000000000 ) ;
#2091 = LINE ( 'NONE', #3101, #1170 ) ;
#2092 = LINE ( 'NONE', #3749, #4247 ) ;
#2093 = CARTESIAN_POINT ( 'NONE',  ( -14.90000000000001101, 2.700000000000000178, -5.499999999999999112 ) ) ;
#2094 = DIRECTION ( 'NONE',  ( 0.000000000000000000, 0.000000000000000000, 1.000000000000000000 ) ) ;
#2095 = ORIENTED_EDGE ( 'NONE', *, *, #4568, .T. ) ;
#2096 = EDGE_CURVE ( 'NONE', #3972, #534, #3847, .T. ) ;
#2097 = ORIENTED_EDGE ( 'NONE', *, *, #482, .F. ) ;
#2098 = DIRECTION ( 'NONE',  ( 0.000000000000000000, 0.000000000000000000, -1.000000000000000000 ) ) ;
#2099 = PLANE ( 'NONE',  #3787 ) ;
#2100 = EDGE_LOOP ( 'NONE', ( #439, #1657, #6188, #1338 ) ) ;
#2101 = EDGE_CURVE ( 'NONE', #801, #2168, #5104, .T. ) ;
#2102 = FACE_OUTER_BOUND ( 'NONE', #3606, .T. ) ;
#2103 = VERTEX_POINT ( 'NONE', #2436 ) ;
#2104 = DIRECTION ( 'NONE',  ( -1.000000000000000000, -0.000000000000000000, -0.000000000000000000 ) ) ;
#2105 = ORIENTED_EDGE ( 'NONE', *, *, #2932, .T. ) ;
#2106 = AXIS2_PLACEMENT_3D ( 'NONE', #2287, #1139, #2903 ) ;
#2107 = VERTEX_POINT ( 'NONE', #2507 ) ;
#2108 = DIRECTION ( 'NONE',  ( 0.000000000000000000, 0.000000000000000000, -1.000000000000000000 ) ) ;
#2109 = LINE ( 'NONE', #427, #3808 ) ;
#2110 = CARTESIAN_POINT ( 'NONE',  ( 5.999999999999998224, 3.199999999999999734, -2.500000000000004441 ) ) ;
#2111 = ADVANCED_FACE ( 'NONE', ( #860 ), #3482, .F. ) ;
#2112 = CARTESIAN_POINT ( 'NONE',  ( -42.00000000000000000, 3.199999999999999734, 2.499999999999996003 ) ) ;
#2113 = ORIENTED_EDGE ( 'NONE', *, *, #1271, .T. ) ;
#2114 = AXIS2_PLACEMENT_3D ( 'NONE', #1643, #5417, #494 ) ;
#2115 = ORIENTED_EDGE ( 'NONE', *, *, #5140, .T. ) ;
#2116 = CARTESIAN_POINT ( 'NONE',  ( -26.50000000000000711, 0.000000000000000000, -12.00000000000000000 ) ) ;
#2117 = CARTESIAN_POINT ( 'NONE',  ( 14.99999999999997158, 2.000000000000000000, 7.399999999999998579 ) ) ;
#2118 = AXIS2_PLACEMENT_3D ( 'NONE', #4232, #2510, #3735 ) ;
#2119 = ADVANCED_FACE ( 'NONE', ( #1400 ), #5252, .F. ) ;
#2120 = CARTESIAN_POINT ( 'NONE',  ( 11.99999999999999645, 3.199999999999999734, 2.499999999999996003 ) ) ;
#2121 = CARTESIAN_POINT ( 'NONE',  ( 15.00000000000000000, 3.199999999999999734, -2.500000000000004885 ) ) ;
#2122 = ORIENTED_EDGE ( 'NONE', *, *, #6067, .T. ) ;
#2123 = DIRECTION ( 'NONE',  ( 0.000000000000000000, -0.000000000000000000, -1.000000000000000000 ) ) ;
#2124 = AXIS2_PLACEMENT_3D ( 'NONE', #730, #4428, #158 ) ;
#2125 = ORIENTED_EDGE ( 'NONE', *, *, #633, .F. ) ;
#2126 = LINE ( 'NONE', #2596, #4741 ) ;
#2127 = DIRECTION ( 'NONE',  ( 0.000000000000000000, -0.000000000000000000, -1.000000000000000000 ) ) ;
#2128 = VECTOR ( 'NONE', #2016, 1000.000000000000000 ) ;
#2129 = DIRECTION ( 'NONE',  ( 0.000000000000000000, 0.000000000000000000, 1.000000000000000000 ) ) ;
#2130 = CARTESIAN_POINT ( 'NONE',  ( -0.1000000000000167422, 2.700000000000000178, -4.499999999999999112 ) ) ;
#2131 = EDGE_LOOP ( 'NONE', ( #3264, #5923, #2303, #6689 ) ) ;
#2132 = ORIENTED_EDGE ( 'NONE', *, *, #4255, .T. ) ;
#2133 = FACE_OUTER_BOUND ( 'NONE', #5517, .T. ) ;
#2134 = PLANE ( 'NONE',  #2866 ) ;
#2135 = CARTESIAN_POINT ( 'NONE',  ( 0.000000000000000000, 2.700000000000000178, 0.000000000000000000 ) ) ;
#2136 = ORIENTED_EDGE ( 'NONE', *, *, #6969, .T. ) ;
#2137 = LINE ( 'NONE', #23, #3103 ) ;
#2138 = VERTEX_POINT ( 'NONE', #4559 ) ;
#2139 = EDGE_LOOP ( 'NONE', ( #6081, #3652, #6863, #5413 ) ) ;
#2140 = CARTESIAN_POINT ( 'NONE',  ( 51.49999999999999289, 2.000000000000000000, -10.00000000000000000 ) ) ;
#2141 = CARTESIAN_POINT ( 'NONE',  ( 35.99999999999997868, 2.000000000000000000, 7.399999999999998579 ) ) ;
#2142 = DIRECTION ( 'NONE',  ( -0.000000000000000000, -1.000000000000000000, -0.000000000000000000 ) ) ;
#2143 = ADVANCED_FACE ( 'NONE', ( #2362 ), #5647, .F. ) ;
#2144 = ADVANCED_FACE ( 'NONE', ( #3591 ), #4671, .F. ) ;
#2145 = LINE ( 'NONE', #66, #7069 ) ;
#2146 = EDGE_LOOP ( 'NONE', ( #3236, #6526, #2709, #6438, #2136 ) ) ;
#2147 = ORIENTED_EDGE ( 'NONE', *, *, #4869, .F. ) ;
#2148 = DIRECTION ( 'NONE',  ( -1.000000000000000000, -0.000000000000000000, -0.000000000000000000 ) ) ;
#2149 = EDGE_CURVE ( 'NONE', #3119, #2742, #4095, .T. ) ;
#2150 = CARTESIAN_POINT ( 'NONE',  ( -12.00000000000000355, 3.199999999999999734, 2.499999999999996003 ) ) ;
#2151 = LINE ( 'NONE', #2221, #6563 ) ;
#2152 = FACE_OUTER_BOUND ( 'NONE', #2892, .T. ) ;
#2153 = ORIENTED_EDGE ( 'NONE', *, *, #5704, .F. ) ;
#2154 = FACE_OUTER_BOUND ( 'NONE', #4780, .T. ) ;
#2155 = EDGE_LOOP ( 'NONE', ( #295, #2941, #4714, #3594 ) ) ;
#2156 = ADVANCED_FACE ( 'NONE', ( #6225 ), #722, .F. ) ;
#2157 = LINE ( 'NONE', #5399, #1636 ) ;
#2158 = DIRECTION ( 'NONE',  ( -0.000000000000000000, -1.000000000000000000, -0.000000000000000000 ) ) ;
#2159 = VECTOR ( 'NONE', #3672, 1000.000000000000000 ) ;
#2160 = LINE ( 'NONE', #5912, #1670 ) ;
#2161 = CARTESIAN_POINT ( 'NONE',  ( -9.000000000000001776, 3.199999999999999734, 2.499999999999995115 ) ) ;
#2162 = ORIENTED_EDGE ( 'NONE', *, *, #6196, .F. ) ;
#2163 = ORIENTED_EDGE ( 'NONE', *, *, #6997, .T. ) ;
#2164 = DIRECTION ( 'NONE',  ( -1.445602896647337684E-16, 0.000000000000000000, 1.000000000000000000 ) ) ;
#2165 = CARTESIAN_POINT ( 'NONE',  ( 11.99999999999998224, 2.700000000000000178, 4.599999999999998757 ) ) ;
#2166 = AXIS2_PLACEMENT_3D ( 'NONE', #1216, #2799, #2872 ) ;
#2167 = CARTESIAN_POINT ( 'NONE',  ( 36.50000000000000711, 4.000000000000000000, -10.00000000000000000 ) ) ;
#2168 = VERTEX_POINT ( 'NONE', #4022 ) ;
#2169 = CARTESIAN_POINT ( 'NONE',  ( -18.10000000000001918, 2.000000000000000000, -5.499999999999999112 ) ) ;
#2170 = AXIS2_PLACEMENT_3D ( 'NONE', #6515, #1581, #613 ) ;
#2171 = ORIENTED_EDGE ( 'NONE', *, *, #4719, .T. ) ;
#2172 = ORIENTED_EDGE ( 'NONE', *, *, #4678, .T. ) ;
#2173 = VECTOR ( 'NONE', #4513, 1000.000000000000000 ) ;
#2174 = LINE ( 'NONE', #528, #2916 ) ;
#2175 = CARTESIAN_POINT ( 'NONE',  ( -2.900000000000013678, 2.000000000000000000, -4.499999999999999112 ) ) ;
#2176 = LINE ( 'NONE', #3402, #5509 ) ;
#2177 = VECTOR ( 'NONE', #490, 1000.000000000000000 ) ;
#2178 = VECTOR ( 'NONE', #5544, 1000.000000000000000 ) ;
#2179 = CARTESIAN_POINT ( 'NONE',  ( -26.90000000000000568, 2.000000000000000000, -5.499999999999999112 ) ) ;
#2180 = EDGE_LOOP ( 'NONE', ( #5723, #4704, #1243, #5029 ) ) ;
#2181 = ORIENTED_EDGE ( 'NONE', *, *, #6651, .F. ) ;
#2182 = CARTESIAN_POINT ( 'NONE',  ( 36.50000000000000711, 0.000000000000000000, -10.00000000000000000 ) ) ;
#2183 = ADVANCED_FACE ( 'NONE', ( #2906 ), #326, .F. ) ;
#2184 = CARTESIAN_POINT ( 'NONE',  ( 27.00000000000001066, 3.199999999999999734, -2.500000000000004885 ) ) ;
#2185 = EDGE_CURVE ( 'NONE', #5595, #5778, #6877, .T. ) ;
#2186 = EDGE_CURVE ( 'NONE', #2353, #4781, #784, .T. ) ;
#2187 = DIRECTION ( 'NONE',  ( -0.000000000000000000, -1.000000000000000000, -0.000000000000000000 ) ) ;
#2188 = VECTOR ( 'NONE', #576, 1000.000000000000000 ) ;
#2189 = EDGE_CURVE ( 'NONE', #6396, #2330, #5215, .T. ) ;
#2190 = CARTESIAN_POINT ( 'NONE',  ( 27.09999999999998366, 2.700000000000000178, -4.499999999999999112 ) ) ;
#2191 = CARTESIAN_POINT ( 'NONE',  ( -3.000000000000002665, 3.199999999999999734, -2.500000000000004885 ) ) ;
#2192 = ORIENTED_EDGE ( 'NONE', *, *, #4, .T. ) ;
#2193 = DIRECTION ( 'NONE',  ( -0.000000000000000000, -0.000000000000000000, 1.000000000000000000 ) ) ;
#2194 = ORIENTED_EDGE ( 'NONE', *, *, #6524, .F. ) ;
#2195 = LINE ( 'NONE', #116, #6582 ) ;
#2196 = VECTOR ( 'NONE', #646, 1000.000000000000000 ) ;
#2197 = DIRECTION ( 'NONE',  ( 0.000000000000000000, -0.000000000000000000, -1.000000000000000000 ) ) ;
#2198 = EDGE_CURVE ( 'NONE', #5814, #4168, #216, .T. ) ;
#2199 = LINE ( 'NONE', #5944, #6037 ) ;
#2200 = VECTOR ( 'NONE', #3435, 1000.000000000000000 ) ;
#2201 = CARTESIAN_POINT ( 'NONE',  ( -38.90000000000001990, 2.700000000000000178, -4.499999999999999112 ) ) ;
#2202 = VERTEX_POINT ( 'NONE', #823 ) ;
#2203 = ORIENTED_EDGE ( 'NONE', *, *, #1979, .F. ) ;
#2204 = DIRECTION ( 'NONE',  ( -0.000000000000000000, -1.000000000000000000, -0.000000000000000000 ) ) ;
#2205 = LINE ( 'NONE', #5991, #6786 ) ;
#2206 = VECTOR ( 'NONE', #4852, 1000.000000000000000 ) ;
#2207 = CARTESIAN_POINT ( 'NONE',  ( 0.000000000000000000, 2.700000000000000178, 0.000000000000000000 ) ) ;
#2208 = ORIENTED_EDGE ( 'NONE', *, *, #1898, .F. ) ;
#2209 = DIRECTION ( 'NONE',  ( -0.000000000000000000, -1.000000000000000000, -0.000000000000000000 ) ) ;
#2210 = VERTEX_POINT ( 'NONE', #292 ) ;
#2211 = ORIENTED_EDGE ( 'NONE', *, *, #749, .F. ) ;
#2212 = DIRECTION ( 'NONE',  ( -1.000000000000000000, 0.000000000000000000, -3.469446951953613696E-16 ) ) ;
#2213 = DIRECTION ( 'NONE',  ( -1.000000000000000000, -0.000000000000000000, -1.445602896647337931E-16 ) ) ;
#2214 = DIRECTION ( 'NONE',  ( 0.000000000000000000, 0.000000000000000000, -1.000000000000000000 ) ) ;
#2215 = DIRECTION ( 'NONE',  ( 0.000000000000000000, 0.000000000000000000, 1.000000000000000000 ) ) ;
#2216 = ORIENTED_EDGE ( 'NONE', *, *, #2599, .T. ) ;
#2217 = VERTEX_POINT ( 'NONE', #2473 ) ;
#2218 = FACE_OUTER_BOUND ( 'NONE', #883, .T. ) ;
#2219 = LINE ( 'NONE', #6623, #6339 ) ;
#2220 = DIRECTION ( 'NONE',  ( -0.000000000000000000, -1.000000000000000000, -0.000000000000000000 ) ) ;
#2221 = CARTESIAN_POINT ( 'NONE',  ( -3.000000000000002665, 3.199999999999999734, -2.500000000000004885 ) ) ;
#2222 = FACE_OUTER_BOUND ( 'NONE', #2553, .T. ) ;
#2223 = ORIENTED_EDGE ( 'NONE', *, *, #1271, .F. ) ;
#2224 = DIRECTION ( 'NONE',  ( 1.000000000000000000, -0.000000000000000000, -0.000000000000000000 ) ) ;
#2225 = ORIENTED_EDGE ( 'NONE', *, *, #4787, .T. ) ;
#2226 = CARTESIAN_POINT ( 'NONE',  ( 11.99999999999999645, 2.000000000000000000, 2.499999999999996003 ) ) ;
#2227 = AXIS2_PLACEMENT_3D ( 'NONE', #6467, #3084, #4706 ) ;
#2228 = CARTESIAN_POINT ( 'NONE',  ( -13.00000000000001066, 2.700000000000000178, 7.399999999999998579 ) ) ;
#2229 = EDGE_CURVE ( 'NONE', #3109, #4758, #1290, .T. ) ;
#2230 = AXIS2_PLACEMENT_3D ( 'NONE', #521, #6057, #1702 ) ;
#2231 = ADVANCED_FACE ( 'NONE', ( #1871 ), #4061, .F. ) ;
#2232 = FACE_OUTER_BOUND ( 'NONE', #1641, .T. ) ;
#2233 = CARTESIAN_POINT ( 'NONE',  ( 33.00000000000000000, 3.199999999999999734, 2.499999999999995115 ) ) ;
#2234 = VERTEX_POINT ( 'NONE', #460 ) ;
#2235 = ORIENTED_EDGE ( 'NONE', *, *, #5043, .T. ) ;
#2236 = ADVANCED_FACE ( 'NONE', ( #428 ), #1537, .F. ) ;
#2237 = PLANE ( 'NONE',  #592 ) ;
#2238 = VECTOR ( 'NONE', #3420, 1000.000000000000000 ) ;
#2239 = LINE ( 'NONE', #6528, #6322 ) ;
#2240 = DIRECTION ( 'NONE',  ( -0.000000000000000000, -0.000000000000000000, -1.000000000000000000 ) ) ;
#2241 = ORIENTED_EDGE ( 'NONE', *, *, #4084, .T. ) ;
#2242 = CARTESIAN_POINT ( 'NONE',  ( -26.50000000000000711, 4.000000000000000000, -12.00000000000000000 ) ) ;
#2243 = ORIENTED_EDGE ( 'NONE', *, *, #6167, .F. ) ;
#2244 = ORIENTED_EDGE ( 'NONE', *, *, #226, .F. ) ;
#2245 = DIRECTION ( 'NONE',  ( 1.000000000000000000, -0.000000000000000000, 0.000000000000000000 ) ) ;
#2246 = EDGE_CURVE ( 'NONE', #3972, #4857, #5353, .T. ) ;
#2247 = CARTESIAN_POINT ( 'NONE',  ( 45.00000000000000000, 2.000000000000000000, -2.500000000000004885 ) ) ;
#2248 = CARTESIAN_POINT ( 'NONE',  ( 14.99999999999997158, 2.700000000000000178, 7.399999999999998579 ) ) ;
#2249 = FACE_OUTER_BOUND ( 'NONE', #1422, .T. ) ;
#2250 = ORIENTED_EDGE ( 'NONE', *, *, #1275, .F. ) ;
#2251 = ORIENTED_EDGE ( 'NONE', *, *, #1675, .F. ) ;
#2252 = LINE ( 'NONE', #6724, #5807 ) ;
#2253 = PLANE ( 'NONE',  #2304 ) ;
#2254 = LINE ( 'NONE', #4416, #5965 ) ;
#2255 = DIRECTION ( 'NONE',  ( 0.000000000000000000, -1.000000000000000000, 0.000000000000000000 ) ) ;
#2256 = CARTESIAN_POINT ( 'NONE',  ( -33.00000000000000000, 2.000000000000000000, -2.500000000000004885 ) ) ;
#2257 = ORIENTED_EDGE ( 'NONE', *, *, #4491, .F. ) ;
#2258 = CARTESIAN_POINT ( 'NONE',  ( 0.000000000000000000, 3.199999999999999734, -2.500000000000004441 ) ) ;
#2259 = EDGE_LOOP ( 'NONE', ( #6332, #3314, #6566, #1321 ) ) ;
#2260 = LINE ( 'NONE', #4497, #6348 ) ;
#2261 = LINE ( 'NONE', #225, #243 ) ;
#2262 = CARTESIAN_POINT ( 'NONE',  ( -20.90000000000001634, 2.700000000000000178, -5.499999999999999112 ) ) ;
#2263 = CARTESIAN_POINT ( 'NONE',  ( 38.99999999999997868, 2.000000000000000000, 7.399999999999998579 ) ) ;
#2264 = ORIENTED_EDGE ( 'NONE', *, *, #4427, .F. ) ;
#2265 = EDGE_LOOP ( 'NONE', ( #5931, #662, #2005, #5891 ) ) ;
#2266 = EDGE_CURVE ( 'NONE', #213, #3044, #5286, .T. ) ;
#2267 = DIRECTION ( 'NONE',  ( -0.000000000000000000, -0.000000000000000000, -1.000000000000000000 ) ) ;
#2268 = EDGE_CURVE ( 'NONE', #6723, #2217, #6433, .T. ) ;
#2269 = ADVANCED_FACE ( 'NONE', ( #3086 ), #932, .F. ) ;
#2270 = CARTESIAN_POINT ( 'NONE',  ( -36.00000000000002132, 2.000000000000000000, 7.399999999999998579 ) ) ;
#2271 = DIRECTION ( 'NONE',  ( -1.000000000000000000, -0.000000000000000000, -0.000000000000000000 ) ) ;
#2272 = ADVANCED_FACE ( 'NONE', ( #2040 ), #6469, .F. ) ;
#2273 = ORIENTED_EDGE ( 'NONE', *, *, #3090, .F. ) ;
#2274 = CARTESIAN_POINT ( 'NONE',  ( 17.99999999999998934, 3.199999999999999734, 2.499999999999996003 ) ) ;
#2275 = ORIENTED_EDGE ( 'NONE', *, *, #4334, .F. ) ;
#2276 = VECTOR ( 'NONE', #2846, 1000.000000000000000 ) ;
#2277 = ORIENTED_EDGE ( 'NONE', *, *, #5139, .F. ) ;
#2278 = LINE ( 'NONE', #4106, #2765 ) ;
#2279 = PLANE ( 'NONE',  #3688 ) ;
#2280 = CARTESIAN_POINT ( 'NONE',  ( -24.10000000000000853, 2.700000000000000178, -4.499999999999999112 ) ) ;
#2281 = FACE_BOUND ( 'NONE', #6979, .T. ) ;
#2282 = VECTOR ( 'NONE', #2716, 1000.000000000000000 ) ;
#2283 = EDGE_CURVE ( 'NONE', #4201, #3431, #6399, .T. ) ;
#2284 = ORIENTED_EDGE ( 'NONE', *, *, #4426, .F. ) ;
#2285 = AXIS2_PLACEMENT_3D ( 'NONE', #4790, #6995, #2051 ) ;
#2286 = ORIENTED_EDGE ( 'NONE', *, *, #1270, .T. ) ;
#2287 = CARTESIAN_POINT ( 'NONE',  ( -39.00000000000000711, 3.199999999999999734, -2.500000000000004885 ) ) ;
#2288 = DIRECTION ( 'NONE',  ( 0.000000000000000000, 0.000000000000000000, -1.000000000000000000 ) ) ;
#2289 = CARTESIAN_POINT ( 'NONE',  ( 29.89999999999998082, 2.700000000000000178, -4.499999999999999112 ) ) ;
#2290 = VECTOR ( 'NONE', #2750, 1000.000000000000000 ) ;
#2291 = DIRECTION ( 'NONE',  ( 0.000000000000000000, 0.000000000000000000, 1.000000000000000000 ) ) ;
#2292 = AXIS2_PLACEMENT_3D ( 'NONE', #5275, #6675, #3829 ) ;
#2293 = ORIENTED_EDGE ( 'NONE', *, *, #1714, .F. ) ;
#2294 = DIRECTION ( 'NONE',  ( -0.000000000000000000, -0.000000000000000000, 1.000000000000000000 ) ) ;
#2295 = VERTEX_POINT ( 'NONE', #3124 ) ;
#2296 = CARTESIAN_POINT ( 'NONE',  ( 0.000000000000000000, 2.000000000000000000, -10.00000000000000000 ) ) ;
#2297 = AXIS2_PLACEMENT_3D ( 'NONE', #1305, #1776, #163 ) ;
#2298 = LINE ( 'NONE', #6049, #4618 ) ;
#2299 = PLANE ( 'NONE',  #1029 ) ;
#2300 = CIRCLE ( 'NONE', #1137, 2.000000000000000000 ) ;
#2301 = CARTESIAN_POINT ( 'NONE',  ( 26.50000000000000711, 4.000000000000000000, 12.00000000000000000 ) ) ;
#2302 = DIRECTION ( 'NONE',  ( 1.000000000000000000, 0.000000000000000000, -0.000000000000000000 ) ) ;
#2303 = ORIENTED_EDGE ( 'NONE', *, *, #6067, .F. ) ;
#2304 = AXIS2_PLACEMENT_3D ( 'NONE', #2834, #1614, #6147 ) ;
#2305 = FACE_OUTER_BOUND ( 'NONE', #2265, .T. ) ;
#2306 = FACE_OUTER_BOUND ( 'NONE', #1497, .T. ) ;
#2307 = DIRECTION ( 'NONE',  ( -1.000000000000000000, -0.000000000000000000, -0.000000000000000000 ) ) ;
#2308 = VECTOR ( 'NONE', #1998, 1000.000000000000000 ) ;
#2309 = DIRECTION ( 'NONE',  ( -1.000000000000000000, -0.000000000000000000, -0.000000000000000000 ) ) ;
#2310 = VERTEX_POINT ( 'NONE', #1434 ) ;
#2311 = ADVANCED_FACE ( 'NONE', ( #4807 ), #2077, .F. ) ;
#2312 = CARTESIAN_POINT ( 'NONE',  ( 39.99999999999997868, 2.000000000000000000, 7.399999999999998579 ) ) ;
#2313 = ORIENTED_EDGE ( 'NONE', *, *, #1912, .F. ) ;
#2314 = ORIENTED_EDGE ( 'NONE', *, *, #2402, .T. ) ;
#2315 = VECTOR ( 'NONE', #2084, 1000.000000000000000 ) ;
#2316 = CARTESIAN_POINT ( 'NONE',  ( -33.00000000000000000, 2.000000000000000000, -2.500000000000004885 ) ) ;
#2317 = EDGE_CURVE ( 'NONE', #4688, #643, #1466, .T. ) ;
#2318 = FACE_OUTER_BOUND ( 'NONE', #2323, .T. ) ;
#2319 = FACE_BOUND ( 'NONE', #1454, .T. ) ;
#2320 = VERTEX_POINT ( 'NONE', #3731 ) ;
#2321 = EDGE_CURVE ( 'NONE', #4347, #3799, #4304, .T. ) ;
#2322 = EDGE_CURVE ( 'NONE', #4148, #492, #4846, .T. ) ;
#2323 = EDGE_LOOP ( 'NONE', ( #925, #2989, #515, #3297 ) ) ;
#2324 = PLANE ( 'NONE',  #848 ) ;
#2325 = FACE_OUTER_BOUND ( 'NONE', #5954, .T. ) ;
#2326 = DIRECTION ( 'NONE',  ( 0.000000000000000000, 0.000000000000000000, 1.000000000000000000 ) ) ;
#2327 = ADVANCED_FACE ( 'NONE', ( #4778 ), #2581, .F. ) ;
#2328 = DIRECTION ( 'NONE',  ( 1.000000000000000000, 0.000000000000000000, 0.000000000000000000 ) ) ;
#2329 = CARTESIAN_POINT ( 'NONE',  ( -20.90000000000001634, 2.700000000000000178, -5.499999999999999112 ) ) ;
#2330 = VERTEX_POINT ( 'NONE', #5857 ) ;
#2331 = LINE ( 'NONE', #6735, #6899 ) ;
#2332 = EDGE_LOOP ( 'NONE', ( #4742, #5491, #811, #3542 ) ) ;
#2333 = CARTESIAN_POINT ( 'NONE',  ( 33.09999999999998721, 2.700000000000000178, -4.499999999999999112 ) ) ;
#2334 = CARTESIAN_POINT ( 'NONE',  ( -36.50000000000000711, 2.000000000000000000, -10.00000000000000000 ) ) ;
#2335 = EDGE_CURVE ( 'NONE', #2489, #3109, #1027, .T. ) ;
#2336 = DIRECTION ( 'NONE',  ( -1.000000000000000000, 0.000000000000000000, -0.000000000000000000 ) ) ;
#2337 = DIRECTION ( 'NONE',  ( -0.000000000000000000, -1.000000000000000000, -0.000000000000000000 ) ) ;
#2338 = VERTEX_POINT ( 'NONE', #1976 ) ;
#2339 = CARTESIAN_POINT ( 'NONE',  ( 41.99999999999999289, 3.199999999999999734, -2.500000000000004441 ) ) ;
#2340 = AXIS2_PLACEMENT_3D ( 'NONE', #3589, #6064, #1711 ) ;
#2341 = EDGE_LOOP ( 'NONE', ( #3308, #3368, #4732, #489 ) ) ;
#2342 = EDGE_LOOP ( 'NONE', ( #3145, #1431, #205, #3306 ) ) ;
#2343 = ORIENTED_EDGE ( 'NONE', *, *, #4701, .F. ) ;
#2344 = EDGE_CURVE ( 'NONE', #1220, #837, #3631, .T. ) ;
#2345 = CARTESIAN_POINT ( 'NONE',  ( -26.50000000000000711, 2.000000000000000000, 10.00000000000000000 ) ) ;
#2346 = DIRECTION ( 'NONE',  ( -1.000000000000000000, 0.000000000000000000, 0.000000000000000000 ) ) ;
#2347 = VECTOR ( 'NONE', #3146, 1000.000000000000000 ) ;
#2348 = CARTESIAN_POINT ( 'NONE',  ( 15.99999999999997335, 2.000000000000000000, 4.599999999999998757 ) ) ;
#2349 = VERTEX_POINT ( 'NONE', #4745 ) ;
#2350 = LINE ( 'NONE', #3646, #6554 ) ;
#2351 = VERTEX_POINT ( 'NONE', #6983 ) ;
#2352 = VECTOR ( 'NONE', #1384, 1000.000000000000000 ) ;
#2353 = VERTEX_POINT ( 'NONE', #364 ) ;
#2354 = LINE ( 'NONE', #5636, #475 ) ;
#2355 = DIRECTION ( 'NONE',  ( -0.000000000000000000, -0.000000000000000000, 1.000000000000000000 ) ) ;
#2356 = FACE_BOUND ( 'NONE', #725, .T. ) ;
#2357 = ORIENTED_EDGE ( 'NONE', *, *, #5799, .F. ) ;
#2358 = ORIENTED_EDGE ( 'NONE', *, *, #7083, .T. ) ;
#2359 = LINE ( 'NONE', #5100, #5435 ) ;
#2360 = CARTESIAN_POINT ( 'NONE',  ( -21.00000000000000355, 2.000000000000000000, 2.499999999999995115 ) ) ;
#2361 = DIRECTION ( 'NONE',  ( 0.000000000000000000, -1.000000000000000000, 0.000000000000000000 ) ) ;
#2362 = FACE_OUTER_BOUND ( 'NONE', #3945, .T. ) ;
#2363 = EDGE_CURVE ( 'NONE', #5276, #3988, #2548, .T. ) ;
#2364 = ADVANCED_FACE ( 'NONE', ( #2794 ), #2688, .F. ) ;
#2365 = FACE_OUTER_BOUND ( 'NONE', #1332, .T. ) ;
#2366 = ORIENTED_EDGE ( 'NONE', *, *, #2149, .T. ) ;
#2367 = EDGE_CURVE ( 'NONE', #6573, #968, #3873, .T. ) ;
#2368 = VERTEX_POINT ( 'NONE', #7117 ) ;
#2369 = DIRECTION ( 'NONE',  ( -0.000000000000000000, -1.000000000000000000, -0.000000000000000000 ) ) ;
#2370 = DIRECTION ( 'NONE',  ( 1.000000000000000000, -0.000000000000000000, 0.000000000000000000 ) ) ;
#2371 = LINE ( 'NONE', #5720, #1843 ) ;
#2372 = DIRECTION ( 'NONE',  ( -1.000000000000000000, 0.000000000000000000, -2.891205793294688680E-16 ) ) ;
#2373 = VERTEX_POINT ( 'NONE', #3329 ) ;
#2374 = EDGE_CURVE ( 'NONE', #2107, #4361, #6102, .T. ) ;
#2375 = CARTESIAN_POINT ( 'NONE',  ( 0.000000000000000000, 3.199999999999999734, 0.000000000000000000 ) ) ;
#2376 = ORIENTED_EDGE ( 'NONE', *, *, #2335, .F. ) ;
#2377 = LINE ( 'NONE', #4453, #6336 ) ;
#2378 = CARTESIAN_POINT ( 'NONE',  ( -16.50000000000000355, 0.000000000000000000, -10.00000000000000000 ) ) ;
#2379 = PLANE ( 'NONE',  #812 ) ;
#2380 = FACE_OUTER_BOUND ( 'NONE', #2708, .T. ) ;
#2381 = VERTEX_POINT ( 'NONE', #3941 ) ;
#2382 = DIRECTION ( 'NONE',  ( 0.000000000000000000, 0.000000000000000000, 1.000000000000000000 ) ) ;
#2383 = ORIENTED_EDGE ( 'NONE', *, *, #4624, .F. ) ;
#2384 = ORIENTED_EDGE ( 'NONE', *, *, #1880, .F. ) ;
#2385 = CARTESIAN_POINT ( 'NONE',  ( 0.000000000000000000, 2.700000000000000178, 0.000000000000000000 ) ) ;
#2386 = DIRECTION ( 'NONE',  ( -0.000000000000000000, -1.000000000000000000, -0.000000000000000000 ) ) ;
#2387 = ORIENTED_EDGE ( 'NONE', *, *, #520, .T. ) ;
#2388 = FACE_BOUND ( 'NONE', #3037, .T. ) ;
#2389 = VERTEX_POINT ( 'NONE', #1607 ) ;
#2390 = VECTOR ( 'NONE', #2193, 1000.000000000000000 ) ;
#2391 = ORIENTED_EDGE ( 'NONE', *, *, #3289, .F. ) ;
#2392 = ORIENTED_EDGE ( 'NONE', *, *, #2954, .T. ) ;
#2393 = DIRECTION ( 'NONE',  ( 0.000000000000000000, 0.000000000000000000, -1.000000000000000000 ) ) ;
#2394 = CARTESIAN_POINT ( 'NONE',  ( 11.89999999999998082, 2.000000000000000000, -5.499999999999999112 ) ) ;
#2395 = DIRECTION ( 'NONE',  ( -0.000000000000000000, -1.000000000000000000, -0.000000000000000000 ) ) ;
#2396 = VECTOR ( 'NONE', #5784, 1000.000000000000000 ) ;
#2397 = VECTOR ( 'NONE', #6588, 1000.000000000000000 ) ;
#2398 = CARTESIAN_POINT ( 'NONE',  ( 21.00000000000000355, 3.199999999999999734, -2.500000000000004885 ) ) ;
#2399 = ORIENTED_EDGE ( 'NONE', *, *, #4756, .T. ) ;
#2400 = ORIENTED_EDGE ( 'NONE', *, *, #4566, .T. ) ;
#2401 = DIRECTION ( 'NONE',  ( 0.000000000000000000, 0.000000000000000000, 1.000000000000000000 ) ) ;
#2402 = EDGE_CURVE ( 'NONE', #3777, #2815, #5524, .T. ) ;
#2403 = EDGE_CURVE ( 'NONE', #2877, #2796, #4333, .T. ) ;
#2404 = AXIS2_PLACEMENT_3D ( 'NONE', #2707, #5946, #1116 ) ;
#2405 = CARTESIAN_POINT ( 'NONE',  ( -18.00000000000000355, 3.199999999999999734, 2.499999999999996003 ) ) ;
#2406 = AXIS2_PLACEMENT_3D ( 'NONE', #4221, #7005, #6422 ) ;
#2407 = EDGE_CURVE ( 'NONE', #4035, #6759, #4949, .T. ) ;
#2408 = CARTESIAN_POINT ( 'NONE',  ( -12.00000000000001066, 2.700000000000000178, 7.399999999999998579 ) ) ;
#2409 = FACE_OUTER_BOUND ( 'NONE', #4330, .T. ) ;
#2410 = VECTOR ( 'NONE', #6666, 1000.000000000000000 ) ;
#2411 = CARTESIAN_POINT ( 'NONE',  ( 15.09999999999997478, 2.700000000000000178, -5.499999999999999112 ) ) ;
#2412 = ORIENTED_EDGE ( 'NONE', *, *, #1060, .F. ) ;
#2413 = DIRECTION ( 'NONE',  ( -1.000000000000000000, 0.000000000000000000, -0.000000000000000000 ) ) ;
#2414 = CARTESIAN_POINT ( 'NONE',  ( -32.90000000000001279, 2.700000000000000178, -4.499999999999999112 ) ) ;
#2415 = ADVANCED_FACE ( 'NONE', ( #6036 ), #3294, .F. ) ;
#2416 = CARTESIAN_POINT ( 'NONE',  ( 27.00000000000001066, 2.000000000000000000, 2.499999999999995115 ) ) ;
#2417 = LINE ( 'NONE', #3359, #3853 ) ;
#2418 = VERTEX_POINT ( 'NONE', #3803 ) ;
#2419 = AXIS2_PLACEMENT_3D ( 'NONE', #931, #6101, #2793 ) ;
#2420 = LINE ( 'NONE', #3430, #3212 ) ;
#2421 = ORIENTED_EDGE ( 'NONE', *, *, #3950, .T. ) ;
#2422 = ORIENTED_EDGE ( 'NONE', *, *, #133, .F. ) ;
#2423 = LINE ( 'NONE', #4626, #3695 ) ;
#2424 = EDGE_CURVE ( 'NONE', #6629, #4361, #7089, .T. ) ;
#2425 = DIRECTION ( 'NONE',  ( -1.000000000000000000, -0.000000000000000000, -0.000000000000000000 ) ) ;
#2426 = VECTOR ( 'NONE', #2919, 1000.000000000000000 ) ;
#2427 = EDGE_CURVE ( 'NONE', #898, #2815, #1713, .T. ) ;
#2428 = FACE_BOUND ( 'NONE', #257, .T. ) ;
#2429 = ORIENTED_EDGE ( 'NONE', *, *, #3990, .T. ) ;
#2430 = ORIENTED_EDGE ( 'NONE', *, *, #1046, .F. ) ;
#2431 = EDGE_CURVE ( 'NONE', #6343, #789, #4911, .T. ) ;
#2432 = VECTOR ( 'NONE', #3598, 1000.000000000000000 ) ;
#2433 = EDGE_LOOP ( 'NONE', ( #5099, #1639, #386, #1513 ) ) ;
#2434 = CARTESIAN_POINT ( 'NONE',  ( -30.10000000000001563, 2.000000000000000000, -4.499999999999999112 ) ) ;
#2435 = DIRECTION ( 'NONE',  ( 0.000000000000000000, -1.000000000000000000, 0.000000000000000000 ) ) ;
#2436 = CARTESIAN_POINT ( 'NONE',  ( 45.09999999999997300, 2.700000000000000178, -5.499999999999999112 ) ) ;
#2437 = VECTOR ( 'NONE', #4919, 1000.000000000000000 ) ;
#2438 = ORIENTED_EDGE ( 'NONE', *, *, #4056, .F. ) ;
#2439 = FACE_OUTER_BOUND ( 'NONE', #4007, .T. ) ;
#2440 = ORIENTED_EDGE ( 'NONE', *, *, #92, .T. ) ;
#2441 = EDGE_LOOP ( 'NONE', ( #1307, #2275, #1354, #3586 ) ) ;
#2442 = LINE ( 'NONE', #5326, #3962 ) ;
#2443 = LINE ( 'NONE', #222, #4966 ) ;
#2444 = LINE ( 'NONE', #1370, #2533 ) ;
#2445 = DIRECTION ( 'NONE',  ( 0.000000000000000000, 0.000000000000000000, 1.000000000000000000 ) ) ;
#2446 = DIRECTION ( 'NONE',  ( 0.000000000000000000, 0.000000000000000000, -1.000000000000000000 ) ) ;
#2447 = AXIS2_PLACEMENT_3D ( 'NONE', #969, #5462, #7093 ) ;
#2448 = ORIENTED_EDGE ( 'NONE', *, *, #2508, .F. ) ;
#2449 = CARTESIAN_POINT ( 'NONE',  ( -44.90000000000001279, 2.700000000000000178, -5.499999999999999112 ) ) ;
#2450 = DIRECTION ( 'NONE',  ( 1.000000000000000000, 0.000000000000000000, -0.000000000000000000 ) ) ;
#2451 = LINE ( 'NONE', #5046, #1035 ) ;
#2452 = ADVANCED_FACE ( 'NONE', ( #3366 ), #6539, .F. ) ;
#2453 = EDGE_CURVE ( 'NONE', #1648, #4050, #4481, .T. ) ;
#2454 = AXIS2_PLACEMENT_3D ( 'NONE', #3694, #5787, #4669 ) ;
#2455 = PLANE ( 'NONE',  #1549 ) ;
#2456 = EDGE_LOOP ( 'NONE', ( #3191, #1667, #4953, #772 ) ) ;
#2457 = CARTESIAN_POINT ( 'NONE',  ( 15.09999999999997478, 2.700000000000000178, -4.499999999999999112 ) ) ;
#2458 = ADVANCED_FACE ( 'NONE', ( #1680 ), #6066, .F. ) ;
#2459 = VERTEX_POINT ( 'NONE', #5562 ) ;
#2460 = VERTEX_POINT ( 'NONE', #1208 ) ;
#2461 = DIRECTION ( 'NONE',  ( 0.000000000000000000, 0.000000000000000000, 1.000000000000000000 ) ) ;
#2462 = CIRCLE ( 'NONE', #5226, 2.000000000000000000 ) ;
#2463 = LINE ( 'NONE', #4662, #2521 ) ;
#2464 = CARTESIAN_POINT ( 'NONE',  ( 35.99999999999997868, 2.700000000000000178, 7.399999999999998579 ) ) ;
#2465 = ORIENTED_EDGE ( 'NONE', *, *, #1886, .T. ) ;
#2466 = CARTESIAN_POINT ( 'NONE',  ( 23.89999999999997726, 2.000000000000000000, -5.499999999999999112 ) ) ;
#2467 = VECTOR ( 'NONE', #4933, 1000.000000000000000 ) ;
#2468 = EDGE_CURVE ( 'NONE', #1899, #7100, #2176, .T. ) ;
#2469 = VERTEX_POINT ( 'NONE', #6001 ) ;
#2470 = ORIENTED_EDGE ( 'NONE', *, *, #2268, .F. ) ;
#2471 = LINE ( 'NONE', #4197, #856 ) ;
#2472 = DIRECTION ( 'NONE',  ( 1.000000000000000000, 0.000000000000000000, 1.445602896647344340E-16 ) ) ;
#2473 = CARTESIAN_POINT ( 'NONE',  ( -30.00000000000000355, 2.000000000000000000, -2.500000000000004441 ) ) ;
#2474 = AXIS2_PLACEMENT_3D ( 'NONE', #1806, #3456, #6705 ) ;
#2475 = CARTESIAN_POINT ( 'NONE',  ( -51.50000000000000711, 2.000000000000000000, 10.00000000000000000 ) ) ;
#2476 = EDGE_LOOP ( 'NONE', ( #5556, #3859, #6567, #6208 ) ) ;
#2477 = EDGE_LOOP ( 'NONE', ( #6544, #3471, #3898, #5312 ) ) ;
#2478 = CARTESIAN_POINT ( 'NONE',  ( 0.000000000000000000, 2.700000000000000178, 0.000000000000000000 ) ) ;
#2479 = LINE ( 'NONE', #6231, #5535 ) ;
#2480 = DIRECTION ( 'NONE',  ( 0.000000000000000000, -1.000000000000000000, 0.000000000000000000 ) ) ;
#2481 = CARTESIAN_POINT ( 'NONE',  ( 0.000000000000000000, 3.199999999999999734, 2.499999999999996003 ) ) ;
#2482 = ORIENTED_EDGE ( 'NONE', *, *, #514, .T. ) ;
#2483 = CARTESIAN_POINT ( 'NONE',  ( -36.50000000000000711, 0.000000000000000000, -10.00000000000000000 ) ) ;
#2484 = ORIENTED_EDGE ( 'NONE', *, *, #4341, .F. ) ;
#2485 = DIRECTION ( 'NONE',  ( 0.000000000000000000, 0.000000000000000000, -1.000000000000000000 ) ) ;
#2486 = CARTESIAN_POINT ( 'NONE',  ( 11.89999999999998082, 2.700000000000000178, -4.499999999999999112 ) ) ;
#2487 = CARTESIAN_POINT ( 'NONE',  ( 10.99999999999998224, 2.700000000000000178, 7.399999999999998579 ) ) ;
#2488 = DIRECTION ( 'NONE',  ( -1.000000000000000000, 0.000000000000000000, -2.891205793294688680E-16 ) ) ;
#2489 = VERTEX_POINT ( 'NONE', #2248 ) ;
#2490 = DIRECTION ( 'NONE',  ( -1.000000000000000000, -0.000000000000000000, -0.000000000000000000 ) ) ;
#2491 = ORIENTED_EDGE ( 'NONE', *, *, #5321, .T. ) ;
#2492 = EDGE_LOOP ( 'NONE', ( #5557, #6830, #2542, #1676 ) ) ;
#2493 = EDGE_CURVE ( 'NONE', #2168, #5218, #3262, .T. ) ;
#2494 = EDGE_CURVE ( 'NONE', #6920, #6498, #6580, .T. ) ;
#2495 = EDGE_LOOP ( 'NONE', ( #3537, #2357, #2284, #5449 ) ) ;
#2496 = EDGE_CURVE ( 'NONE', #5700, #2381, #1350, .T. ) ;
#2497 = CARTESIAN_POINT ( 'NONE',  ( -36.00000000000002132, 2.700000000000000178, 4.599999999999998757 ) ) ;
#2498 = DIRECTION ( 'NONE',  ( 1.000000000000000000, -0.000000000000000000, -0.000000000000000000 ) ) ;
#2499 = ADVANCED_FACE ( 'NONE', ( #2318 ), #5671, .F. ) ;
#2500 = CARTESIAN_POINT ( 'NONE',  ( -27.00000000000000355, 3.199999999999999734, 2.499999999999995115 ) ) ;
#2501 = VERTEX_POINT ( 'NONE', #3436 ) ;
#2502 = FACE_OUTER_BOUND ( 'NONE', #5995, .T. ) ;
#2503 = ORIENTED_EDGE ( 'NONE', *, *, #3993, .T. ) ;
#2504 = ORIENTED_EDGE ( 'NONE', *, *, #5761, .T. ) ;
#2505 = DIRECTION ( 'NONE',  ( -1.000000000000000000, 0.000000000000000000, -2.891205793294688680E-16 ) ) ;
#2506 = CARTESIAN_POINT ( 'NONE',  ( 14.99999999999997158, 2.000000000000000000, 4.599999999999998757 ) ) ;
#2507 = CARTESIAN_POINT ( 'NONE',  ( 21.00000000000000355, 3.199999999999999734, 2.499999999999995115 ) ) ;
#2508 = EDGE_CURVE ( 'NONE', #1698, #1303, #777, .T. ) ;
#2509 = AXIS2_PLACEMENT_3D ( 'NONE', #6744, #5006, #5151 ) ;
#2510 = DIRECTION ( 'NONE',  ( 1.000000000000000000, -0.000000000000000000, 0.000000000000000000 ) ) ;
#2511 = ORIENTED_EDGE ( 'NONE', *, *, #4791, .T. ) ;
#2512 = ORIENTED_EDGE ( 'NONE', *, *, #6341, .F. ) ;
#2513 = CARTESIAN_POINT ( 'NONE',  ( 26.50000000000000711, 4.000000000000000000, -12.00000000000000000 ) ) ;
#2514 = DIRECTION ( 'NONE',  ( -0.000000000000000000, -0.000000000000000000, -1.000000000000000000 ) ) ;
#2515 = VECTOR ( 'NONE', #6403, 1000.000000000000000 ) ;
#2516 = VECTOR ( 'NONE', #5382, 1000.000000000000000 ) ;
#2517 = CARTESIAN_POINT ( 'NONE',  ( 3.099999999999991651, 2.700000000000000178, -4.499999999999999112 ) ) ;
#2518 = LINE ( 'NONE', #6815, #4129 ) ;
#2519 = VECTOR ( 'NONE', #5537, 1000.000000000000000 ) ;
#2520 = CARTESIAN_POINT ( 'NONE',  ( -8.900000000000019895, 2.000000000000000000, -5.499999999999999112 ) ) ;
#2521 = VECTOR ( 'NONE', #2425, 1000.000000000000000 ) ;
#2522 = ORIENTED_EDGE ( 'NONE', *, *, #1848, .T. ) ;
#2523 = FACE_OUTER_BOUND ( 'NONE', #3286, .T. ) ;
#2524 = CARTESIAN_POINT ( 'NONE',  ( 16.50000000000000355, 0.000000000000000000, -12.00000000000000355 ) ) ;
#2525 = AXIS2_PLACEMENT_3D ( 'NONE', #2891, #1237, #6172 ) ;
#2526 = CARTESIAN_POINT ( 'NONE',  ( 53.50000000000000711, 4.000000000000000000, 10.00000000000000000 ) ) ;
#2527 = VECTOR ( 'NONE', #2705, 1000.000000000000000 ) ;
#2528 = FACE_OUTER_BOUND ( 'NONE', #4530, .T. ) ;
#2529 = CARTESIAN_POINT ( 'NONE',  ( 5.899999999999988809, 2.700000000000000178, -4.499999999999999112 ) ) ;
#2530 = EDGE_CURVE ( 'NONE', #4257, #738, #3004, .T. ) ;
#2531 = ORIENTED_EDGE ( 'NONE', *, *, #1008, .F. ) ;
#2532 = ORIENTED_EDGE ( 'NONE', *, *, #2321, .F. ) ;
#2533 = VECTOR ( 'NONE', #1948, 1000.000000000000000 ) ;
#2534 =( NAMED_UNIT ( * ) PLANE_ANGLE_UNIT ( ) SI_UNIT ( $, .RADIAN. ) );
#2535 = CARTESIAN_POINT ( 'NONE',  ( 27.09999999999998366, 2.700000000000000178, -5.499999999999999112 ) ) ;
#2536 = ORIENTED_EDGE ( 'NONE', *, *, #3875, .T. ) ;
#2537 = EDGE_CURVE ( 'NONE', #4474, #3433, #3581, .T. ) ;
#2538 = EDGE_CURVE ( 'NONE', #492, #898, #5058, .T. ) ;
#2539 = DIRECTION ( 'NONE',  ( -0.000000000000000000, -1.000000000000000000, -0.000000000000000000 ) ) ;
#2540 = ORIENTED_EDGE ( 'NONE', *, *, #7055, .F. ) ;
#2541 = LINE ( 'NONE', #988, #797 ) ;
#2542 = ORIENTED_EDGE ( 'NONE', *, *, #5190, .F. ) ;
#2543 = ORIENTED_EDGE ( 'NONE', *, *, #5589, .F. ) ;
#2544 = DIRECTION ( 'NONE',  ( -0.000000000000000000, -0.000000000000000000, -1.000000000000000000 ) ) ;
#2545 = ADVANCED_FACE ( 'NONE', ( #137 ), #3474, .F. ) ;
#2546 = VECTOR ( 'NONE', #4524, 1000.000000000000000 ) ;
#2547 = CARTESIAN_POINT ( 'NONE',  ( 36.50000000000000711, 4.000000000000000000, 12.00000000000000355 ) ) ;
#2548 = LINE ( 'NONE', #6950, #230 ) ;
#2549 = EDGE_CURVE ( 'NONE', #4440, #952, #6795, .T. ) ;
#2550 = EDGE_CURVE ( 'NONE', #7100, #3511, #245, .T. ) ;
#2551 = LINE ( 'NONE', #7054, #5452 ) ;
#2552 = STYLED_ITEM ( 'NONE', ( #4692 ), #1543 ) ;
#2553 = EDGE_LOOP ( 'NONE', ( #8, #758, #2978, #5490 ) ) ;
#2554 = ORIENTED_EDGE ( 'NONE', *, *, #355, .F. ) ;
#2555 = CARTESIAN_POINT ( 'NONE',  ( -14.90000000000001101, 2.700000000000000178, -4.499999999999999112 ) ) ;
#2556 = EDGE_CURVE ( 'NONE', #2027, #1799, #6832, .T. ) ;
#2557 = CARTESIAN_POINT ( 'NONE',  ( -32.90000000000001279, 2.700000000000000178, -5.499999999999999112 ) ) ;
#2558 = VECTOR ( 'NONE', #6378, 1000.000000000000000 ) ;
#2559 = EDGE_CURVE ( 'NONE', #4168, #6682, #2463, .T. ) ;
#2560 = DIRECTION ( 'NONE',  ( 1.000000000000000000, -0.000000000000000000, 2.891205793294675861E-16 ) ) ;
#2561 = FACE_OUTER_BOUND ( 'NONE', #2832, .T. ) ;
#2562 = ORIENTED_EDGE ( 'NONE', *, *, #6869, .T. ) ;
#2563 = EDGE_CURVE ( 'NONE', #6498, #4264, #712, .T. ) ;
#2564 = DIRECTION ( 'NONE',  ( 2.891205793294675368E-16, 0.000000000000000000, -1.000000000000000000 ) ) ;
#2565 = LINE ( 'NONE', #308, #6430 ) ;
#2566 = LINE ( 'NONE', #2598, #3105 ) ;
#2567 = CARTESIAN_POINT ( 'NONE',  ( -39.00000000000000711, 2.000000000000000000, 2.499999999999995115 ) ) ;
#2568 = CARTESIAN_POINT ( 'NONE',  ( -32.00000000000001421, 2.700000000000000178, 7.399999999999998579 ) ) ;
#2569 = ORIENTED_EDGE ( 'NONE', *, *, #3907, .F. ) ;
#2570 = ORIENTED_EDGE ( 'NONE', *, *, #3834, .T. ) ;
#2571 = CARTESIAN_POINT ( 'NONE',  ( 21.09999999999998010, 2.700000000000000178, -4.499999999999999112 ) ) ;
#2572 = ORIENTED_EDGE ( 'NONE', *, *, #6240, .T. ) ;
#2573 = CARTESIAN_POINT ( 'NONE',  ( 0.000000000000000000, 2.700000000000000178, 0.000000000000000000 ) ) ;
#2574 = ORIENTED_EDGE ( 'NONE', *, *, #3039, .F. ) ;
#2575 = CARTESIAN_POINT ( 'NONE',  ( 0.000000000000000000, 2.700000000000000178, 0.000000000000000000 ) ) ;
#2576 = VERTEX_POINT ( 'NONE', #6283 ) ;
#2577 = AXIS2_PLACEMENT_3D ( 'NONE', #4097, #294, #6151 ) ;
#2578 = ORIENTED_EDGE ( 'NONE', *, *, #5277, .T. ) ;
#2579 = PLANE ( 'NONE',  #2454 ) ;
#2580 = DIRECTION ( 'NONE',  ( -0.000000000000000000, -0.000000000000000000, -1.000000000000000000 ) ) ;
#2581 = PLANE ( 'NONE',  #4586 ) ;
#2582 = AXIS2_PLACEMENT_3D ( 'NONE', #4517, #246, #3942 ) ;
#2583 = PLANE ( 'NONE',  #5802 ) ;
#2584 = ORIENTED_EDGE ( 'NONE', *, *, #5718, .T. ) ;
#2585 = ORIENTED_EDGE ( 'NONE', *, *, #4334, .T. ) ;
#2586 = DIRECTION ( 'NONE',  ( -0.000000000000000000, -0.000000000000000000, -1.000000000000000000 ) ) ;
#2587 = EDGE_CURVE ( 'NONE', #6620, #4050, #744, .T. ) ;
#2588 = CARTESIAN_POINT ( 'NONE',  ( -16.50000000000000000, 2.000000000000000000, 10.00000000000000000 ) ) ;
#2589 = AXIS2_PLACEMENT_3D ( 'NONE', #1419, #1994, #6860 ) ;
#2590 = EDGE_CURVE ( 'NONE', #4234, #6525, #173, .T. ) ;
#2591 = EDGE_CURVE ( 'NONE', #4035, #3758, #4551, .T. ) ;
#2592 = EDGE_CURVE ( 'NONE', #2330, #2103, #6756, .T. ) ;
#2593 = DIRECTION ( 'NONE',  ( -0.000000000000000000, -0.000000000000000000, 1.000000000000000000 ) ) ;
#2594 = DIRECTION ( 'NONE',  ( -1.445602896647344340E-16, 0.000000000000000000, 1.000000000000000000 ) ) ;
#2595 = ORIENTED_EDGE ( 'NONE', *, *, #477, .F. ) ;
#2596 = CARTESIAN_POINT ( 'NONE',  ( 11.89999999999998082, 2.700000000000000178, -5.499999999999999112 ) ) ;
#2597 = PLANE ( 'NONE',  #2285 ) ;
#2598 = CARTESIAN_POINT ( 'NONE',  ( 33.00000000000000000, 3.199999999999999734, -2.500000000000004885 ) ) ;
#2599 = EDGE_CURVE ( 'NONE', #2368, #3799, #282, .T. ) ;
#2600 = LINE ( 'NONE', #2996, #3625 ) ;
#2601 = CARTESIAN_POINT ( 'NONE',  ( -12.00000000000000355, 2.000000000000000000, 2.499999999999996003 ) ) ;
#2602 = ORIENTED_EDGE ( 'NONE', *, *, #1766, .T. ) ;
#2603 = VERTEX_POINT ( 'NONE', #1279 ) ;
#2604 = FACE_OUTER_BOUND ( 'NONE', #2139, .T. ) ;
#2605 = LINE ( 'NONE', #2535, #5170 ) ;
#2606 = DIRECTION ( 'NONE',  ( -0.000000000000000000, -0.000000000000000000, 1.000000000000000000 ) ) ;
#2607 = EDGE_LOOP ( 'NONE', ( #4821, #5027, #3142, #5609 ) ) ;
#2608 = CARTESIAN_POINT ( 'NONE',  ( 30.00000000000000000, 2.000000000000000000, -2.500000000000004441 ) ) ;
#2609 = EDGE_LOOP ( 'NONE', ( #3150, #3298, #2376, #4582 ) ) ;
#2610 = VERTEX_POINT ( 'NONE', #5130 ) ;
#2611 = EDGE_LOOP ( 'NONE', ( #2807, #5268, #25, #5064 ) ) ;
#2612 = DIRECTION ( 'NONE',  ( 2.891205793294688680E-16, 0.000000000000000000, -1.000000000000000000 ) ) ;
#2613 = DIRECTION ( 'NONE',  ( -0.000000000000000000, -1.000000000000000000, -0.000000000000000000 ) ) ;
#2614 = DIRECTION ( 'NONE',  ( 0.000000000000000000, -0.000000000000000000, -1.000000000000000000 ) ) ;
#2615 = CARTESIAN_POINT ( 'NONE',  ( 15.09999999999997478, 2.700000000000000178, -5.499999999999999112 ) ) ;
#2616 = ORIENTED_EDGE ( 'NONE', *, *, #2335, .T. ) ;
#2617 = ORIENTED_EDGE ( 'NONE', *, *, #5952, .T. ) ;
#2618 = CARTESIAN_POINT ( 'NONE',  ( -32.00000000000001421, 2.000000000000000000, 4.599999999999998757 ) ) ;
#2619 = CARTESIAN_POINT ( 'NONE',  ( 14.99999999999997158, 2.700000000000000178, 4.599999999999998757 ) ) ;
#2620 = EDGE_CURVE ( 'NONE', #1807, #5814, #6868, .T. ) ;
#2621 = CARTESIAN_POINT ( 'NONE',  ( -9.000000000000007105, 2.700000000000000178, 7.399999999999998579 ) ) ;
#2622 = VERTEX_POINT ( 'NONE', #4053 ) ;
#2623 = CARTESIAN_POINT ( 'NONE',  ( -3.000000000000002665, 3.199999999999999734, -2.500000000000004885 ) ) ;
#2624 = VECTOR ( 'NONE', #1512, 1000.000000000000000 ) ;
#2625 = VERTEX_POINT ( 'NONE', #2571 ) ;
#2626 = CARTESIAN_POINT ( 'NONE',  ( -6.100000000000021849, 2.700000000000000178, -4.499999999999999112 ) ) ;
#2627 = ADVANCED_FACE ( 'NONE', ( #4256 ), #5374, .F. ) ;
#2628 = FACE_OUTER_BOUND ( 'NONE', #5691, .T. ) ;
#2629 = VECTOR ( 'NONE', #5518, 1000.000000000000000 ) ;
#2630 = ADVANCED_FACE ( 'NONE', ( #385 ), #6456, .F. ) ;
#2631 = LINE ( 'NONE', #2706, #5115 ) ;
#2632 = VECTOR ( 'NONE', #3137, 1000.000000000000000 ) ;
#2633 = CARTESIAN_POINT ( 'NONE',  ( 16.50000000000000355, 2.000000000000000000, 12.00000000000000000 ) ) ;
#2634 = VERTEX_POINT ( 'NONE', #850 ) ;
#2635 = ORIENTED_EDGE ( 'NONE', *, *, #1102, .F. ) ;
#2636 = AXIS2_PLACEMENT_3D ( 'NONE', #3353, #586, #7104 ) ;
#2637 = EDGE_CURVE ( 'NONE', #1206, #3972, #4768, .T. ) ;
#2638 = CARTESIAN_POINT ( 'NONE',  ( 41.89999999999997726, 2.000000000000000000, -4.499999999999999112 ) ) ;
#2639 = VECTOR ( 'NONE', #1701, 1000.000000000000000 ) ;
#2640 = DIRECTION ( 'NONE',  ( 1.000000000000000000, 0.000000000000000000, -0.000000000000000000 ) ) ;
#2641 = ORIENTED_EDGE ( 'NONE', *, *, #3200, .T. ) ;
#2642 = DIRECTION ( 'NONE',  ( -0.000000000000000000, -1.000000000000000000, -0.000000000000000000 ) ) ;
#2643 = ORIENTED_EDGE ( 'NONE', *, *, #3024, .T. ) ;
#2644 = DIRECTION ( 'NONE',  ( -0.000000000000000000, -0.000000000000000000, -1.000000000000000000 ) ) ;
#2645 = VECTOR ( 'NONE', #4319, 1000.000000000000000 ) ;
#2646 = VERTEX_POINT ( 'NONE', #1457 ) ;
#2647 = ORIENTED_EDGE ( 'NONE', *, *, #6286, .F. ) ;
#2648 = DIRECTION ( 'NONE',  ( -0.000000000000000000, -1.000000000000000000, -0.000000000000000000 ) ) ;
#2649 = EDGE_CURVE ( 'NONE', #5693, #4055, #6942, .T. ) ;
#2650 = CARTESIAN_POINT ( 'NONE',  ( 0.000000000000000000, 3.199999999999999734, 0.000000000000000000 ) ) ;
#2651 = CARTESIAN_POINT ( 'NONE',  ( -36.00000000000000711, 3.199999999999999734, -2.500000000000004441 ) ) ;
#2652 = ADVANCED_FACE ( 'NONE', ( #4189 ), #2099, .F. ) ;
#2653 = VECTOR ( 'NONE', #3270, 1000.000000000000000 ) ;
#2654 = PLANE ( 'NONE',  #6267 ) ;
#2655 = ORIENTED_EDGE ( 'NONE', *, *, #5538, .T. ) ;
#2656 = ORIENTED_EDGE ( 'NONE', *, *, #3734, .F. ) ;
#2657 = CARTESIAN_POINT ( 'NONE',  ( -26.90000000000000568, 2.700000000000000178, -5.499999999999999112 ) ) ;
#2658 = VECTOR ( 'NONE', #3293, 1000.000000000000000 ) ;
#2659 = PLANE ( 'NONE',  #944 ) ;
#2660 = VECTOR ( 'NONE', #5409, 1000.000000000000000 ) ;
#2661 = PLANE ( 'NONE',  #4603 ) ;
#2662 = CARTESIAN_POINT ( 'NONE',  ( 36.50000000000000711, 4.000000000000000000, -12.00000000000000355 ) ) ;
#2663 = ORIENTED_EDGE ( 'NONE', *, *, #2591, .F. ) ;
#2664 = CARTESIAN_POINT ( 'NONE',  ( -39.00000000000000711, 2.000000000000000000, 2.499999999999995115 ) ) ;
#2665 = ORIENTED_EDGE ( 'NONE', *, *, #5487, .T. ) ;
#2666 = AXIS2_PLACEMENT_3D ( 'NONE', #2808, #5032, #5470 ) ;
#2667 = DIRECTION ( 'NONE',  ( 1.000000000000000000, 0.000000000000000000, 0.000000000000000000 ) ) ;
#2668 = ADVANCED_FACE ( 'NONE', ( #1524 ), #2032, .F. ) ;
#2669 = LINE ( 'NONE', #2228, #1389 ) ;
#2670 = LINE ( 'NONE', #3857, #6270 ) ;
#2671 = CARTESIAN_POINT ( 'NONE',  ( 15.00000000000000000, 3.199999999999999734, -2.500000000000004885 ) ) ;
#2672 = ORIENTED_EDGE ( 'NONE', *, *, #42, .F. ) ;
#2673 = ORIENTED_EDGE ( 'NONE', *, *, #5110, .T. ) ;
#2674 = EDGE_CURVE ( 'NONE', #2234, #2073, #2605, .T. ) ;
#2675 = CARTESIAN_POINT ( 'NONE',  ( -12.10000000000001386, 2.700000000000000178, -5.499999999999999112 ) ) ;
#2676 = ADVANCED_FACE ( 'NONE', ( #4735 ), #3179, .F. ) ;
#2677 = EDGE_CURVE ( 'NONE', #6120, #3559, #5817, .T. ) ;
#2678 = CARTESIAN_POINT ( 'NONE',  ( -46.50000000000000711, 0.000000000000000000, 12.00000000000000000 ) ) ;
#2679 = ORIENTED_EDGE ( 'NONE', *, *, #2344, .T. ) ;
#2680 = DIRECTION ( 'NONE',  ( -1.000000000000000000, 0.000000000000000000, -2.891205793294688680E-16 ) ) ;
#2681 = EDGE_CURVE ( 'NONE', #6759, #2753, #3685, .T. ) ;
#2682 = ORIENTED_EDGE ( 'NONE', *, *, #5190, .T. ) ;
#2683 = DIRECTION ( 'NONE',  ( -0.000000000000000000, 0.000000000000000000, 1.000000000000000000 ) ) ;
#2684 = ORIENTED_EDGE ( 'NONE', *, *, #4960, .F. ) ;
#2685 = ORIENTED_EDGE ( 'NONE', *, *, #2198, .T. ) ;
#2686 = LINE ( 'NONE', #3837, #6138 ) ;
#2687 = CARTESIAN_POINT ( 'NONE',  ( -12.00000000000001066, 2.700000000000000178, 7.399999999999998579 ) ) ;
#2688 = PLANE ( 'NONE',  #684 ) ;
#2689 = LINE ( 'NONE', #3227, #4075 ) ;
#2690 = ADVANCED_FACE ( 'NONE', ( #5882 ), #3144, .F. ) ;
#2691 = VERTEX_POINT ( 'NONE', #4834 ) ;
#2692 = VECTOR ( 'NONE', #4019, 1000.000000000000000 ) ;
#2693 = EDGE_LOOP ( 'NONE', ( #6350, #2366, #1593, #983 ) ) ;
#2694 = DIRECTION ( 'NONE',  ( -0.000000000000000000, -0.000000000000000000, -1.000000000000000000 ) ) ;
#2695 = DIRECTION ( 'NONE',  ( -1.000000000000000000, 0.000000000000000000, -0.000000000000000000 ) ) ;
#2696 = AXIS2_PLACEMENT_3D ( 'NONE', #6619, #3874, #6068 ) ;
#2697 = FACE_OUTER_BOUND ( 'NONE', #5900, .T. ) ;
#2698 = CARTESIAN_POINT ( 'NONE',  ( 38.99999999999997868, 2.700000000000000178, 7.399999999999998579 ) ) ;
#2699 = AXIS2_PLACEMENT_3D ( 'NONE', #2478, #1334, #258 ) ;
#2700 = ORIENTED_EDGE ( 'NONE', *, *, #5138, .T. ) ;
#2701 = DIRECTION ( 'NONE',  ( -0.000000000000000000, -0.000000000000000000, 1.000000000000000000 ) ) ;
#2702 = VECTOR ( 'NONE', #5338, 1000.000000000000000 ) ;
#2703 = ORIENTED_EDGE ( 'NONE', *, *, #2268, .T. ) ;
#2704 = CARTESIAN_POINT ( 'NONE',  ( 11.99999999999999645, 2.000000000000000000, 2.499999999999996003 ) ) ;
#2705 = DIRECTION ( 'NONE',  ( -0.000000000000000000, -1.000000000000000000, -0.000000000000000000 ) ) ;
#2706 = CARTESIAN_POINT ( 'NONE',  ( -51.50000000000000711, 2.000000000000000000, -10.00000000000000000 ) ) ;
#2707 = CARTESIAN_POINT ( 'NONE',  ( 33.00000000000000000, 3.199999999999999734, 2.499999999999995115 ) ) ;
#2708 = EDGE_LOOP ( 'NONE', ( #3228, #5519, #2251, #3071 ) ) ;
#2709 = ORIENTED_EDGE ( 'NONE', *, *, #4697, .F. ) ;
#2710 = DIRECTION ( 'NONE',  ( -0.000000000000000000, -0.000000000000000000, 1.000000000000000000 ) ) ;
#2711 = CARTESIAN_POINT ( 'NONE',  ( -30.10000000000001563, 2.700000000000000178, -4.499999999999999112 ) ) ;
#2712 = EDGE_CURVE ( 'NONE', #2935, #4376, #7043, .T. ) ;
#2713 = CARTESIAN_POINT ( 'NONE',  ( 47.99999999999998579, 2.000000000000000000, -2.500000000000004441 ) ) ;
#2714 = ORIENTED_EDGE ( 'NONE', *, *, #1043, .F. ) ;
#2715 = EDGE_CURVE ( 'NONE', #3082, #1807, #317, .T. ) ;
#2716 = DIRECTION ( 'NONE',  ( -0.000000000000000000, -1.000000000000000000, -0.000000000000000000 ) ) ;
#2717 = EDGE_CURVE ( 'NONE', #3584, #1394, #4694, .T. ) ;
#2718 = EDGE_CURVE ( 'NONE', #6946, #268, #6355, .T. ) ;
#2719 = ORIENTED_EDGE ( 'NONE', *, *, #1688, .T. ) ;
#2720 = ORIENTED_EDGE ( 'NONE', *, *, #6803, .F. ) ;
#2721 = DIRECTION ( 'NONE',  ( -0.000000000000000000, -0.000000000000000000, -1.000000000000000000 ) ) ;
#2722 = CARTESIAN_POINT ( 'NONE',  ( 46.50000000000000711, 4.000000000000000000, -12.00000000000000000 ) ) ;
#2723 = ADVANCED_FACE ( 'NONE', ( #885 ), #3076, .T. ) ;
#2724 = CARTESIAN_POINT ( 'NONE',  ( -21.00000000000000355, 3.199999999999999734, 2.499999999999995115 ) ) ;
#2725 = DIRECTION ( 'NONE',  ( -1.000000000000000000, -0.000000000000000000, -0.000000000000000000 ) ) ;
#2726 = EDGE_LOOP ( 'NONE', ( #3967, #2574, #544, #464 ) ) ;
#2727 = VERTEX_POINT ( 'NONE', #1162 ) ;
#2728 = PLANE ( 'NONE',  #3369 ) ;
#2729 = CARTESIAN_POINT ( 'NONE',  ( -18.10000000000001918, 2.000000000000000000, -4.499999999999999112 ) ) ;
#2730 = EDGE_CURVE ( 'NONE', #2854, #951, #2239, .T. ) ;
#2731 = CARTESIAN_POINT ( 'NONE',  ( 15.09999999999997478, 2.700000000000000178, -5.499999999999999112 ) ) ;
#2732 = DIRECTION ( 'NONE',  ( -0.000000000000000000, -1.000000000000000000, -0.000000000000000000 ) ) ;
#2733 = LINE ( 'NONE', #5393, #6426 ) ;
#2734 = ORIENTED_EDGE ( 'NONE', *, *, #3747, .F. ) ;
#2735 = CARTESIAN_POINT ( 'NONE',  ( -32.90000000000001279, 2.700000000000000178, -4.499999999999999112 ) ) ;
#2736 = ORIENTED_EDGE ( 'NONE', *, *, #6193, .F. ) ;
#2737 = FACE_OUTER_BOUND ( 'NONE', #5171, .T. ) ;
#2738 = DIRECTION ( 'NONE',  ( 0.000000000000000000, -0.000000000000000000, -1.000000000000000000 ) ) ;
#2739 = AXIS2_PLACEMENT_3D ( 'NONE', #4175, #1373, #6443 ) ;
#2740 = DIRECTION ( 'NONE',  ( -1.000000000000000000, 0.000000000000000000, 0.000000000000000000 ) ) ;
#2741 = CARTESIAN_POINT ( 'NONE',  ( 5.899999999999988809, 2.000000000000000000, -5.499999999999999112 ) ) ;
#2742 = VERTEX_POINT ( 'NONE', #2785 ) ;
#2743 = ORIENTED_EDGE ( 'NONE', *, *, #437, .F. ) ;
#2744 = DIRECTION ( 'NONE',  ( -0.000000000000000000, -1.000000000000000000, -0.000000000000000000 ) ) ;
#2745 = VECTOR ( 'NONE', #3691, 1000.000000000000000 ) ;
#2746 = DIRECTION ( 'NONE',  ( 0.000000000000000000, 0.000000000000000000, 1.000000000000000000 ) ) ;
#2747 = CIRCLE ( 'NONE', #6665, 2.000000000000000000 ) ;
#2748 = FACE_OUTER_BOUND ( 'NONE', #5793, .T. ) ;
#2749 = ORIENTED_EDGE ( 'NONE', *, *, #4346, .F. ) ;
#2750 = DIRECTION ( 'NONE',  ( 0.000000000000000000, 0.000000000000000000, 1.000000000000000000 ) ) ;
#2751 = VECTOR ( 'NONE', #4730, 1000.000000000000000 ) ;
#2752 = VERTEX_POINT ( 'NONE', #5515 ) ;
#2753 = VERTEX_POINT ( 'NONE', #627 ) ;
#2754 = VECTOR ( 'NONE', #4366, 1000.000000000000000 ) ;
#2755 = PLANE ( 'NONE',  #1895 ) ;
#2756 = CARTESIAN_POINT ( 'NONE',  ( 35.99999999999999289, 3.199999999999999734, -2.500000000000004441 ) ) ;
#2757 = CARTESIAN_POINT ( 'NONE',  ( 21.00000000000000355, 3.199999999999999734, 2.499999999999995115 ) ) ;
#2758 = AXIS2_PLACEMENT_3D ( 'NONE', #3032, #5230, #4686 ) ;
#2759 = FACE_OUTER_BOUND ( 'NONE', #4047, .T. ) ;
#2760 = EDGE_LOOP ( 'NONE', ( #6646, #864, #6799, #6219 ) ) ;
#2761 = ORIENTED_EDGE ( 'NONE', *, *, #6380, .T. ) ;
#2762 = DIRECTION ( 'NONE',  ( 0.000000000000000000, 0.000000000000000000, -1.000000000000000000 ) ) ;
#2763 = LINE ( 'NONE', #4340, #5542 ) ;
#2764 = DIRECTION ( 'NONE',  ( -0.000000000000000000, -0.000000000000000000, -1.000000000000000000 ) ) ;
#2765 = VECTOR ( 'NONE', #338, 1000.000000000000000 ) ;
#2766 = EDGE_CURVE ( 'NONE', #1303, #4338, #1596, .T. ) ;
#2767 = EDGE_CURVE ( 'NONE', #1023, #5899, #6093, .T. ) ;
#2768 = VECTOR ( 'NONE', #2580, 1000.000000000000000 ) ;
#2769 = CARTESIAN_POINT ( 'NONE',  ( 26.50000000000001066, 0.000000000000000000, -10.00000000000000000 ) ) ;
#2770 = CARTESIAN_POINT ( 'NONE',  ( -18.00000000000000355, 3.199999999999999734, 2.499999999999996003 ) ) ;
#2771 = EDGE_CURVE ( 'NONE', #5439, #6791, #4940, .T. ) ;
#2772 = ORIENTED_EDGE ( 'NONE', *, *, #3198, .T. ) ;
#2773 = CARTESIAN_POINT ( 'NONE',  ( 39.09999999999998010, 2.700000000000000178, -4.499999999999999112 ) ) ;
#2774 = VERTEX_POINT ( 'NONE', #1635 ) ;
#2775 = DIRECTION ( 'NONE',  ( -0.000000000000000000, -1.000000000000000000, -0.000000000000000000 ) ) ;
#2776 = AXIS2_PLACEMENT_3D ( 'NONE', #3608, #5806, #6379 ) ;
#2777 = CARTESIAN_POINT ( 'NONE',  ( 23.99999999999999289, 3.199999999999999734, 2.499999999999996003 ) ) ;
#2778 = PLANE ( 'NONE',  #3963 ) ;
#2779 = EDGE_CURVE ( 'NONE', #1312, #3654, #19, .T. ) ;
#2780 = AXIS2_PLACEMENT_3D ( 'NONE', #3364, #5559, #232 ) ;
#2781 = DIRECTION ( 'NONE',  ( -0.000000000000000000, -1.000000000000000000, -0.000000000000000000 ) ) ;
#2782 = ORIENTED_EDGE ( 'NONE', *, *, #2592, .F. ) ;
#2783 = ORIENTED_EDGE ( 'NONE', *, *, #3546, .F. ) ;
#2784 = CARTESIAN_POINT ( 'NONE',  ( 35.99999999999999289, 3.199999999999999734, 2.499999999999996003 ) ) ;
#2785 = CARTESIAN_POINT ( 'NONE',  ( 41.99999999999999289, 3.199999999999999734, 2.499999999999996003 ) ) ;
#2786 = VECTOR ( 'NONE', #1760, 1000.000000000000000 ) ;
#2787 = DIRECTION ( 'NONE',  ( -1.000000000000000000, -0.000000000000000000, -1.445602896647344340E-16 ) ) ;
#2788 = ORIENTED_EDGE ( 'NONE', *, *, #5361, .T. ) ;
#2789 = LINE ( 'NONE', #6532, #461 ) ;
#2790 = EDGE_LOOP ( 'NONE', ( #1069, #360, #4936, #5376 ) ) ;
#2791 = EDGE_LOOP ( 'NONE', ( #2824, #94, #6285, #1050 ) ) ;
#2792 = CARTESIAN_POINT ( 'NONE',  ( -44.90000000000001279, 2.700000000000000178, -4.499999999999999112 ) ) ;
#2793 = DIRECTION ( 'NONE',  ( 0.000000000000000000, -0.000000000000000000, -1.000000000000000000 ) ) ;
#2794 = FACE_OUTER_BOUND ( 'NONE', #6320, .T. ) ;
#2795 = LINE ( 'NONE', #1715, #748 ) ;
#2796 = VERTEX_POINT ( 'NONE', #2678 ) ;
#2797 = ORIENTED_EDGE ( 'NONE', *, *, #5730, .T. ) ;
#2798 = DIRECTION ( 'NONE',  ( -0.000000000000000000, -0.000000000000000000, 1.000000000000000000 ) ) ;
#2799 = DIRECTION ( 'NONE',  ( -1.000000000000000000, 0.000000000000000000, -6.938893903907226405E-16 ) ) ;
#2800 = AXIS2_PLACEMENT_3D ( 'NONE', #1098, #598, #6503 ) ;
#2801 = CARTESIAN_POINT ( 'NONE',  ( 17.99999999999998934, 3.199999999999999734, -2.500000000000004441 ) ) ;
#2802 = LINE ( 'NONE', #110, #5623 ) ;
#2803 = ORIENTED_EDGE ( 'NONE', *, *, #438, .T. ) ;
#2804 = DIRECTION ( 'NONE',  ( -0.000000000000000000, -1.000000000000000000, -0.000000000000000000 ) ) ;
#2805 = ADVANCED_FACE ( 'NONE', ( #6025 ), #2134, .F. ) ;
#2806 = EDGE_CURVE ( 'NONE', #3248, #6501, #7077, .T. ) ;
#2807 = ORIENTED_EDGE ( 'NONE', *, *, #3838, .T. ) ;
#2808 = CARTESIAN_POINT ( 'NONE',  ( 15.09999999999997478, 2.700000000000000178, -5.499999999999999112 ) ) ;
#2809 = VECTOR ( 'NONE', #2212, 1000.000000000000000 ) ;
#2810 = EDGE_CURVE ( 'NONE', #3557, #6723, #5477, .T. ) ;
#2811 = FACE_OUTER_BOUND ( 'NONE', #4775, .T. ) ;
#2812 = AXIS2_PLACEMENT_3D ( 'NONE', #2135, #5412, #5478 ) ;
#2813 = CARTESIAN_POINT ( 'NONE',  ( -27.00000000000000355, 2.000000000000000000, -2.500000000000004885 ) ) ;
#2814 = FACE_OUTER_BOUND ( 'NONE', #3470, .T. ) ;
#2815 = VERTEX_POINT ( 'NONE', #3216 ) ;
#2816 = ORIENTED_EDGE ( 'NONE', *, *, #2995, .T. ) ;
#2817 = CARTESIAN_POINT ( 'NONE',  ( -36.50000000000000711, 4.000000000000000000, 10.00000000000000000 ) ) ;
#2818 = VECTOR ( 'NONE', #3831, 1000.000000000000000 ) ;
#2819 = EDGE_CURVE ( 'NONE', #6247, #6255, #552, .T. ) ;
#2820 = DIRECTION ( 'NONE',  ( -0.000000000000000000, -1.000000000000000000, -0.000000000000000000 ) ) ;
#2821 = DIRECTION ( 'NONE',  ( -1.000000000000000000, 0.000000000000000000, -0.000000000000000000 ) ) ;
#2822 = ORIENTED_EDGE ( 'NONE', *, *, #1090, .T. ) ;
#2823 = DIRECTION ( 'NONE',  ( 0.000000000000000000, 0.000000000000000000, 1.000000000000000000 ) ) ;
#2824 = ORIENTED_EDGE ( 'NONE', *, *, #3303, .T. ) ;
#2825 = ORIENTED_EDGE ( 'NONE', *, *, #608, .F. ) ;
#2826 = ORIENTED_EDGE ( 'NONE', *, *, #4082, .F. ) ;
#2827 = CARTESIAN_POINT ( 'NONE',  ( -2.900000000000013678, 2.700000000000000178, -4.499999999999999112 ) ) ;
#2828 = DIRECTION ( 'NONE',  ( -0.000000000000000000, -1.000000000000000000, -0.000000000000000000 ) ) ;
#2829 = CARTESIAN_POINT ( 'NONE',  ( 0.000000000000000000, 2.700000000000000178, 0.000000000000000000 ) ) ;
#2830 = CARTESIAN_POINT ( 'NONE',  ( -36.50000000000000711, 4.000000000000000000, 12.00000000000000355 ) ) ;
#2831 = ORIENTED_EDGE ( 'NONE', *, *, #6169, .F. ) ;
#2832 = EDGE_LOOP ( 'NONE', ( #3954, #1612, #1797, #3835 ) ) ;
#2833 = LINE ( 'NONE', #3336, #4176 ) ;
#2834 = CARTESIAN_POINT ( 'NONE',  ( 5.999999999999998224, 3.199999999999999734, 2.499999999999996003 ) ) ;
#2835 = LINE ( 'NONE', #5464, #1831 ) ;
#2836 = VERTEX_POINT ( 'NONE', #54 ) ;
#2837 = CARTESIAN_POINT ( 'NONE',  ( -8.000000000000007105, 2.700000000000000178, 4.599999999999998757 ) ) ;
#2838 = EDGE_LOOP ( 'NONE', ( #5715, #6796, #1365, #1333 ) ) ;
#2839 = CARTESIAN_POINT ( 'NONE',  ( 0.000000000000000000, 2.700000000000000178, 0.000000000000000000 ) ) ;
#2840 = VERTEX_POINT ( 'NONE', #1671 ) ;
#2841 = DIRECTION ( 'NONE',  ( -0.000000000000000000, -1.000000000000000000, -0.000000000000000000 ) ) ;
#2842 = CARTESIAN_POINT ( 'NONE',  ( -36.50000000000000711, 0.000000000000000000, 12.00000000000000355 ) ) ;
#2843 = EDGE_CURVE ( 'NONE', #5340, #734, #3357, .T. ) ;
#2844 = EDGE_CURVE ( 'NONE', #5974, #337, #5444, .T. ) ;
#2845 = PLANE ( 'NONE',  #3741 ) ;
#2846 = DIRECTION ( 'NONE',  ( 1.000000000000000000, -0.000000000000000000, -0.000000000000000000 ) ) ;
#2847 = EDGE_CURVE ( 'NONE', #5008, #6620, #6606, .T. ) ;
#2848 = ORIENTED_EDGE ( 'NONE', *, *, #2266, .T. ) ;
#2849 = VERTEX_POINT ( 'NONE', #1016 ) ;
#2850 = LINE ( 'NONE', #5661, #2426 ) ;
#2851 = LINE ( 'NONE', #6821, #4939 ) ;
#2852 = VECTOR ( 'NONE', #2990, 1000.000000000000000 ) ;
#2853 = DIRECTION ( 'NONE',  ( -0.000000000000000000, -1.000000000000000000, -0.000000000000000000 ) ) ;
#2854 = VERTEX_POINT ( 'NONE', #5011 ) ;
#2855 = DIRECTION ( 'NONE',  ( 0.000000000000000000, 0.000000000000000000, 1.000000000000000000 ) ) ;
#2856 = EDGE_CURVE ( 'NONE', #5849, #3210, #2205, .T. ) ;
#2857 = ORIENTED_EDGE ( 'NONE', *, *, #307, .T. ) ;
#2858 = AXIS2_PLACEMENT_3D ( 'NONE', #1300, #732, #2302 ) ;
#2859 = ORIENTED_EDGE ( 'NONE', *, *, #6411, .T. ) ;
#2860 = DIRECTION ( 'NONE',  ( 1.000000000000000000, 0.000000000000000000, 0.000000000000000000 ) ) ;
#2861 = AXIS2_PLACEMENT_3D ( 'NONE', #6259, #5712, #2973 ) ;
#2862 = DIRECTION ( 'NONE',  ( 0.000000000000000000, 0.000000000000000000, 1.000000000000000000 ) ) ;
#2863 = CARTESIAN_POINT ( 'NONE',  ( -14.90000000000001101, 2.700000000000000178, -4.499999999999999112 ) ) ;
#2864 = VECTOR ( 'NONE', #2104, 1000.000000000000000 ) ;
#2865 = ORIENTED_EDGE ( 'NONE', *, *, #6328, .T. ) ;
#2866 = AXIS2_PLACEMENT_3D ( 'NONE', #5950, #1091, #6639 ) ;
#2867 = EDGE_CURVE ( 'NONE', #397, #826, #486, .T. ) ;
#2868 = EDGE_LOOP ( 'NONE', ( #3441, #3346, #4750, #5828 ) ) ;
#2869 = DIRECTION ( 'NONE',  ( -0.000000000000000000, -1.000000000000000000, -0.000000000000000000 ) ) ;
#2870 = CARTESIAN_POINT ( 'NONE',  ( -16.50000000000000355, 2.000000000000000000, 12.00000000000000000 ) ) ;
#2871 = CARTESIAN_POINT ( 'NONE',  ( 15.00000000000000000, 3.199999999999999734, -2.500000000000004885 ) ) ;
#2872 = DIRECTION ( 'NONE',  ( -6.938893903907226405E-16, 0.000000000000000000, 1.000000000000000000 ) ) ;
#2873 = AXIS2_PLACEMENT_3D ( 'NONE', #5655, #3927, #6123 ) ;
#2874 = CARTESIAN_POINT ( 'NONE',  ( -9.000000000000001776, 3.199999999999999734, -2.500000000000004885 ) ) ;
#2875 = EDGE_LOOP ( 'NONE', ( #2105, #256, #6871, #6765 ) ) ;
#2876 = DIRECTION ( 'NONE',  ( 0.000000000000000000, 0.000000000000000000, -1.000000000000000000 ) ) ;
#2877 = VERTEX_POINT ( 'NONE', #3251 ) ;
#2878 = LINE ( 'NONE', #2296, #336 ) ;
#2879 = VECTOR ( 'NONE', #5173, 1000.000000000000000 ) ;
#2880 = DIRECTION ( 'NONE',  ( 0.000000000000000000, 0.000000000000000000, 1.000000000000000000 ) ) ;
#2881 = DIRECTION ( 'NONE',  ( -0.000000000000000000, -1.000000000000000000, -0.000000000000000000 ) ) ;
#2882 = LINE ( 'NONE', #6086, #186 ) ;
#2883 = DIRECTION ( 'NONE',  ( -1.000000000000000000, -0.000000000000000000, -0.000000000000000000 ) ) ;
#2884 = EDGE_LOOP ( 'NONE', ( #2511, #5331, #286, #3025 ) ) ;
#2885 = ORIENTED_EDGE ( 'NONE', *, *, #611, .F. ) ;
#2886 = DIRECTION ( 'NONE',  ( -0.000000000000000000, 0.000000000000000000, -1.000000000000000000 ) ) ;
#2887 = DIRECTION ( 'NONE',  ( 0.000000000000000000, 0.000000000000000000, 1.000000000000000000 ) ) ;
#2888 = AXIS2_PLACEMENT_3D ( 'NONE', #5513, #2164, #4974 ) ;
#2889 = CARTESIAN_POINT ( 'NONE',  ( -2.900000000000013678, 2.000000000000000000, -5.499999999999999112 ) ) ;
#2890 = ORIENTED_EDGE ( 'NONE', *, *, #4343, .T. ) ;
#2891 = CARTESIAN_POINT ( 'NONE',  ( 0.000000000000000000, 3.199999999999999734, 0.000000000000000000 ) ) ;
#2892 = EDGE_LOOP ( 'NONE', ( #3118, #4594, #4811, #3477 ) ) ;
#2893 = EDGE_CURVE ( 'NONE', #4752, #115, #519, .T. ) ;
#2894 = EDGE_CURVE ( 'NONE', #6986, #1649, #7108, .T. ) ;
#2895 = VERTEX_POINT ( 'NONE', #4651 ) ;
#2896 = AXIS2_PLACEMENT_3D ( 'NONE', #2405, #5257, #298 ) ;
#2897 = CARTESIAN_POINT ( 'NONE',  ( -8.900000000000019895, 2.700000000000000178, -4.499999999999999112 ) ) ;
#2898 = CARTESIAN_POINT ( 'NONE',  ( 15.09999999999997478, 2.000000000000000000, -5.499999999999999112 ) ) ;
#2899 = EDGE_CURVE ( 'NONE', #1599, #5218, #4040, .T. ) ;
#2900 = CARTESIAN_POINT ( 'NONE',  ( 0.000000000000000000, 2.700000000000000178, 0.000000000000000000 ) ) ;
#2901 = ORIENTED_EDGE ( 'NONE', *, *, #6836, .F. ) ;
#2902 = VERTEX_POINT ( 'NONE', #1887 ) ;
#2903 = DIRECTION ( 'NONE',  ( 1.000000000000000000, 0.000000000000000000, 1.445602896647337684E-16 ) ) ;
#2904 = FACE_OUTER_BOUND ( 'NONE', #5089, .T. ) ;
#2905 = CARTESIAN_POINT ( 'NONE',  ( 29.89999999999998082, 2.000000000000000000, -5.499999999999999112 ) ) ;
#2906 = FACE_OUTER_BOUND ( 'NONE', #4997, .T. ) ;
#2907 = EDGE_CURVE ( 'NONE', #1863, #6723, #5155, .T. ) ;
#2908 = CARTESIAN_POINT ( 'NONE',  ( -12.00000000000000355, 2.000000000000000000, -2.500000000000004441 ) ) ;
#2909 = EDGE_LOOP ( 'NONE', ( #6353, #2831, #3724, #3974 ) ) ;
#2910 = EDGE_LOOP ( 'NONE', ( #2522, #4873, #1556, #1527 ) ) ;
#2911 = LINE ( 'NONE', #3884, #4808 ) ;
#2912 = PLANE ( 'NONE',  #1409 ) ;
#2913 = DIRECTION ( 'NONE',  ( -1.000000000000000000, 0.000000000000000000, -0.000000000000000000 ) ) ;
#2914 = LINE ( 'NONE', #5545, #6157 ) ;
#2915 = PLANE ( 'NONE',  #2858 ) ;
#2916 = VECTOR ( 'NONE', #2721, 1000.000000000000000 ) ;
#2917 = ORIENTED_EDGE ( 'NONE', *, *, #5407, .F. ) ;
#2918 = ORIENTED_EDGE ( 'NONE', *, *, #3039, .T. ) ;
#2919 = DIRECTION ( 'NONE',  ( -0.000000000000000000, -0.000000000000000000, 1.000000000000000000 ) ) ;
#2920 = DIRECTION ( 'NONE',  ( -0.000000000000000000, -0.000000000000000000, 1.000000000000000000 ) ) ;
#2921 = VECTOR ( 'NONE', #3804, 1000.000000000000000 ) ;
#2922 = CARTESIAN_POINT ( 'NONE',  ( -16.50000000000000355, 4.000000000000000000, -12.00000000000000355 ) ) ;
#2923 = EDGE_LOOP ( 'NONE', ( #197, #5325, #2029, #4177 ) ) ;
#2924 = FACE_OUTER_BOUND ( 'NONE', #819, .T. ) ;
#2925 = ORIENTED_EDGE ( 'NONE', *, *, #1621, .F. ) ;
#2926 = VECTOR ( 'NONE', #1589, 1000.000000000000000 ) ;
#2927 = ORIENTED_EDGE ( 'NONE', *, *, #786, .T. ) ;
#2928 = DIRECTION ( 'NONE',  ( -1.000000000000000000, -0.000000000000000000, 3.469446951953613696E-16 ) ) ;
#2929 = DIRECTION ( 'NONE',  ( -0.000000000000000000, -0.000000000000000000, 1.000000000000000000 ) ) ;
#2930 = ORIENTED_EDGE ( 'NONE', *, *, #703, .T. ) ;
#2931 = EDGE_CURVE ( 'NONE', #5941, #5778, #4575, .T. ) ;
#2932 = EDGE_CURVE ( 'NONE', #3936, #248, #1850, .T. ) ;
#2933 = FACE_OUTER_BOUND ( 'NONE', #5241, .T. ) ;
#2934 = ORIENTED_EDGE ( 'NONE', *, *, #3952, .T. ) ;
#2935 = VERTEX_POINT ( 'NONE', #235 ) ;
#2936 = CARTESIAN_POINT ( 'NONE',  ( 33.09999999999998721, 2.700000000000000178, -5.499999999999999112 ) ) ;
#2937 = ADVANCED_FACE ( 'NONE', ( #4002 ), #5590, .F. ) ;
#2938 = CARTESIAN_POINT ( 'NONE',  ( -9.000000000000007105, 2.700000000000000178, 4.599999999999998757 ) ) ;
#2939 = DIRECTION ( 'NONE',  ( 1.000000000000000000, 0.000000000000000000, -0.000000000000000000 ) ) ;
#2940 = DIRECTION ( 'NONE',  ( -0.000000000000000000, -0.000000000000000000, -1.000000000000000000 ) ) ;
#2941 = ORIENTED_EDGE ( 'NONE', *, *, #6484, .F. ) ;
#2942 = ORIENTED_EDGE ( 'NONE', *, *, #4577, .T. ) ;
#2943 = CARTESIAN_POINT ( 'NONE',  ( 11.99999999999999645, 3.199999999999999734, 2.499999999999996003 ) ) ;
#2944 = ADVANCED_FACE ( 'NONE', ( #6242 ), #736, .F. ) ;
#2945 = DIRECTION ( 'NONE',  ( -0.000000000000000000, -0.000000000000000000, -1.000000000000000000 ) ) ;
#2946 = CARTESIAN_POINT ( 'NONE',  ( -8.900000000000019895, 2.700000000000000178, -5.499999999999999112 ) ) ;
#2947 = FACE_OUTER_BOUND ( 'NONE', #2259, .T. ) ;
#2948 = ORIENTED_EDGE ( 'NONE', *, *, #2403, .F. ) ;
#2949 = LINE ( 'NONE', #4069, #3311 ) ;
#2950 = ORIENTED_EDGE ( 'NONE', *, *, #4648, .T. ) ;
#2951 = EDGE_CURVE ( 'NONE', #1420, #6053, #5696, .T. ) ;
#2952 = CARTESIAN_POINT ( 'NONE',  ( -24.00000000000000000, 2.000000000000000000, 2.499999999999996003 ) ) ;
#2953 = LINE ( 'NONE', #4039, #3926 ) ;
#2954 = EDGE_CURVE ( 'NONE', #6220, #4769, #770, .T. ) ;
#2955 = CARTESIAN_POINT ( 'NONE',  ( -9.000000000000007105, 2.000000000000000000, 4.599999999999998757 ) ) ;
#2956 = ADVANCED_FACE ( 'NONE', ( #1269 ), #2379, .F. ) ;
#2957 = CARTESIAN_POINT ( 'NONE',  ( 34.99999999999997868, 2.700000000000000178, 7.399999999999998579 ) ) ;
#2958 = VERTEX_POINT ( 'NONE', #6785 ) ;
#2959 = FACE_OUTER_BOUND ( 'NONE', #6558, .T. ) ;
#2960 = ORIENTED_EDGE ( 'NONE', *, *, #2246, .T. ) ;
#2961 = VERTEX_POINT ( 'NONE', #2955 ) ;
#2962 = VERTEX_POINT ( 'NONE', #5662 ) ;
#2963 = DIRECTION ( 'NONE',  ( 1.000000000000000000, 0.000000000000000000, 0.000000000000000000 ) ) ;
#2964 = DIRECTION ( 'NONE',  ( -0.000000000000000000, -0.000000000000000000, -1.000000000000000000 ) ) ;
#2965 = ORIENTED_EDGE ( 'NONE', *, *, #6262, .F. ) ;
#2966 = FACE_BOUND ( 'NONE', #5852, .T. ) ;
#2967 = EDGE_LOOP ( 'NONE', ( #218, #3681, #4142, #1058 ) ) ;
#2968 = AXIS2_PLACEMENT_3D ( 'NONE', #1951, #6991, #4644 ) ;
#2969 = ORIENTED_EDGE ( 'NONE', *, *, #4960, .T. ) ;
#2970 = ORIENTED_EDGE ( 'NONE', *, *, #3181, .F. ) ;
#2971 = LINE ( 'NONE', #4488, #4989 ) ;
#2972 = PLANE ( 'NONE',  #6925 ) ;
#2973 = DIRECTION ( 'NONE',  ( -1.000000000000000000, 0.000000000000000000, -0.000000000000000000 ) ) ;
#2974 = AXIS2_PLACEMENT_3D ( 'NONE', #6301, #5224, #5904 ) ;
#2975 = AXIS2_PLACEMENT_3D ( 'NONE', #1072, #5532, #36 ) ;
#2976 = DIRECTION ( 'NONE',  ( 0.000000000000000000, 0.000000000000000000, -1.000000000000000000 ) ) ;
#2977 = EDGE_LOOP ( 'NONE', ( #3790, #5634, #1403, #3282 ) ) ;
#2978 = ORIENTED_EDGE ( 'NONE', *, *, #2266, .F. ) ;
#2979 = LINE ( 'NONE', #5757, #5675 ) ;
#2980 = VECTOR ( 'NONE', #6633, 1000.000000000000000 ) ;
#2981 = EDGE_CURVE ( 'NONE', #425, #4377, #2851, .T. ) ;
#2982 = LINE ( 'NONE', #3740, #2315 ) ;
#2983 = ADVANCED_FACE ( 'NONE', ( #6711 ), #5122, .F. ) ;
#2984 = VECTOR ( 'NONE', #1560, 1000.000000000000000 ) ;
#2985 = CARTESIAN_POINT ( 'NONE',  ( -16.50000000000000355, 4.000000000000000000, 12.00000000000000355 ) ) ;
#2986 = EDGE_CURVE ( 'NONE', #4583, #1068, #3532, .T. ) ;
#2987 = CARTESIAN_POINT ( 'NONE',  ( 15.09999999999997478, 2.700000000000000178, -4.499999999999999112 ) ) ;
#2988 = AXIS2_PLACEMENT_3D ( 'NONE', #1478, #5837, #411 ) ;
#2989 = ORIENTED_EDGE ( 'NONE', *, *, #6586, .F. ) ;
#2990 = DIRECTION ( 'NONE',  ( 1.000000000000000000, -0.000000000000000000, -0.000000000000000000 ) ) ;
#2991 = EDGE_LOOP ( 'NONE', ( #5107, #6940, #2211, #5541 ) ) ;
#2992 = CARTESIAN_POINT ( 'NONE',  ( -26.50000000000000711, 4.000000000000000000, 12.00000000000000000 ) ) ;
#2993 = CARTESIAN_POINT ( 'NONE',  ( -36.00000000000002132, 2.700000000000000178, 7.399999999999998579 ) ) ;
#2994 = LINE ( 'NONE', #5196, #468 ) ;
#2995 = EDGE_CURVE ( 'NONE', #2202, #2646, #2994, .T. ) ;
#2996 = CARTESIAN_POINT ( 'NONE',  ( -18.10000000000001918, 2.000000000000000000, -5.499999999999999112 ) ) ;
#2997 = ORIENTED_EDGE ( 'NONE', *, *, #6104, .T. ) ;
#2998 = VECTOR ( 'NONE', #6065, 1000.000000000000000 ) ;
#2999 = CARTESIAN_POINT ( 'NONE',  ( -3.000000000000002665, 2.000000000000000000, 2.499999999999995115 ) ) ;
#3000 = VERTEX_POINT ( 'NONE', #272 ) ;
#3001 = ORIENTED_EDGE ( 'NONE', *, *, #6913, .T. ) ;
#3002 = ORIENTED_EDGE ( 'NONE', *, *, #53, .T. ) ;
#3003 = LINE ( 'NONE', #1749, #2200 ) ;
#3004 = LINE ( 'NONE', #6317, #5289 ) ;
#3005 = VECTOR ( 'NONE', #3462, 1000.000000000000000 ) ;
#3006 = PLANE ( 'NONE',  #179 ) ;
#3007 = EDGE_LOOP ( 'NONE', ( #5779, #6417, #644, #5886 ) ) ;
#3008 = DIRECTION ( 'NONE',  ( -1.000000000000000000, -0.000000000000000000, -1.445602896647337931E-16 ) ) ;
#3009 = ORIENTED_EDGE ( 'NONE', *, *, #915, .T. ) ;
#3010 = VECTOR ( 'NONE', #6630, 1000.000000000000000 ) ;
#3011 = ORIENTED_EDGE ( 'NONE', *, *, #2149, .F. ) ;
#3012 = DIRECTION ( 'NONE',  ( 1.000000000000000000, 0.000000000000000000, 0.000000000000000000 ) ) ;
#3013 = FACE_OUTER_BOUND ( 'NONE', #6855, .T. ) ;
#3014 = DIRECTION ( 'NONE',  ( 0.000000000000000000, -1.000000000000000000, 0.000000000000000000 ) ) ;
#3015 = DIRECTION ( 'NONE',  ( -0.000000000000000000, -0.000000000000000000, -1.000000000000000000 ) ) ;
#3016 = ORIENTED_EDGE ( 'NONE', *, *, #6376, .F. ) ;
#3017 = ORIENTED_EDGE ( 'NONE', *, *, #5327, .T. ) ;
#3018 = CARTESIAN_POINT ( 'NONE',  ( -36.00000000000002132, 2.700000000000000178, 4.599999999999998757 ) ) ;
#3019 = LINE ( 'NONE', #6190, #4390 ) ;
#3020 = DIRECTION ( 'NONE',  ( -1.000000000000000000, -0.000000000000000000, -0.000000000000000000 ) ) ;
#3021 = EDGE_CURVE ( 'NONE', #6791, #4257, #2451, .T. ) ;
#3022 = ADVANCED_FACE ( 'NONE', ( #3970 ), #6168, .F. ) ;
#3023 = CARTESIAN_POINT ( 'NONE',  ( -36.10000000000002274, 2.700000000000000178, -5.499999999999999112 ) ) ;
#3024 = EDGE_CURVE ( 'NONE', #4217, #1312, #704, .T. ) ;
#3025 = ORIENTED_EDGE ( 'NONE', *, *, #4751, .T. ) ;
#3026 = FACE_OUTER_BOUND ( 'NONE', #3380, .T. ) ;
#3027 = VECTOR ( 'NONE', #1105, 1000.000000000000000 ) ;
#3028 = ORIENTED_EDGE ( 'NONE', *, *, #7046, .T. ) ;
#3029 = PLANE ( 'NONE',  #5333 ) ;
#3030 = ADVANCED_FACE ( 'NONE', ( #309 ), #1450, .F. ) ;
#3031 = CARTESIAN_POINT ( 'NONE',  ( -36.50000000000000711, 2.000000000000000000, 12.00000000000000000 ) ) ;
#3032 = CARTESIAN_POINT ( 'NONE',  ( -51.50000000000000711, 2.000000000000000000, -10.00000000000000000 ) ) ;
#3033 = VECTOR ( 'NONE', #685, 1000.000000000000000 ) ;
#3034 = CARTESIAN_POINT ( 'NONE',  ( 46.50000000000000711, 4.000000000000000000, -10.00000000000000000 ) ) ;
#3035 = ORIENTED_EDGE ( 'NONE', *, *, #4450, .F. ) ;
#3036 = DIRECTION ( 'NONE',  ( 0.000000000000000000, 0.000000000000000000, -1.000000000000000000 ) ) ;
#3037 = EDGE_LOOP ( 'NONE', ( #3152, #676, #2672, #3877 ) ) ;
#3038 = ORIENTED_EDGE ( 'NONE', *, *, #5320, .T. ) ;
#3039 = EDGE_CURVE ( 'NONE', #731, #3911, #3138, .T. ) ;
#3040 = DIRECTION ( 'NONE',  ( 1.000000000000000000, -0.000000000000000000, 2.891205793294688680E-16 ) ) ;
#3041 = AXIS2_PLACEMENT_3D ( 'NONE', #1681, #5526, #7119 ) ;
#3042 = DIRECTION ( 'NONE',  ( 1.000000000000000000, -0.000000000000000000, 0.000000000000000000 ) ) ;
#3043 = PLANE ( 'NONE',  #6722 ) ;
#3044 = VERTEX_POINT ( 'NONE', #4727 ) ;
#3045 = LINE ( 'NONE', #5246, #1133 ) ;
#3046 = VECTOR ( 'NONE', #4004, 1000.000000000000000 ) ;
#3047 = ORIENTED_EDGE ( 'NONE', *, *, #4181, .T. ) ;
#3048 = APPLICATION_PROTOCOL_DEFINITION ( 'draft international standard', 'automotive_design', 1998, #1644 ) ;
#3049 = ORIENTED_EDGE ( 'NONE', *, *, #3021, .T. ) ;
#3050 = CARTESIAN_POINT ( 'NONE',  ( 30.00000000000000000, 3.199999999999999734, 2.499999999999996003 ) ) ;
#3051 = DIRECTION ( 'NONE',  ( 0.000000000000000000, -0.000000000000000000, -1.000000000000000000 ) ) ;
#3052 = CARTESIAN_POINT ( 'NONE',  ( 0.000000000000000000, 2.700000000000000178, 0.000000000000000000 ) ) ;
#3053 = AXIS2_PLACEMENT_3D ( 'NONE', #2262, #765, #3491 ) ;
#3054 = DIRECTION ( 'NONE',  ( -0.000000000000000000, 0.000000000000000000, -1.000000000000000000 ) ) ;
#3055 = ORIENTED_EDGE ( 'NONE', *, *, #1937, .F. ) ;
#3056 = ORIENTED_EDGE ( 'NONE', *, *, #2198, .F. ) ;
#3057 = CARTESIAN_POINT ( 'NONE',  ( 15.00000000000000000, 3.199999999999999734, 2.499999999999995115 ) ) ;
#3058 = DIRECTION ( 'NONE',  ( 0.000000000000000000, -1.000000000000000000, 0.000000000000000000 ) ) ;
#3059 = DIRECTION ( 'NONE',  ( -1.000000000000000000, 0.000000000000000000, -3.469446951953613696E-16 ) ) ;
#3060 = CARTESIAN_POINT ( 'NONE',  ( -46.50000000000000711, 4.000000000000000000, -12.00000000000000000 ) ) ;
#3061 = CARTESIAN_POINT ( 'NONE',  ( -24.00000000000000000, 2.000000000000000000, -2.500000000000004441 ) ) ;
#3062 = EDGE_LOOP ( 'NONE', ( #391, #1834, #1104, #5086 ) ) ;
#3063 = CARTESIAN_POINT ( 'NONE',  ( -36.10000000000002274, 2.000000000000000000, -5.499999999999999112 ) ) ;
#3064 = ADVANCED_FACE ( 'NONE', ( #6859 ), #1993, .T. ) ;
#3065 = CARTESIAN_POINT ( 'NONE',  ( -30.00000000000000711, 3.199999999999999734, 2.499999999999996003 ) ) ;
#3066 = CARTESIAN_POINT ( 'NONE',  ( 16.50000000000000000, 2.000000000000000000, 10.00000000000000000 ) ) ;
#3067 = CARTESIAN_POINT ( 'NONE',  ( 15.99999999999997335, 2.000000000000000000, 7.399999999999998579 ) ) ;
#3068 = EDGE_CURVE ( 'NONE', #5291, #1755, #2566, .T. ) ;
#3069 = EDGE_LOOP ( 'NONE', ( #7000, #2448, #3252, #3028 ) ) ;
#3070 = CARTESIAN_POINT ( 'NONE',  ( 34.99999999999997868, 2.700000000000000178, 7.399999999999998579 ) ) ;
#3071 = ORIENTED_EDGE ( 'NONE', *, *, #148, .T. ) ;
#3072 = EDGE_LOOP ( 'NONE', ( #6529, #2663, #3405, #3001 ) ) ;
#3073 = ADVANCED_FACE ( 'NONE', ( #2628 ), #340, .F. ) ;
#3074 = DIRECTION ( 'NONE',  ( 1.000000000000000000, 0.000000000000000000, -0.000000000000000000 ) ) ;
#3075 = ADVANCED_FACE ( 'NONE', ( #5875 ), #3642, .F. ) ;
#3076 = PLANE ( 'NONE',  #2292 ) ;
#3077 = ORIENTED_EDGE ( 'NONE', *, *, #672, .F. ) ;
#3078 = CARTESIAN_POINT ( 'NONE',  ( -14.90000000000001101, 2.700000000000000178, -4.499999999999999112 ) ) ;
#3079 = ADVANCED_FACE ( 'NONE', ( #979 ), #1920, .F. ) ;
#3080 = ORIENTED_EDGE ( 'NONE', *, *, #6292, .F. ) ;
#3081 = DIRECTION ( 'NONE',  ( 0.000000000000000000, 0.000000000000000000, 1.000000000000000000 ) ) ;
#3082 = VERTEX_POINT ( 'NONE', #908 ) ;
#3083 = ORIENTED_EDGE ( 'NONE', *, *, #6158, .F. ) ;
#3084 = DIRECTION ( 'NONE',  ( 0.000000000000000000, 0.000000000000000000, 1.000000000000000000 ) ) ;
#3085 = DIRECTION ( 'NONE',  ( -1.000000000000000000, 0.000000000000000000, -0.000000000000000000 ) ) ;
#3086 = FACE_OUTER_BOUND ( 'NONE', #2875, .T. ) ;
#3087 = ADVANCED_FACE ( 'NONE', ( #3714 ), #4108, .T. ) ;
#3088 = VECTOR ( 'NONE', #5767, 1000.000000000000000 ) ;
#3089 = FACE_OUTER_BOUND ( 'NONE', #4287, .T. ) ;
#3090 = EDGE_CURVE ( 'NONE', #446, #3249, #3566, .T. ) ;
#3091 = ORIENTED_EDGE ( 'NONE', *, *, #2189, .T. ) ;
#3092 = ORIENTED_EDGE ( 'NONE', *, *, #5579, .T. ) ;
#3093 = LINE ( 'NONE', #5717, #6892 ) ;
#3094 = CARTESIAN_POINT ( 'NONE',  ( -36.50000000000000711, 4.000000000000000000, 12.00000000000000355 ) ) ;
#3095 = VECTOR ( 'NONE', #4268, 1000.000000000000000 ) ;
#3096 = CARTESIAN_POINT ( 'NONE',  ( -26.50000000000000711, 0.000000000000000000, -12.00000000000000000 ) ) ;
#3097 = VECTOR ( 'NONE', #3412, 1000.000000000000000 ) ;
#3098 = CARTESIAN_POINT ( 'NONE',  ( 45.09999999999997300, 2.000000000000000000, -4.499999999999999112 ) ) ;
#3099 = VECTOR ( 'NONE', #3794, 1000.000000000000000 ) ;
#3100 = ORIENTED_EDGE ( 'NONE', *, *, #877, .F. ) ;
#3101 = CARTESIAN_POINT ( 'NONE',  ( -18.00000000000000355, 3.199999999999999734, -2.500000000000004441 ) ) ;
#3102 = DIRECTION ( 'NONE',  ( -0.000000000000000000, -1.000000000000000000, -0.000000000000000000 ) ) ;
#3103 = VECTOR ( 'NONE', #2209, 1000.000000000000000 ) ;
#3104 = CARTESIAN_POINT ( 'NONE',  ( 21.09999999999998010, 2.700000000000000178, -5.499999999999999112 ) ) ;
#3105 = VECTOR ( 'NONE', #6347, 1000.000000000000000 ) ;
#3106 = CARTESIAN_POINT ( 'NONE',  ( -24.00000000000000000, 3.199999999999999734, 2.499999999999996003 ) ) ;
#3107 = DIRECTION ( 'NONE',  ( -1.000000000000000000, -0.000000000000000000, -0.000000000000000000 ) ) ;
#3108 = VERTEX_POINT ( 'NONE', #3066 ) ;
#3109 = VERTEX_POINT ( 'NONE', #1417 ) ;
#3110 = CARTESIAN_POINT ( 'NONE',  ( 47.99999999999998579, 3.199999999999999734, -2.500000000000004441 ) ) ;
#3111 = VERTEX_POINT ( 'NONE', #5367 ) ;
#3112 = AXIS2_PLACEMENT_3D ( 'NONE', #3879, #1215, #4886 ) ;
#3113 = CARTESIAN_POINT ( 'NONE',  ( -53.50000000000000711, 0.000000000000000000, 10.00000000000000000 ) ) ;
#3114 = EDGE_LOOP ( 'NONE', ( #207, #5054, #6611, #6108 ) ) ;
#3115 = ADVANCED_FACE ( 'NONE', ( #5910 ), #3677, .F. ) ;
#3116 = DIRECTION ( 'NONE',  ( 0.000000000000000000, -1.000000000000000000, 0.000000000000000000 ) ) ;
#3117 = EDGE_CURVE ( 'NONE', #6013, #2295, #5808, .T. ) ;
#3118 = ORIENTED_EDGE ( 'NONE', *, *, #4126, .T. ) ;
#3119 = VERTEX_POINT ( 'NONE', #3171 ) ;
#3120 = LINE ( 'NONE', #4743, #1430 ) ;
#3121 = VECTOR ( 'NONE', #2213, 1000.000000000000000 ) ;
#3122 = DIRECTION ( 'NONE',  ( 2.891205793294675368E-16, 0.000000000000000000, -1.000000000000000000 ) ) ;
#3123 = EDGE_CURVE ( 'NONE', #3832, #4440, #442, .T. ) ;
#3124 = CARTESIAN_POINT ( 'NONE',  ( 21.09999999999998010, 2.700000000000000178, -5.499999999999999112 ) ) ;
#3125 = CARTESIAN_POINT ( 'NONE',  ( 21.09999999999998010, 2.700000000000000178, -5.499999999999999112 ) ) ;
#3126 = AXIS2_PLACEMENT_3D ( 'NONE', #6166, #5042, #1342 ) ;
#3127 = ORIENTED_EDGE ( 'NONE', *, *, #5494, .F. ) ;
#3128 = ORIENTED_EDGE ( 'NONE', *, *, #1311, .T. ) ;
#3129 = LINE ( 'NONE', #2013, #2515 ) ;
#3130 = DIRECTION ( 'NONE',  ( 1.000000000000000000, 0.000000000000000000, -0.000000000000000000 ) ) ;
#3131 = ADVANCED_FACE ( 'NONE', ( #841 ), #875, .F. ) ;
#3132 = AXIS2_PLACEMENT_3D ( 'NONE', #5433, #2564, #508 ) ;
#3133 = PLANE ( 'NONE',  #1479 ) ;
#3134 = PLANE ( 'NONE',  #2968 ) ;
#3135 = ORIENTED_EDGE ( 'NONE', *, *, #2374, .T. ) ;
#3136 = DIRECTION ( 'NONE',  ( -1.000000000000000000, -0.000000000000000000, -1.445602896647337931E-16 ) ) ;
#3137 = DIRECTION ( 'NONE',  ( -0.000000000000000000, -1.000000000000000000, -0.000000000000000000 ) ) ;
#3138 = LINE ( 'NONE', #6935, #1609 ) ;
#3139 = LINE ( 'NONE', #5775, #4773 ) ;
#3140 = DIRECTION ( 'NONE',  ( 1.000000000000000000, -0.000000000000000000, -0.000000000000000000 ) ) ;
#3141 = ORIENTED_EDGE ( 'NONE', *, *, #6562, .T. ) ;
#3142 = ORIENTED_EDGE ( 'NONE', *, *, #4791, .F. ) ;
#3143 = LINE ( 'NONE', #847, #27 ) ;
#3144 = PLANE ( 'NONE',  #4130 ) ;
#3145 = ORIENTED_EDGE ( 'NONE', *, *, #5932, .T. ) ;
#3146 = DIRECTION ( 'NONE',  ( -1.000000000000000000, -0.000000000000000000, -0.000000000000000000 ) ) ;
#3147 = ORIENTED_EDGE ( 'NONE', *, *, #672, .T. ) ;
#3148 = LINE ( 'NONE', #5850, #5045 ) ;
#3149 = EDGE_CURVE ( 'NONE', #1086, #5766, #5264, .T. ) ;
#3150 = ORIENTED_EDGE ( 'NONE', *, *, #4895, .T. ) ;
#3151 = VECTOR ( 'NONE', #6290, 1000.000000000000000 ) ;
#3152 = ORIENTED_EDGE ( 'NONE', *, *, #5578, .F. ) ;
#3153 = PLANE ( 'NONE',  #623 ) ;
#3154 = DIRECTION ( 'NONE',  ( 0.000000000000000000, -1.000000000000000000, 0.000000000000000000 ) ) ;
#3155 = DIRECTION ( 'NONE',  ( 0.000000000000000000, 0.000000000000000000, 1.000000000000000000 ) ) ;
#3156 = EDGE_CURVE ( 'NONE', #314, #1462, #4968, .T. ) ;
#3157 = ADVANCED_FACE ( 'NONE', ( #5401 ), #1627, .F. ) ;
#3158 = VECTOR ( 'NONE', #463, 1000.000000000000000 ) ;
#3159 = PLANE ( 'NONE',  #2118 ) ;
#3160 = EDGE_LOOP ( 'NONE', ( #5701, #5499, #5430, #6303 ) ) ;
#3161 = ADVANCED_FACE ( 'NONE', ( #6521 ), #3820, .F. ) ;
#3162 = ORIENTED_EDGE ( 'NONE', *, *, #1634, .T. ) ;
#3163 = CARTESIAN_POINT ( 'NONE',  ( 35.99999999999997868, 2.700000000000000178, 7.399999999999998579 ) ) ;
#3164 = DIRECTION ( 'NONE',  ( 0.000000000000000000, 0.000000000000000000, 1.000000000000000000 ) ) ;
#3165 = AXIS2_PLACEMENT_3D ( 'NONE', #3106, #2025, #6998 ) ;
#3166 = FACE_OUTER_BOUND ( 'NONE', #4796, .T. ) ;
#3167 = EDGE_CURVE ( 'NONE', #1619, #852, #2669, .T. ) ;
#3168 = LINE ( 'NONE', #5364, #1945 ) ;
#3169 = EDGE_LOOP ( 'NONE', ( #493, #686, #3449, #4336 ) ) ;
#3170 = CARTESIAN_POINT ( 'NONE',  ( -32.00000000000001421, 2.700000000000000178, 7.399999999999998579 ) ) ;
#3171 = CARTESIAN_POINT ( 'NONE',  ( 39.00000000000000711, 3.199999999999999734, 2.499999999999995115 ) ) ;
#3172 = CARTESIAN_POINT ( 'NONE',  ( -51.50000000000000711, 0.000000000000000000, 10.00000000000000000 ) ) ;
#3173 = ADVANCED_FACE ( 'NONE', ( #4859 ), #6487, .F. ) ;
#3174 = CARTESIAN_POINT ( 'NONE',  ( -16.50000000000000355, 0.000000000000000000, 12.00000000000000355 ) ) ;
#3175 = ORIENTED_EDGE ( 'NONE', *, *, #3706, .F. ) ;
#3176 = EDGE_CURVE ( 'NONE', #5905, #614, #3856, .T. ) ;
#3177 = ORIENTED_EDGE ( 'NONE', *, *, #5977, .T. ) ;
#3178 = CARTESIAN_POINT ( 'NONE',  ( -8.000000000000007105, 2.700000000000000178, 7.399999999999998579 ) ) ;
#3179 = PLANE ( 'NONE',  #2406 ) ;
#3180 = EDGE_CURVE ( 'NONE', #854, #7028, #6084, .T. ) ;
#3181 = EDGE_CURVE ( 'NONE', #781, #5071, #3205, .T. ) ;
#3182 = LINE ( 'NONE', #593, #4534 ) ;
#3183 = ORIENTED_EDGE ( 'NONE', *, *, #5936, .T. ) ;
#3184 = CARTESIAN_POINT ( 'NONE',  ( -37.00000000000002132, 2.700000000000000178, 4.599999999999998757 ) ) ;
#3185 = ORIENTED_EDGE ( 'NONE', *, *, #4476, .F. ) ;
#3186 = ORIENTED_EDGE ( 'NONE', *, *, #3068, .T. ) ;
#3187 = DIRECTION ( 'NONE',  ( -0.000000000000000000, -1.000000000000000000, -0.000000000000000000 ) ) ;
#3188 = CARTESIAN_POINT ( 'NONE',  ( 53.50000000000000711, 4.000000000000000000, 10.00000000000000000 ) ) ;
#3189 = DIRECTION ( 'NONE',  ( -1.000000000000000000, 0.000000000000000000, 0.000000000000000000 ) ) ;
#3190 = CARTESIAN_POINT ( 'NONE',  ( -15.00000000000000711, 3.199999999999999734, -2.500000000000004885 ) ) ;
#3191 = ORIENTED_EDGE ( 'NONE', *, *, #1621, .T. ) ;
#3192 = ORIENTED_EDGE ( 'NONE', *, *, #4746, .F. ) ;
#3193 = FACE_OUTER_BOUND ( 'NONE', #3422, .T. ) ;
#3194 = DIRECTION ( 'NONE',  ( 0.000000000000000000, -1.000000000000000000, 0.000000000000000000 ) ) ;
#3195 = CARTESIAN_POINT ( 'NONE',  ( 33.00000000000000000, 3.199999999999999734, -2.500000000000004885 ) ) ;
#3196 = ORIENTED_EDGE ( 'NONE', *, *, #6989, .F. ) ;
#3197 = CARTESIAN_POINT ( 'NONE',  ( 0.000000000000000000, 2.700000000000000178, 0.000000000000000000 ) ) ;
#3198 = EDGE_CURVE ( 'NONE', #2107, #6946, #1153, .T. ) ;
#3199 = VECTOR ( 'NONE', #1835, 1000.000000000000000 ) ;
#3200 = EDGE_CURVE ( 'NONE', #916, #3511, #2092, .T. ) ;
#3201 = ORIENTED_EDGE ( 'NONE', *, *, #2367, .F. ) ;
#3202 = CARTESIAN_POINT ( 'NONE',  ( 8.999999999999994671, 3.199999999999999734, -2.500000000000004885 ) ) ;
#3203 = VECTOR ( 'NONE', #2764, 1000.000000000000000 ) ;
#3204 = ADVANCED_FACE ( 'NONE', ( #5943 ), #1587, .F. ) ;
#3205 = LINE ( 'NONE', #4425, #2645 ) ;
#3206 = VECTOR ( 'NONE', #5329, 1000.000000000000000 ) ;
#3207 = LINE ( 'NONE', #4394, #1205 ) ;
#3208 = VECTOR ( 'NONE', #1361, 1000.000000000000000 ) ;
#3209 = DIRECTION ( 'NONE',  ( -0.000000000000000000, -1.000000000000000000, -0.000000000000000000 ) ) ;
#3210 = VERTEX_POINT ( 'NONE', #6595 ) ;
#3211 = ORIENTED_EDGE ( 'NONE', *, *, #2018, .T. ) ;
#3212 = VECTOR ( 'NONE', #5699, 1000.000000000000000 ) ;
#3213 = CARTESIAN_POINT ( 'NONE',  ( -36.50000000000000711, 0.000000000000000000, 10.00000000000000000 ) ) ;
#3214 = VECTOR ( 'NONE', #209, 1000.000000000000000 ) ;
#3215 = ADVANCED_FACE ( 'NONE', ( #4393 ), #3783, .F. ) ;
#3216 = CARTESIAN_POINT ( 'NONE',  ( -36.00000000000000711, 2.000000000000000000, -2.500000000000004441 ) ) ;
#3217 = EDGE_LOOP ( 'NONE', ( #189, #5548, #4657, #1484 ) ) ;
#3218 = CARTESIAN_POINT ( 'NONE',  ( 47.99999999999998579, 3.199999999999999734, 2.499999999999996003 ) ) ;
#3219 = VERTEX_POINT ( 'NONE', #3241 ) ;
#3220 = DIRECTION ( 'NONE',  ( 1.000000000000000000, -0.000000000000000000, -0.000000000000000000 ) ) ;
#3221 = VECTOR ( 'NONE', #584, 1000.000000000000000 ) ;
#3222 = VERTEX_POINT ( 'NONE', #1045 ) ;
#3223 = ORIENTED_EDGE ( 'NONE', *, *, #398, .T. ) ;
#3224 = CARTESIAN_POINT ( 'NONE',  ( 11.99999999999998224, 2.700000000000000178, 7.399999999999998579 ) ) ;
#3225 = DIRECTION ( 'NONE',  ( -0.000000000000000000, -0.000000000000000000, 1.000000000000000000 ) ) ;
#3226 = DIRECTION ( 'NONE',  ( -1.000000000000000000, 0.000000000000000000, 0.000000000000000000 ) ) ;
#3227 = CARTESIAN_POINT ( 'NONE',  ( -51.50000000000000711, 2.000000000000000000, 10.00000000000000000 ) ) ;
#3228 = ORIENTED_EDGE ( 'NONE', *, *, #3156, .T. ) ;
#3229 = ORIENTED_EDGE ( 'NONE', *, *, #3416, .T. ) ;
#3230 = FACE_OUTER_BOUND ( 'NONE', #6716, .T. ) ;
#3231 = AXIS2_PLACEMENT_3D ( 'NONE', #5136, #783, #5214 ) ;
#3232 = DIRECTION ( 'NONE',  ( -1.000000000000000000, 0.000000000000000000, 0.000000000000000000 ) ) ;
#3233 = VECTOR ( 'NONE', #3507, 1000.000000000000000 ) ;
#3234 = CARTESIAN_POINT ( 'NONE',  ( 38.99999999999997868, 2.700000000000000178, 7.399999999999998579 ) ) ;
#3235 = DIRECTION ( 'NONE',  ( 0.000000000000000000, 0.000000000000000000, -1.000000000000000000 ) ) ;
#3236 = ORIENTED_EDGE ( 'NONE', *, *, #564, .F. ) ;
#3237 = CARTESIAN_POINT ( 'NONE',  ( -26.50000000000000711, 0.000000000000000000, 10.00000000000000000 ) ) ;
#3238 = ORIENTED_EDGE ( 'NONE', *, *, #3739, .T. ) ;
#3239 = VECTOR ( 'NONE', #1407, 1000.000000000000000 ) ;
#3240 = LINE ( 'NONE', #5942, #3352 ) ;
#3241 = CARTESIAN_POINT ( 'NONE',  ( -12.00000000000000355, 2.000000000000000000, -2.500000000000004441 ) ) ;
#3242 = EDGE_CURVE ( 'NONE', #4087, #5539, #5434, .T. ) ;
#3243 = EDGE_CURVE ( 'NONE', #168, #2836, #509, .T. ) ;
#3244 = EDGE_CURVE ( 'NONE', #6120, #366, #4896, .T. ) ;
#3245 = DIRECTION ( 'NONE',  ( -1.000000000000000000, -0.000000000000000000, -0.000000000000000000 ) ) ;
#3246 = DIRECTION ( 'NONE',  ( 0.000000000000000000, 0.000000000000000000, -1.000000000000000000 ) ) ;
#3247 = ADVANCED_FACE ( 'NONE', ( #4353 ), #1081, .F. ) ;
#3248 = VERTEX_POINT ( 'NONE', #2946 ) ;
#3249 = VERTEX_POINT ( 'NONE', #1227 ) ;
#3250 = LINE ( 'NONE', #3828, #144 ) ;
#3251 = CARTESIAN_POINT ( 'NONE',  ( -46.50000000000000711, 4.000000000000000000, 12.00000000000000000 ) ) ;
#3252 = ORIENTED_EDGE ( 'NONE', *, *, #5842, .F. ) ;
#3253 = PLANE ( 'NONE',  #2230 ) ;
#3254 = ORIENTED_EDGE ( 'NONE', *, *, #5727, .T. ) ;
#3255 = DIRECTION ( 'NONE',  ( -1.000000000000000000, -0.000000000000000000, -0.000000000000000000 ) ) ;
#3256 = ADVANCED_FACE ( 'NONE', ( #1839 ), #5147, .F. ) ;
#3257 = EDGE_LOOP ( 'NONE', ( #4370, #3192, #6758, #6985 ) ) ;
#3258 = VECTOR ( 'NONE', #2869, 1000.000000000000000 ) ;
#3259 = ORIENTED_EDGE ( 'NONE', *, *, #3525, .F. ) ;
#3260 = CARTESIAN_POINT ( 'NONE',  ( -36.50000000000000711, 4.000000000000000000, 12.00000000000000355 ) ) ;
#3261 = LINE ( 'NONE', #2247, #4836 ) ;
#3262 = LINE ( 'NONE', #3908, #1258 ) ;
#3263 = CARTESIAN_POINT ( 'NONE',  ( 10.99999999999998224, 2.000000000000000000, 7.399999999999998579 ) ) ;
#3264 = ORIENTED_EDGE ( 'NONE', *, *, #6105, .T. ) ;
#3265 = VERTEX_POINT ( 'NONE', #6814 ) ;
#3266 = CARTESIAN_POINT ( 'NONE',  ( -30.10000000000001563, 2.700000000000000178, -4.499999999999999112 ) ) ;
#3267 = LINE ( 'NONE', #1140, #1159 ) ;
#3268 = DIRECTION ( 'NONE',  ( 1.000000000000000000, -0.000000000000000000, 0.000000000000000000 ) ) ;
#3269 = AXIS2_PLACEMENT_3D ( 'NONE', #365, #5791, #4749 ) ;
#3270 = DIRECTION ( 'NONE',  ( -0.000000000000000000, -1.000000000000000000, -0.000000000000000000 ) ) ;
#3271 = PLANE ( 'NONE',  #1830 ) ;
#3272 = ORIENTED_EDGE ( 'NONE', *, *, #1725, .F. ) ;
#3273 = CARTESIAN_POINT ( 'NONE',  ( 17.89999999999997016, 2.000000000000000000, -5.499999999999999112 ) ) ;
#3274 = AXIS2_PLACEMENT_3D ( 'NONE', #3388, #194, #3889 ) ;
#3275 = VERTEX_POINT ( 'NONE', #764 ) ;
#3276 = PLANE ( 'NONE',  #2666 ) ;
#3277 = CARTESIAN_POINT ( 'NONE',  ( -36.10000000000002274, 2.700000000000000178, -4.499999999999999112 ) ) ;
#3278 = LINE ( 'NONE', #5436, #1906 ) ;
#3279 = FACE_OUTER_BOUND ( 'NONE', #1682, .T. ) ;
#3280 = EDGE_LOOP ( 'NONE', ( #6401, #5893, #1041, #6132 ) ) ;
#3281 = ADVANCED_FACE ( 'NONE', ( #4535 ), #6160, .F. ) ;
#3282 = ORIENTED_EDGE ( 'NONE', *, *, #4476, .T. ) ;
#3283 = CARTESIAN_POINT ( 'NONE',  ( -33.00000000000000000, 3.199999999999999734, 2.499999999999995115 ) ) ;
#3284 = CARTESIAN_POINT ( 'NONE',  ( -8.900000000000019895, 2.700000000000000178, -4.499999999999999112 ) ) ;
#3285 = PLANE ( 'NONE',  #4188 ) ;
#3286 = EDGE_LOOP ( 'NONE', ( #2003, #5385, #7010, #3876 ) ) ;
#3287 = LINE ( 'NONE', #7111, #6783 ) ;
#3288 = ORIENTED_EDGE ( 'NONE', *, *, #7046, .F. ) ;
#3289 = EDGE_CURVE ( 'NONE', #4371, #5595, #157, .T. ) ;
#3290 = EDGE_CURVE ( 'NONE', #1649, #3423, #2371, .T. ) ;
#3291 = ORIENTED_EDGE ( 'NONE', *, *, #328, .F. ) ;
#3292 = DIRECTION ( 'NONE',  ( 1.000000000000000000, -0.000000000000000000, 2.891205793294688680E-16 ) ) ;
#3293 = DIRECTION ( 'NONE',  ( -0.000000000000000000, -1.000000000000000000, -0.000000000000000000 ) ) ;
#3294 = PLANE ( 'NONE',  #5627 ) ;
#3295 = ADVANCED_FACE ( 'NONE', ( #6269 ), #2299, .F. ) ;
#3296 = DIRECTION ( 'NONE',  ( -0.000000000000000000, -1.000000000000000000, -0.000000000000000000 ) ) ;
#3297 = ORIENTED_EDGE ( 'NONE', *, *, #6641, .T. ) ;
#3298 = ORIENTED_EDGE ( 'NONE', *, *, #2229, .F. ) ;
#3299 = CARTESIAN_POINT ( 'NONE',  ( 5.999999999999998224, 3.199999999999999734, -2.500000000000004441 ) ) ;
#3300 = PLANE ( 'NONE',  #4492 ) ;
#3301 = EDGE_CURVE ( 'NONE', #3903, #2107, #2261, .T. ) ;
#3302 = CARTESIAN_POINT ( 'NONE',  ( 14.99999999999997158, 2.700000000000000178, 4.599999999999998757 ) ) ;
#3303 = EDGE_CURVE ( 'NONE', #3433, #1023, #3455, .T. ) ;
#3304 = CARTESIAN_POINT ( 'NONE',  ( -45.00000000000000711, 3.199999999999999734, 2.499999999999995115 ) ) ;
#3305 = DIRECTION ( 'NONE',  ( 0.000000000000000000, 0.000000000000000000, 1.000000000000000000 ) ) ;
#3306 = ORIENTED_EDGE ( 'NONE', *, *, #4547, .T. ) ;
#3307 = LINE ( 'NONE', #506, #6887 ) ;
#3308 = ORIENTED_EDGE ( 'NONE', *, *, #531, .T. ) ;
#3309 = CARTESIAN_POINT ( 'NONE',  ( -8.000000000000007105, 2.700000000000000178, 4.599999999999998757 ) ) ;
#3310 = CARTESIAN_POINT ( 'NONE',  ( 0.000000000000000000, 2.700000000000000178, 0.000000000000000000 ) ) ;
#3311 = VECTOR ( 'NONE', #6272, 1000.000000000000000 ) ;
#3312 = DIRECTION ( 'NONE',  ( -0.000000000000000000, -0.000000000000000000, 1.000000000000000000 ) ) ;
#3313 = LINE ( 'NONE', #3890, #2980 ) ;
#3314 = ORIENTED_EDGE ( 'NONE', *, *, #2028, .F. ) ;
#3315 = ORIENTED_EDGE ( 'NONE', *, *, #1047, .F. ) ;
#3316 = DIRECTION ( 'NONE',  ( -0.000000000000000000, -1.000000000000000000, -0.000000000000000000 ) ) ;
#3317 = VECTOR ( 'NONE', #4698, 1000.000000000000000 ) ;
#3318 = DIRECTION ( 'NONE',  ( -0.000000000000000000, -0.000000000000000000, -1.000000000000000000 ) ) ;
#3319 = AXIS2_PLACEMENT_3D ( 'NONE', #6843, #4635, #2939 ) ;
#3320 = PLANE ( 'NONE',  #5232 ) ;
#3321 = ORIENTED_EDGE ( 'NONE', *, *, #4465, .T. ) ;
#3322 = LINE ( 'NONE', #2274, #2629 ) ;
#3323 = VECTOR ( 'NONE', #3209, 1000.000000000000000 ) ;
#3324 = ORIENTED_EDGE ( 'NONE', *, *, #2407, .T. ) ;
#3325 = ORIENTED_EDGE ( 'NONE', *, *, #4664, .T. ) ;
#3326 = VECTOR ( 'NONE', #3318, 1000.000000000000000 ) ;
#3327 = CARTESIAN_POINT ( 'NONE',  ( 35.99999999999997868, 2.000000000000000000, 7.399999999999998579 ) ) ;
#3328 = CARTESIAN_POINT ( 'NONE',  ( 21.09999999999998010, 2.700000000000000178, -4.499999999999999112 ) ) ;
#3329 = CARTESIAN_POINT ( 'NONE',  ( 2.999999999999995559, 2.000000000000000000, 2.499999999999995115 ) ) ;
#3330 = ADVANCED_FACE ( 'NONE', ( #1336 ), #3526, .F. ) ;
#3331 = ADVANCED_FACE ( 'NONE', ( #2811 ), #4030, .F. ) ;
#3332 = AXIS2_PLACEMENT_3D ( 'NONE', #6448, #2024, #4214 ) ;
#3333 = CARTESIAN_POINT ( 'NONE',  ( -32.90000000000001279, 2.000000000000000000, -5.499999999999999112 ) ) ;
#3334 = ORIENTED_EDGE ( 'NONE', *, *, #6286, .T. ) ;
#3335 = ORIENTED_EDGE ( 'NONE', *, *, #6062, .F. ) ;
#3336 = CARTESIAN_POINT ( 'NONE',  ( -0.1000000000000167422, 2.700000000000000178, -5.499999999999999112 ) ) ;
#3337 = EDGE_CURVE ( 'NONE', #5567, #5586, #78, .T. ) ;
#3338 = CARTESIAN_POINT ( 'NONE',  ( 8.999999999999994671, 3.199999999999999734, -2.500000000000004885 ) ) ;
#3339 = LINE ( 'NONE', #71, #4705 ) ;
#3340 = VECTOR ( 'NONE', #5621, 1000.000000000000000 ) ;
#3341 = VECTOR ( 'NONE', #1679, 1000.000000000000000 ) ;
#3342 = DIRECTION ( 'NONE',  ( -1.000000000000000000, -0.000000000000000000, -0.000000000000000000 ) ) ;
#3343 = LINE ( 'NONE', #6626, #3894 ) ;
#3344 = ORIENTED_EDGE ( 'NONE', *, *, #6484, .T. ) ;
#3345 = DIRECTION ( 'NONE',  ( -0.000000000000000000, -0.000000000000000000, 1.000000000000000000 ) ) ;
#3346 = ORIENTED_EDGE ( 'NONE', *, *, #6604, .F. ) ;
#3347 = EDGE_CURVE ( 'NONE', #4946, #6776, #193, .T. ) ;
#3348 = DIRECTION ( 'NONE',  ( -1.000000000000000000, 0.000000000000000000, 0.000000000000000000 ) ) ;
#3349 = VECTOR ( 'NONE', #2204, 1000.000000000000000 ) ;
#3350 = DIRECTION ( 'NONE',  ( -0.000000000000000000, -0.000000000000000000, 1.000000000000000000 ) ) ;
#3351 = DIRECTION ( 'NONE',  ( -0.000000000000000000, -1.000000000000000000, -0.000000000000000000 ) ) ;
#3352 = VECTOR ( 'NONE', #1447, 1000.000000000000000 ) ;
#3353 = CARTESIAN_POINT ( 'NONE',  ( 14.99999999999997158, 2.700000000000000178, 7.399999999999998579 ) ) ;
#3354 = EDGE_LOOP ( 'NONE', ( #1427, #4731, #2918, #109 ) ) ;
#3355 = ORIENTED_EDGE ( 'NONE', *, *, #3739, .F. ) ;
#3356 = PLANE ( 'NONE',  #6692 ) ;
#3357 = LINE ( 'NONE', #5551, #3099 ) ;
#3358 = VECTOR ( 'NONE', #3636, 1000.000000000000000 ) ;
#3359 = CARTESIAN_POINT ( 'NONE',  ( -15.00000000000000711, 3.199999999999999734, 2.499999999999995115 ) ) ;
#3360 = ORIENTED_EDGE ( 'NONE', *, *, #608, .T. ) ;
#3361 = DIRECTION ( 'NONE',  ( 0.000000000000000000, 0.000000000000000000, 1.000000000000000000 ) ) ;
#3362 = EDGE_LOOP ( 'NONE', ( #913, #4520, #2020, #3175 ) ) ;
#3363 = ORIENTED_EDGE ( 'NONE', *, *, #4230, .F. ) ;
#3364 = CARTESIAN_POINT ( 'NONE',  ( -33.00000000000000000, 3.199999999999999734, 2.499999999999995115 ) ) ;
#3365 = LINE ( 'NONE', #2687, #4031 ) ;
#3366 = FACE_OUTER_BOUND ( 'NONE', #112, .T. ) ;
#3367 = CARTESIAN_POINT ( 'NONE',  ( 35.89999999999998437, 2.700000000000000178, -5.499999999999999112 ) ) ;
#3368 = ORIENTED_EDGE ( 'NONE', *, *, #1753, .F. ) ;
#3369 = AXIS2_PLACEMENT_3D ( 'NONE', #4309, #7023, #1578 ) ;
#3370 = ORIENTED_EDGE ( 'NONE', *, *, #2806, .F. ) ;
#3371 = LINE ( 'NONE', #5568, #7074 ) ;
#3372 = EDGE_CURVE ( 'NONE', #6013, #5406, #693, .T. ) ;
#3373 = FACE_OUTER_BOUND ( 'NONE', #533, .T. ) ;
#3374 = EDGE_CURVE ( 'NONE', #2622, #4612, #1297, .T. ) ;
#3375 = CYLINDRICAL_SURFACE ( 'NONE', #6083, 2.000000000000001776 ) ;
#3376 = AXIS2_PLACEMENT_3D ( 'NONE', #2870, #4093, #2288 ) ;
#3377 = ADVANCED_FACE ( 'NONE', ( #1733 ), #3490, .F. ) ;
#3378 = DIRECTION ( 'NONE',  ( 1.000000000000000000, 0.000000000000000000, -0.000000000000000000 ) ) ;
#3379 = CARTESIAN_POINT ( 'NONE',  ( -9.000000000000001776, 3.199999999999999734, 2.499999999999995115 ) ) ;
#3380 = EDGE_LOOP ( 'NONE', ( #1187, #1414, #2383, #897 ) ) ;
#3381 = CARTESIAN_POINT ( 'NONE',  ( -27.00000000000000355, 3.199999999999999734, -2.500000000000004885 ) ) ;
#3382 = ORIENTED_EDGE ( 'NONE', *, *, #1442, .T. ) ;
#3383 = LINE ( 'NONE', #4967, #5315 ) ;
#3384 = VECTOR ( 'NONE', #2725, 1000.000000000000000 ) ;
#3385 = LINE ( 'NONE', #2842, #3793 ) ;
#3386 = EDGE_CURVE ( 'NONE', #3431, #5849, #5034, .T. ) ;
#3387 = AXIS2_PLACEMENT_3D ( 'NONE', #4578, #1742, #2821 ) ;
#3388 = CARTESIAN_POINT ( 'NONE',  ( 46.50000000000000711, 2.000000000000000000, 12.00000000000000000 ) ) ;
#3389 = LINE ( 'NONE', #5585, #2276 ) ;
#3390 = VERTEX_POINT ( 'NONE', #1769 ) ;
#3391 = ORIENTED_EDGE ( 'NONE', *, *, #5990, .T. ) ;
#3392 = CARTESIAN_POINT ( 'NONE',  ( 16.50000000000000355, 4.000000000000000000, 10.00000000000000000 ) ) ;
#3393 = VECTOR ( 'NONE', #227, 1000.000000000000000 ) ;
#3394 = CARTESIAN_POINT ( 'NONE',  ( 5.999999999999998224, 2.000000000000000000, -2.500000000000004441 ) ) ;
#3395 = EDGE_CURVE ( 'NONE', #3911, #2796, #3385, .T. ) ;
#3396 = DIRECTION ( 'NONE',  ( 2.891205793294675368E-16, 0.000000000000000000, -1.000000000000000000 ) ) ;
#3397 = ORIENTED_EDGE ( 'NONE', *, *, #4096, .T. ) ;
#3398 = LINE ( 'NONE', #668, #3445 ) ;
#3399 = EDGE_LOOP ( 'NONE', ( #1699, #6752, #5987, #5924 ) ) ;
#3400 = ORIENTED_EDGE ( 'NONE', *, *, #3424, .T. ) ;
#3401 = DIRECTION ( 'NONE',  ( 0.000000000000000000, 0.000000000000000000, -1.000000000000000000 ) ) ;
#3402 = CARTESIAN_POINT ( 'NONE',  ( 17.99999999999998934, 2.000000000000000000, 2.499999999999996003 ) ) ;
#3403 = LINE ( 'NONE', #6720, #628 ) ;
#3404 = ORIENTED_EDGE ( 'NONE', *, *, #3551, .F. ) ;
#3405 = ORIENTED_EDGE ( 'NONE', *, *, #6770, .F. ) ;
#3406 = DIRECTION ( 'NONE',  ( -0.000000000000000000, -0.000000000000000000, -1.000000000000000000 ) ) ;
#3407 = DIRECTION ( 'NONE',  ( -0.000000000000000000, -1.000000000000000000, -0.000000000000000000 ) ) ;
#3408 = CARTESIAN_POINT ( 'NONE',  ( -44.90000000000001279, 2.700000000000000178, -4.499999999999999112 ) ) ;
#3409 = FACE_OUTER_BOUND ( 'NONE', #50, .T. ) ;
#3410 = FACE_OUTER_BOUND ( 'NONE', #2476, .T. ) ;
#3411 = ORIENTED_EDGE ( 'NONE', *, *, #5718, .F. ) ;
#3412 = DIRECTION ( 'NONE',  ( 0.000000000000000000, 0.000000000000000000, -1.000000000000000000 ) ) ;
#3413 = VERTEX_POINT ( 'NONE', #2517 ) ;
#3414 = DIRECTION ( 'NONE',  ( 1.000000000000000000, -0.000000000000000000, 0.000000000000000000 ) ) ;
#3415 = CARTESIAN_POINT ( 'NONE',  ( -33.00000000000001421, 2.700000000000000178, 4.599999999999998757 ) ) ;
#3416 = EDGE_CURVE ( 'NONE', #671, #5958, #5762, .T. ) ;
#3417 = DIRECTION ( 'NONE',  ( 0.000000000000000000, 0.000000000000000000, 1.000000000000000000 ) ) ;
#3418 = EDGE_CURVE ( 'NONE', #2753, #2752, #5185, .T. ) ;
#3419 = EDGE_CURVE ( 'NONE', #1062, #2310, #261, .T. ) ;
#3420 = DIRECTION ( 'NONE',  ( -0.000000000000000000, -0.000000000000000000, 1.000000000000000000 ) ) ;
#3421 = DIRECTION ( 'NONE',  ( 0.000000000000000000, -1.000000000000000000, 0.000000000000000000 ) ) ;
#3422 = EDGE_LOOP ( 'NONE', ( #2665, #6023, #670, #6424 ) ) ;
#3423 = VERTEX_POINT ( 'NONE', #6884 ) ;
#3424 = EDGE_CURVE ( 'NONE', #6518, #397, #4680, .T. ) ;
#3425 = CARTESIAN_POINT ( 'NONE',  ( -0.1000000000000167422, 2.700000000000000178, -5.499999999999999112 ) ) ;
#3426 = DIRECTION ( 'NONE',  ( 0.000000000000000000, 0.000000000000000000, 1.000000000000000000 ) ) ;
#3427 = VECTOR ( 'NONE', #2224, 1000.000000000000000 ) ;
#3428 = PLANE ( 'NONE',  #3505 ) ;
#3429 = ORIENTED_EDGE ( 'NONE', *, *, #1224, .F. ) ;
#3430 = CARTESIAN_POINT ( 'NONE',  ( 39.00000000000000711, 3.199999999999999734, 2.499999999999995115 ) ) ;
#3431 = VERTEX_POINT ( 'NONE', #6338 ) ;
#3432 = AXIS2_PLACEMENT_3D ( 'NONE', #2513, #5293, #5220 ) ;
#3433 = VERTEX_POINT ( 'NONE', #333 ) ;
#3434 = ADVANCED_FACE ( 'NONE', ( #4102 ), #3564, .T. ) ;
#3435 = DIRECTION ( 'NONE',  ( -1.000000000000000000, -0.000000000000000000, -1.445602896647344340E-16 ) ) ;
#3436 = CARTESIAN_POINT ( 'NONE',  ( -38.90000000000001990, 2.700000000000000178, -5.499999999999999112 ) ) ;
#3437 = FACE_BOUND ( 'NONE', #5346, .T. ) ;
#3438 = VECTOR ( 'NONE', #1931, 1000.000000000000000 ) ;
#3439 = ORIENTED_EDGE ( 'NONE', *, *, #2367, .T. ) ;
#3440 = VECTOR ( 'NONE', #2746, 1000.000000000000000 ) ;
#3441 = ORIENTED_EDGE ( 'NONE', *, *, #6546, .T. ) ;
#3442 = DIRECTION ( 'NONE',  ( -1.000000000000000000, -0.000000000000000000, -1.445602896647344340E-16 ) ) ;
#3443 = CARTESIAN_POINT ( 'NONE',  ( 0.000000000000000000, 3.199999999999999734, 0.000000000000000000 ) ) ;
#3444 = CARTESIAN_POINT ( 'NONE',  ( 41.99999999999999289, 3.199999999999999734, -2.500000000000004441 ) ) ;
#3445 = VECTOR ( 'NONE', #167, 1000.000000000000000 ) ;
#3446 = DIRECTION ( 'NONE',  ( 0.000000000000000000, -0.000000000000000000, -1.000000000000000000 ) ) ;
#3447 = AXIS2_PLACEMENT_3D ( 'NONE', #3610, #6996, #5302 ) ;
#3448 = PLANE ( 'NONE',  #4762 ) ;
#3449 = ORIENTED_EDGE ( 'NONE', *, *, #4719, .F. ) ;
#3450 = ORIENTED_EDGE ( 'NONE', *, *, #6193, .T. ) ;
#3451 = CARTESIAN_POINT ( 'NONE',  ( -5.999999999999998224, 3.199999999999999734, -2.500000000000004441 ) ) ;
#3452 = VECTOR ( 'NONE', #3020, 1000.000000000000000 ) ;
#3453 = VECTOR ( 'NONE', #3342, 1000.000000000000000 ) ;
#3454 = FACE_OUTER_BOUND ( 'NONE', #4049, .T. ) ;
#3455 = LINE ( 'NONE', #1878, #1496 ) ;
#3456 = DIRECTION ( 'NONE',  ( 1.000000000000000000, 0.000000000000000000, -0.000000000000000000 ) ) ;
#3457 = DIRECTION ( 'NONE',  ( -1.445602896647344340E-16, 0.000000000000000000, 1.000000000000000000 ) ) ;
#3458 = EDGE_LOOP ( 'NONE', ( #1351, #6837, #4350, #606 ) ) ;
#3459 = VECTOR ( 'NONE', #184, 1000.000000000000000 ) ;
#3460 = LINE ( 'NONE', #5660, #6798 ) ;
#3461 = EDGE_CURVE ( 'NONE', #3433, #3943, #2444, .T. ) ;
#3462 = DIRECTION ( 'NONE',  ( -0.000000000000000000, -1.000000000000000000, -0.000000000000000000 ) ) ;
#3463 = ADVANCED_FACE ( 'NONE', ( #4139 ), #834, .T. ) ;
#3464 = DIRECTION ( 'NONE',  ( -0.000000000000000000, -1.000000000000000000, -0.000000000000000000 ) ) ;
#3465 = VECTOR ( 'NONE', #1669, 1000.000000000000000 ) ;
#3466 = FACE_OUTER_BOUND ( 'NONE', #808, .T. ) ;
#3467 = EDGE_CURVE ( 'NONE', #3423, #6791, #868, .T. ) ;
#3468 = EDGE_LOOP ( 'NONE', ( #3885, #2635, #6700, #5201 ) ) ;
#3469 = DIRECTION ( 'NONE',  ( -1.000000000000000000, -0.000000000000000000, -1.445602896647344340E-16 ) ) ;
#3470 = EDGE_LOOP ( 'NONE', ( #6118, #5248, #4263, #5853 ) ) ;
#3471 = ORIENTED_EDGE ( 'NONE', *, *, #3068, .F. ) ;
#3472 = VECTOR ( 'NONE', #1113, 1000.000000000000000 ) ;
#3473 = DIRECTION ( 'NONE',  ( -0.000000000000000000, -1.000000000000000000, -0.000000000000000000 ) ) ;
#3474 = PLANE ( 'NONE',  #5860 ) ;
#3475 = DIRECTION ( 'NONE',  ( 0.000000000000000000, -0.000000000000000000, -1.000000000000000000 ) ) ;
#3476 = ADVANCED_FACE ( 'NONE', ( #2904 ), #6145, .F. ) ;
#3477 = ORIENTED_EDGE ( 'NONE', *, *, #6784, .T. ) ;
#3478 = EDGE_LOOP ( 'NONE', ( #1983, #1309, #1348, #4071 ) ) ;
#3479 = DIRECTION ( 'NONE',  ( -0.000000000000000000, -0.000000000000000000, 1.000000000000000000 ) ) ;
#3480 = DIRECTION ( 'NONE',  ( -0.000000000000000000, -0.000000000000000000, -1.000000000000000000 ) ) ;
#3481 = CARTESIAN_POINT ( 'NONE',  ( 45.09999999999997300, 2.700000000000000178, -4.499999999999999112 ) ) ;
#3482 = PLANE ( 'NONE',  #3319 ) ;
#3483 = DIRECTION ( 'NONE',  ( 1.000000000000000000, -0.000000000000000000, 0.000000000000000000 ) ) ;
#3484 = ORIENTED_EDGE ( 'NONE', *, *, #5938, .F. ) ;
#3485 = ORIENTED_EDGE ( 'NONE', *, *, #2893, .F. ) ;
#3486 = PLANE ( 'NONE',  #4460 ) ;
#3487 = PLANE ( 'NONE',  #487 ) ;
#3488 = VECTOR ( 'NONE', #4378, 1000.000000000000000 ) ;
#3489 = VECTOR ( 'NONE', #4072, 1000.000000000000000 ) ;
#3490 = PLANE ( 'NONE',  #2873 ) ;
#3491 = DIRECTION ( 'NONE',  ( 1.000000000000000000, 0.000000000000000000, -0.000000000000000000 ) ) ;
#3492 = CARTESIAN_POINT ( 'NONE',  ( 17.89999999999997016, 2.000000000000000000, -4.499999999999999112 ) ) ;
#3493 = VECTOR ( 'NONE', #1252, 1000.000000000000000 ) ;
#3494 = ORIENTED_EDGE ( 'NONE', *, *, #4751, .F. ) ;
#3495 = CARTESIAN_POINT ( 'NONE',  ( 16.50000000000000355, 4.000000000000000000, -12.00000000000000355 ) ) ;
#3496 = ORIENTED_EDGE ( 'NONE', *, *, #3747, .T. ) ;
#3497 = CARTESIAN_POINT ( 'NONE',  ( 39.00000000000000711, 3.199999999999999734, -2.500000000000004885 ) ) ;
#3498 = DIRECTION ( 'NONE',  ( -1.000000000000000000, 0.000000000000000000, 0.000000000000000000 ) ) ;
#3499 = VECTOR ( 'NONE', #2033, 1000.000000000000000 ) ;
#3500 = CARTESIAN_POINT ( 'NONE',  ( 21.09999999999998010, 2.000000000000000000, -4.499999999999999112 ) ) ;
#3501 = EDGE_LOOP ( 'NONE', ( #4690, #74, #2358, #6753 ) ) ;
#3502 = CYLINDRICAL_SURFACE ( 'NONE', #1722, 2.000000000000001776 ) ;
#3503 = ORIENTED_EDGE ( 'NONE', *, *, #1801, .F. ) ;
#3504 = VERTEX_POINT ( 'NONE', #1326 ) ;
#3505 = AXIS2_PLACEMENT_3D ( 'NONE', #1200, #3396, #5628 ) ;
#3506 = ORIENTED_EDGE ( 'NONE', *, *, #5138, .F. ) ;
#3507 = DIRECTION ( 'NONE',  ( -0.000000000000000000, -1.000000000000000000, -0.000000000000000000 ) ) ;
#3508 = DIRECTION ( 'NONE',  ( 1.000000000000000000, -0.000000000000000000, -0.000000000000000000 ) ) ;
#3509 = ORIENTED_EDGE ( 'NONE', *, *, #902, .T. ) ;
#3510 = FACE_BOUND ( 'NONE', #1874, .T. ) ;
#3511 = VERTEX_POINT ( 'NONE', #3516 ) ;
#3512 = EDGE_CURVE ( 'NONE', #767, #1539, #3982, .T. ) ;
#3513 = EDGE_CURVE ( 'NONE', #6954, #3860, #1358, .T. ) ;
#3514 = VERTEX_POINT ( 'NONE', #2434 ) ;
#3515 = EDGE_LOOP ( 'NONE', ( #6323, #2194, #3805, #1738 ) ) ;
#3516 = CARTESIAN_POINT ( 'NONE',  ( 17.99999999999998934, 2.000000000000000000, -2.500000000000004441 ) ) ;
#3517 = DIRECTION ( 'NONE',  ( -0.000000000000000000, -1.000000000000000000, -0.000000000000000000 ) ) ;
#3518 = EDGE_CURVE ( 'NONE', #5340, #2958, #6725, .T. ) ;
#3519 = DIRECTION ( 'NONE',  ( -1.000000000000000000, 0.000000000000000000, -2.891205793294675368E-16 ) ) ;
#3520 = CARTESIAN_POINT ( 'NONE',  ( -36.50000000000000711, 0.000000000000000000, 12.00000000000000355 ) ) ;
#3521 = VERTEX_POINT ( 'NONE', #1869 ) ;
#3522 = ORIENTED_EDGE ( 'NONE', *, *, #700, .F. ) ;
#3523 = CARTESIAN_POINT ( 'NONE',  ( 0.000000000000000000, 2.000000000000000000, -2.500000000000004441 ) ) ;
#3524 = CARTESIAN_POINT ( 'NONE',  ( 0.000000000000000000, 2.000000000000000000, 2.499999999999996003 ) ) ;
#3525 = EDGE_CURVE ( 'NONE', #6980, #789, #1791, .T. ) ;
#3526 = PLANE ( 'NONE',  #6092 ) ;
#3527 = CARTESIAN_POINT ( 'NONE',  ( 27.00000000000001066, 2.000000000000000000, 2.499999999999995115 ) ) ;
#3528 = LINE ( 'NONE', #3569, #2159 ) ;
#3529 = ORIENTED_EDGE ( 'NONE', *, *, #4918, .F. ) ;
#3530 = LINE ( 'NONE', #802, #5869 ) ;
#3531 = LINE ( 'NONE', #1919, #4124 ) ;
#3532 = LINE ( 'NONE', #5728, #6793 ) ;
#3533 = PLANE ( 'NONE',  #5457 ) ;
#3534 = ORIENTED_EDGE ( 'NONE', *, *, #3916, .F. ) ;
#3535 = PLANE ( 'NONE',  #1939 ) ;
#3536 = ORIENTED_EDGE ( 'NONE', *, *, #1233, .F. ) ;
#3537 = ORIENTED_EDGE ( 'NONE', *, *, #2766, .T. ) ;
#3538 = FACE_OUTER_BOUND ( 'NONE', #5846, .T. ) ;
#3539 = CARTESIAN_POINT ( 'NONE',  ( -36.00000000000000711, 3.199999999999999734, -2.500000000000004441 ) ) ;
#3540 = VERTEX_POINT ( 'NONE', #5603 ) ;
#3541 = FACE_BOUND ( 'NONE', #2607, .T. ) ;
#3542 = ORIENTED_EDGE ( 'NONE', *, *, #3347, .T. ) ;
#3543 = DIRECTION ( 'NONE',  ( 1.000000000000000000, 0.000000000000000000, -0.000000000000000000 ) ) ;
#3544 = VECTOR ( 'NONE', #1193, 1000.000000000000000 ) ;
#3545 = EDGE_LOOP ( 'NONE', ( #5149, #93, #1201, #3816 ) ) ;
#3546 = EDGE_CURVE ( 'NONE', #4588, #5095, #820, .T. ) ;
#3547 = EDGE_LOOP ( 'NONE', ( #6790, #1856, #2554, #1728 ) ) ;
#3548 = LINE ( 'NONE', #1758, #7067 ) ;
#3549 = CARTESIAN_POINT ( 'NONE',  ( 16.50000000000000355, 0.000000000000000000, -12.00000000000000355 ) ) ;
#3550 = CARTESIAN_POINT ( 'NONE',  ( 0.000000000000000000, 3.199999999999999734, 0.000000000000000000 ) ) ;
#3551 = EDGE_CURVE ( 'NONE', #1165, #2459, #6761, .T. ) ;
#3552 = ADVANCED_FACE ( 'NONE', ( #680 ), #782, .F. ) ;
#3553 = EDGE_CURVE ( 'NONE', #976, #5446, #6841, .T. ) ;
#3554 = AXIS2_PLACEMENT_3D ( 'NONE', #1038, #4345, #973 ) ;
#3555 = VECTOR ( 'NONE', #6184, 1000.000000000000000 ) ;
#3556 = LINE ( 'NONE', #824, #4182 ) ;
#3557 = VERTEX_POINT ( 'NONE', #720 ) ;
#3558 = EDGE_CURVE ( 'NONE', #716, #671, #3611, .T. ) ;
#3559 = VERTEX_POINT ( 'NONE', #5101 ) ;
#3560 = DIRECTION ( 'NONE',  ( -0.000000000000000000, -0.000000000000000000, 1.000000000000000000 ) ) ;
#3561 = AXIS2_PLACEMENT_3D ( 'NONE', #6415, #1482, #5339 ) ;
#3562 = DIRECTION ( 'NONE',  ( -1.000000000000000000, -0.000000000000000000, -1.445602896647337931E-16 ) ) ;
#3563 = AXIS2_PLACEMENT_3D ( 'NONE', #601, #561, #2214 ) ;
#3564 = CYLINDRICAL_SURFACE ( 'NONE', #5984, 2.000000000000000000 ) ;
#3565 = CARTESIAN_POINT ( 'NONE',  ( -16.50000000000000355, 0.000000000000000000, -12.00000000000000355 ) ) ;
#3566 = CIRCLE ( 'NONE', #3332, 2.000000000000000000 ) ;
#3567 = ORIENTED_EDGE ( 'NONE', *, *, #2730, .F. ) ;
#3568 = EDGE_CURVE ( 'NONE', #5071, #5460, #2971, .T. ) ;
#3569 = CARTESIAN_POINT ( 'NONE',  ( -36.10000000000002274, 2.700000000000000178, -4.499999999999999112 ) ) ;
#3570 = ORIENTED_EDGE ( 'NONE', *, *, #370, .F. ) ;
#3571 = DIRECTION ( 'NONE',  ( -0.000000000000000000, -0.000000000000000000, 1.000000000000000000 ) ) ;
#3572 = DIRECTION ( 'NONE',  ( -0.000000000000000000, -0.000000000000000000, 1.000000000000000000 ) ) ;
#3573 = DIRECTION ( 'NONE',  ( -1.000000000000000000, -0.000000000000000000, -1.445602896647337931E-16 ) ) ;
#3574 = FACE_OUTER_BOUND ( 'NONE', #4593, .T. ) ;
#3575 = ORIENTED_EDGE ( 'NONE', *, *, #2620, .T. ) ;
#3576 = VECTOR ( 'NONE', #5204, 1000.000000000000000 ) ;
#3577 = LINE ( 'NONE', #313, #6319 ) ;
#3578 = ORIENTED_EDGE ( 'NONE', *, *, #5103, .T. ) ;
#3579 = ORIENTED_EDGE ( 'NONE', *, *, #478, .F. ) ;
#3580 = FACE_OUTER_BOUND ( 'NONE', #4362, .T. ) ;
#3581 = LINE ( 'NONE', #4587, #2173 ) ;
#3582 =( GEOMETRIC_REPRESENTATION_CONTEXT ( 3 ) GLOBAL_UNCERTAINTY_ASSIGNED_CONTEXT ( ( #1314 ) ) GLOBAL_UNIT_ASSIGNED_CONTEXT ( ( #4154, #2534, #4734 ) ) REPRESENTATION_CONTEXT ( 'NONE', 'WORKASPACE' ) );
#3583 = FACE_OUTER_BOUND ( 'NONE', #4972, .T. ) ;
#3584 = VERTEX_POINT ( 'NONE', #2936 ) ;
#3585 = CARTESIAN_POINT ( 'NONE',  ( -3.000000000000002665, 2.000000000000000000, -2.500000000000004885 ) ) ;
#3586 = ORIENTED_EDGE ( 'NONE', *, *, #5710, .F. ) ;
#3587 = VECTOR ( 'NONE', #2945, 1000.000000000000000 ) ;
#3588 = VERTEX_POINT ( 'NONE', #250 ) ;
#3589 = CARTESIAN_POINT ( 'NONE',  ( -16.50000000000000355, 2.000000000000000000, -12.00000000000000000 ) ) ;
#3590 = CYLINDRICAL_SURFACE ( 'NONE', #1625, 2.000000000000000000 ) ;
#3591 = FACE_OUTER_BOUND ( 'NONE', #5755, .T. ) ;
#3592 = LINE ( 'NONE', #994, #6844 ) ;
#3593 = ORIENTED_EDGE ( 'NONE', *, *, #5890, .T. ) ;
#3594 = ORIENTED_EDGE ( 'NONE', *, *, #2402, .F. ) ;
#3595 = LINE ( 'NONE', #899, #683 ) ;
#3596 = EDGE_CURVE ( 'NONE', #2310, #7112, #3548, .T. ) ;
#3597 = ADVANCED_BREP_SHAPE_REPRESENTATION ( 'model_top', ( #1543, #5097 ), #1768 ) ;
#3598 = DIRECTION ( 'NONE',  ( 1.000000000000000000, -0.000000000000000000, 2.891205793294675861E-16 ) ) ;
#3599 = EDGE_CURVE ( 'NONE', #2625, #5951, #4633, .T. ) ;
#3600 = DIRECTION ( 'NONE',  ( -1.000000000000000000, 0.000000000000000000, -0.000000000000000000 ) ) ;
#3601 = DIRECTION ( 'NONE',  ( -0.000000000000000000, -0.000000000000000000, 1.000000000000000000 ) ) ;
#3602 = CARTESIAN_POINT ( 'NONE',  ( -21.00000000000000355, 3.199999999999999734, -2.500000000000004885 ) ) ;
#3603 = PRODUCT_DEFINITION ( 'UNKNOWN', '', #5790, #170 ) ;
#3604 = VECTOR ( 'NONE', #535, 1000.000000000000000 ) ;
#3605 = ADVANCED_FACE ( 'NONE', ( #3947 ), #214, .T. ) ;
#3606 = EDGE_LOOP ( 'NONE', ( #5040, #6070, #473, #2848 ) ) ;
#3607 = LINE ( 'NONE', #6993, #2558 ) ;
#3608 = CARTESIAN_POINT ( 'NONE',  ( 11.99999999999998224, 2.700000000000000178, 4.599999999999998757 ) ) ;
#3609 = ADVANCED_FACE ( 'NONE', ( #2325 ), #145, .T. ) ;
#3610 = CARTESIAN_POINT ( 'NONE',  ( -36.00000000000002132, 2.700000000000000178, 4.599999999999998757 ) ) ;
#3611 = CIRCLE ( 'NONE', #3376, 2.000000000000000000 ) ;
#3612 = DIRECTION ( 'NONE',  ( -1.000000000000000000, 0.000000000000000000, 0.000000000000000000 ) ) ;
#3613 = EDGE_LOOP ( 'NONE', ( #667, #4832, #3201, #5161 ) ) ;
#3614 = LINE ( 'NONE', #982, #5743 ) ;
#3615 = EDGE_LOOP ( 'NONE', ( #278, #6570, #3223, #2163 ) ) ;
#3616 = ADVANCED_FACE ( 'NONE', ( #3629 ), #5250, .F. ) ;
#3617 = ORIENTED_EDGE ( 'NONE', *, *, #4888, .T. ) ;
#3618 = DIRECTION ( 'NONE',  ( -1.000000000000000000, 0.000000000000000000, -0.000000000000000000 ) ) ;
#3619 = VECTOR ( 'NONE', #3841, 1000.000000000000000 ) ;
#3620 = ADVANCED_FACE ( 'NONE', ( #2038 ), #4776, .F. ) ;
#3621 = DIRECTION ( 'NONE',  ( -0.000000000000000000, -0.000000000000000000, -1.000000000000000000 ) ) ;
#3622 = LINE ( 'NONE', #5818, #5917 ) ;
#3623 = ORIENTED_EDGE ( 'NONE', *, *, #2496, .T. ) ;
#3624 = LINE ( 'NONE', #1393, #5389 ) ;
#3625 = VECTOR ( 'NONE', #5810, 1000.000000000000000 ) ;
#3626 = ORIENTED_EDGE ( 'NONE', *, *, #4082, .T. ) ;
#3627 = APPLICATION_PROTOCOL_DEFINITION ( 'draft international standard', 'automotive_design', 1998, #5323 ) ;
#3628 = ORIENTED_EDGE ( 'NONE', *, *, #3899, .F. ) ;
#3629 = FACE_OUTER_BOUND ( 'NONE', #4667, .T. ) ;
#3630 = FACE_OUTER_BOUND ( 'NONE', #1917, .T. ) ;
#3631 = LINE ( 'NONE', #394, #3782 ) ;
#3632 = LINE ( 'NONE', #3125, #407 ) ;
#3633 = ORIENTED_EDGE ( 'NONE', *, *, #1576, .F. ) ;
#3634 = ORIENTED_EDGE ( 'NONE', *, *, #5858, .T. ) ;
#3635 = LINE ( 'NONE', #3018, #1250 ) ;
#3636 = DIRECTION ( 'NONE',  ( 0.000000000000000000, -1.000000000000000000, 0.000000000000000000 ) ) ;
#3637 = FACE_OUTER_BOUND ( 'NONE', #4413, .T. ) ;
#3638 = CARTESIAN_POINT ( 'NONE',  ( -46.50000000000000711, 0.000000000000000000, -12.00000000000000000 ) ) ;
#3639 = EDGE_LOOP ( 'NONE', ( #6584, #1703, #2503, #1745 ) ) ;
#3640 = PLANE ( 'NONE',  #6936 ) ;
#3641 = DIRECTION ( 'NONE',  ( -0.000000000000000000, -1.000000000000000000, -0.000000000000000000 ) ) ;
#3642 = PLANE ( 'NONE',  #2988 ) ;
#3643 = ADVANCED_FACE ( 'NONE', ( #6397 ), #2579, .F. ) ;
#3644 = ADVANCED_FACE ( 'NONE', ( #6981 ), #4805, .F. ) ;
#3645 = LINE ( 'NONE', #5198, #2352 ) ;
#3646 = CARTESIAN_POINT ( 'NONE',  ( 5.899999999999988809, 2.000000000000000000, -5.499999999999999112 ) ) ;
#3647 = EDGE_CURVE ( 'NONE', #7056, #5766, #4227, .T. ) ;
#3648 = EDGE_LOOP ( 'NONE', ( #1150, #717, #1245, #5642 ) ) ;
#3649 = ORIENTED_EDGE ( 'NONE', *, *, #749, .T. ) ;
#3650 = SURFACE_STYLE_FILL_AREA ( #1523 ) ;
#3651 = DIRECTION ( 'NONE',  ( -0.000000000000000000, -0.000000000000000000, -1.000000000000000000 ) ) ;
#3652 = ORIENTED_EDGE ( 'NONE', *, *, #4346, .T. ) ;
#3653 = CARTESIAN_POINT ( 'NONE',  ( 39.00000000000000711, 3.199999999999999734, 2.499999999999995115 ) ) ;
#3654 = VERTEX_POINT ( 'NONE', #930 ) ;
#3655 = DIRECTION ( 'NONE',  ( 1.000000000000000000, 0.000000000000000000, -0.000000000000000000 ) ) ;
#3656 = ADVANCED_FACE ( 'NONE', ( #858 ), #6948, .F. ) ;
#3657 = ORIENTED_EDGE ( 'NONE', *, *, #4648, .F. ) ;
#3658 = EDGE_LOOP ( 'NONE', ( #3892, #5997, #879, #3626 ) ) ;
#3659 = CARTESIAN_POINT ( 'NONE',  ( -21.00000000000000355, 3.199999999999999734, 2.499999999999995115 ) ) ;
#3660 = FACE_OUTER_BOUND ( 'NONE', #3501, .T. ) ;
#3661 = DIRECTION ( 'NONE',  ( 1.000000000000000000, -0.000000000000000000, 2.891205793294675861E-16 ) ) ;
#3662 = VECTOR ( 'NONE', #2017, 1000.000000000000000 ) ;
#3663 = FACE_OUTER_BOUND ( 'NONE', #746, .T. ) ;
#3664 = ORIENTED_EDGE ( 'NONE', *, *, #6743, .T. ) ;
#3665 = ORIENTED_EDGE ( 'NONE', *, *, #5903, .T. ) ;
#3666 = CARTESIAN_POINT ( 'NONE',  ( 10.99999999999998224, 2.000000000000000000, 4.599999999999998757 ) ) ;
#3667 = CARTESIAN_POINT ( 'NONE',  ( 36.50000000000000711, 4.000000000000000000, -12.00000000000000355 ) ) ;
#3668 = VECTOR ( 'NONE', #4120, 1000.000000000000000 ) ;
#3669 = AXIS2_PLACEMENT_3D ( 'NONE', #5068, #3268, #3713 ) ;
#3670 = DIRECTION ( 'NONE',  ( 0.000000000000000000, -0.000000000000000000, -1.000000000000000000 ) ) ;
#3671 = VECTOR ( 'NONE', #595, 1000.000000000000000 ) ;
#3672 = DIRECTION ( 'NONE',  ( -0.000000000000000000, -1.000000000000000000, -0.000000000000000000 ) ) ;
#3673 = AXIS2_PLACEMENT_3D ( 'NONE', #4627, #4012, #2862 ) ;
#3674 = ORIENTED_EDGE ( 'NONE', *, *, #2101, .T. ) ;
#3675 = CARTESIAN_POINT ( 'NONE',  ( 36.50000000000000711, 0.000000000000000000, -12.00000000000000355 ) ) ;
#3676 = DIRECTION ( 'NONE',  ( 0.000000000000000000, 0.000000000000000000, -1.000000000000000000 ) ) ;
#3677 = PLANE ( 'NONE',  #5059 ) ;
#3678 = VECTOR ( 'NONE', #6748, 1000.000000000000000 ) ;
#3679 = DIRECTION ( 'NONE',  ( -1.000000000000000000, -0.000000000000000000, -0.000000000000000000 ) ) ;
#3680 = DIRECTION ( 'NONE',  ( -0.000000000000000000, -0.000000000000000000, 1.000000000000000000 ) ) ;
#3681 = ORIENTED_EDGE ( 'NONE', *, *, #790, .F. ) ;
#3682 = ADVANCED_FACE ( 'NONE', ( #6361 ), #1432, .F. ) ;
#3683 = ORIENTED_EDGE ( 'NONE', *, *, #3301, .F. ) ;
#3684 = CARTESIAN_POINT ( 'NONE',  ( -0.1000000000000167422, 2.700000000000000178, -5.499999999999999112 ) ) ;
#3685 = LINE ( 'NONE', #450, #5746 ) ;
#3686 = ORIENTED_EDGE ( 'NONE', *, *, #2185, .F. ) ;
#3687 = EDGE_CURVE ( 'NONE', #2727, #1303, #5894, .T. ) ;
#3688 = AXIS2_PLACEMENT_3D ( 'NONE', #1315, #6831, #6684 ) ;
#3689 = DIRECTION ( 'NONE',  ( -1.000000000000000000, -0.000000000000000000, -0.000000000000000000 ) ) ;
#3690 = ORIENTED_EDGE ( 'NONE', *, *, #933, .F. ) ;
#3691 = DIRECTION ( 'NONE',  ( -1.000000000000000000, -0.000000000000000000, -0.000000000000000000 ) ) ;
#3692 = ORIENTED_EDGE ( 'NONE', *, *, #3965, .F. ) ;
#3693 = ORIENTED_EDGE ( 'NONE', *, *, #5087, .F. ) ;
#3694 = CARTESIAN_POINT ( 'NONE',  ( -26.90000000000000568, 2.700000000000000178, -4.499999999999999112 ) ) ;
#3695 = VECTOR ( 'NONE', #2928, 1000.000000000000000 ) ;
#3696 = LINE ( 'NONE', #5895, #4149 ) ;
#3697 = DIRECTION ( 'NONE',  ( -0.000000000000000000, -1.000000000000000000, -0.000000000000000000 ) ) ;
#3698 = ADVANCED_FACE ( 'NONE', ( #1973 ), #961, .F. ) ;
#3699 = CARTESIAN_POINT ( 'NONE',  ( 0.000000000000000000, 2.700000000000000178, 0.000000000000000000 ) ) ;
#3700 = VECTOR ( 'NONE', #5300, 1000.000000000000000 ) ;
#3701 = ORIENTED_EDGE ( 'NONE', *, *, #3244, .T. ) ;
#3702 = ORIENTED_EDGE ( 'NONE', *, *, #6960, .T. ) ;
#3703 = LINE ( 'NONE', #4851, #3027 ) ;
#3704 = CARTESIAN_POINT ( 'NONE',  ( 46.50000000000000711, 2.000000000000000000, 12.00000000000000000 ) ) ;
#3705 = VECTOR ( 'NONE', #3846, 1000.000000000000000 ) ;
#3706 = EDGE_CURVE ( 'NONE', #3390, #2727, #5317, .T. ) ;
#3707 = ADVANCED_FACE ( 'NONE', ( #5925 ), #3153, .F. ) ;
#3708 = DIRECTION ( 'NONE',  ( 1.000000000000000000, 0.000000000000000000, 0.000000000000000000 ) ) ;
#3709 = CARTESIAN_POINT ( 'NONE',  ( -6.100000000000021849, 2.700000000000000178, -4.499999999999999112 ) ) ;
#3710 = EDGE_LOOP ( 'NONE', ( #408, #4099, #624, #142 ) ) ;
#3711 = EDGE_CURVE ( 'NONE', #1799, #367, #3120, .T. ) ;
#3712 = CARTESIAN_POINT ( 'NONE',  ( 17.99999999999998934, 3.199999999999999734, 2.499999999999996003 ) ) ;
#3713 = DIRECTION ( 'NONE',  ( 0.000000000000000000, 0.000000000000000000, -1.000000000000000000 ) ) ;
#3714 = FACE_OUTER_BOUND ( 'NONE', #3547, .T. ) ;
#3715 = CARTESIAN_POINT ( 'NONE',  ( 34.99999999999997868, 2.700000000000000178, 4.599999999999998757 ) ) ;
#3716 = LINE ( 'NONE', #6938, #2751 ) ;
#3717 = ORIENTED_EDGE ( 'NONE', *, *, #4354, .T. ) ;
#3718 = ORIENTED_EDGE ( 'NONE', *, *, #2591, .T. ) ;
#3719 = DIRECTION ( 'NONE',  ( 0.000000000000000000, 0.000000000000000000, 1.000000000000000000 ) ) ;
#3720 = DIRECTION ( 'NONE',  ( 0.000000000000000000, 0.000000000000000000, -1.000000000000000000 ) ) ;
#3721 = VECTOR ( 'NONE', #3187, 1000.000000000000000 ) ;
#3722 = ORIENTED_EDGE ( 'NONE', *, *, #1223, .F. ) ;
#3723 = LINE ( 'NONE', #4157, #3960 ) ;
#3724 = ORIENTED_EDGE ( 'NONE', *, *, #761, .F. ) ;
#3725 = CARTESIAN_POINT ( 'NONE',  ( 5.999999999999998224, 3.199999999999999734, -2.500000000000004441 ) ) ;
#3726 = EDGE_LOOP ( 'NONE', ( #6256, #726, #1218, #4540 ) ) ;
#3727 = AXIS2_PLACEMENT_3D ( 'NONE', #602, #1573, #3765 ) ;
#3728 = VERTEX_POINT ( 'NONE', #4265 ) ;
#3729 = DIRECTION ( 'NONE',  ( 1.000000000000000000, -0.000000000000000000, 0.000000000000000000 ) ) ;
#3730 = FACE_OUTER_BOUND ( 'NONE', #6833, .T. ) ;
#3731 = CARTESIAN_POINT ( 'NONE',  ( -45.00000000000000711, 3.199999999999999734, -2.500000000000004885 ) ) ;
#3732 = EDGE_CURVE ( 'NONE', #6254, #1673, #290, .T. ) ;
#3733 = VECTOR ( 'NONE', #1538, 1000.000000000000000 ) ;
#3734 = EDGE_CURVE ( 'NONE', #1875, #6980, #2471, .T. ) ;
#3735 = DIRECTION ( 'NONE',  ( 0.000000000000000000, 0.000000000000000000, -1.000000000000000000 ) ) ;
#3736 = ORIENTED_EDGE ( 'NONE', *, *, #1572, .T. ) ;
#3737 = ORIENTED_EDGE ( 'NONE', *, *, #6158, .T. ) ;
#3738 = CARTESIAN_POINT ( 'NONE',  ( 17.89999999999997016, 2.700000000000000178, -5.499999999999999112 ) ) ;
#3739 = EDGE_CURVE ( 'NONE', #6986, #738, #1464, .T. ) ;
#3740 = CARTESIAN_POINT ( 'NONE',  ( 0.000000000000000000, 2.000000000000000000, -10.00000000000000000 ) ) ;
#3741 = AXIS2_PLACEMENT_3D ( 'NONE', #5116, #5148, #2372 ) ;
#3742 = CARTESIAN_POINT ( 'NONE',  ( -46.50000000000000711, 2.000000000000000000, 10.00000000000000000 ) ) ;
#3743 = ORIENTED_EDGE ( 'NONE', *, *, #4786, .F. ) ;
#3744 = ORIENTED_EDGE ( 'NONE', *, *, #6374, .F. ) ;
#3745 = CARTESIAN_POINT ( 'NONE',  ( 23.99999999999999289, 3.199999999999999734, -2.500000000000004441 ) ) ;
#3746 = ORIENTED_EDGE ( 'NONE', *, *, #4088, .T. ) ;
#3747 = EDGE_CURVE ( 'NONE', #1857, #1420, #288, .T. ) ;
#3748 = CARTESIAN_POINT ( 'NONE',  ( 46.50000000000000711, 4.000000000000000000, 12.00000000000000000 ) ) ;
#3749 = CARTESIAN_POINT ( 'NONE',  ( 17.99999999999998934, 3.199999999999999734, -2.500000000000004441 ) ) ;
#3750 = LINE ( 'NONE', #6599, #2926 ) ;
#3751 = CARTESIAN_POINT ( 'NONE',  ( -16.50000000000000355, 0.000000000000000000, 10.00000000000000000 ) ) ;
#3752 = ORIENTED_EDGE ( 'NONE', *, *, #4577, .F. ) ;
#3753 = ORIENTED_EDGE ( 'NONE', *, *, #4895, .F. ) ;
#3754 = DIRECTION ( 'NONE',  ( 1.000000000000000000, -0.000000000000000000, 0.000000000000000000 ) ) ;
#3755 = DIRECTION ( 'NONE',  ( 1.000000000000000000, -0.000000000000000000, -0.000000000000000000 ) ) ;
#3756 = EDGE_LOOP ( 'NONE', ( #2647, #3496, #846, #1550 ) ) ;
#3757 = DIRECTION ( 'NONE',  ( -0.000000000000000000, -0.000000000000000000, 1.000000000000000000 ) ) ;
#3758 = VERTEX_POINT ( 'NONE', #5522 ) ;
#3759 = DIRECTION ( 'NONE',  ( -1.000000000000000000, -0.000000000000000000, -0.000000000000000000 ) ) ;
#3760 = EDGE_LOOP ( 'NONE', ( #5365, #3529, #210, #6004 ) ) ;
#3761 = ORIENTED_EDGE ( 'NONE', *, *, #4888, .F. ) ;
#3762 = CARTESIAN_POINT ( 'NONE',  ( -20.90000000000001634, 2.700000000000000178, -5.499999999999999112 ) ) ;
#3763 = CARTESIAN_POINT ( 'NONE',  ( -27.00000000000000355, 3.199999999999999734, -2.500000000000004885 ) ) ;
#3764 = CARTESIAN_POINT ( 'NONE',  ( -36.00000000000000711, 3.199999999999999734, 2.499999999999996003 ) ) ;
#3765 = DIRECTION ( 'NONE',  ( -1.000000000000000000, 0.000000000000000000, -0.000000000000000000 ) ) ;
#3766 = ORIENTED_EDGE ( 'NONE', *, *, #1590, .T. ) ;
#3767 = VERTEX_POINT ( 'NONE', #2140 ) ;
#3768 = FACE_OUTER_BOUND ( 'NONE', #1858, .T. ) ;
#3769 = ADVANCED_FACE ( 'NONE', ( #4407 ), #2755, .F. ) ;
#3770 = DIRECTION ( 'NONE',  ( -0.000000000000000000, -0.000000000000000000, 1.000000000000000000 ) ) ;
#3771 = EDGE_CURVE ( 'NONE', #4291, #5291, #3801, .T. ) ;
#3772 = ADVANCED_FACE ( 'NONE', ( #4441 ), #6647, .T. ) ;
#3773 = VECTOR ( 'NONE', #5109, 1000.000000000000000 ) ;
#3774 = EDGE_CURVE ( 'NONE', #3504, #5664, #1063, .T. ) ;
#3775 = LINE ( 'NONE', #6552, #4028 ) ;
#3776 = FACE_OUTER_BOUND ( 'NONE', #6835, .T. ) ;
#3777 = VERTEX_POINT ( 'NONE', #7115 ) ;
#3778 = LINE ( 'NONE', #2664, #2390 ) ;
#3779 = VECTOR ( 'NONE', #1405, 1000.000000000000000 ) ;
#3780 = EDGE_LOOP ( 'NONE', ( #505, #2720, #2080, #6801 ) ) ;
#3781 = CARTESIAN_POINT ( 'NONE',  ( -9.000000000000001776, 2.000000000000000000, 2.499999999999995115 ) ) ;
#3782 = VECTOR ( 'NONE', #895, 1000.000000000000000 ) ;
#3783 = PLANE ( 'NONE',  #6330 ) ;
#3784 = AXIS2_PLACEMENT_3D ( 'NONE', #2575, #3116, #1970 ) ;
#3785 = EDGE_CURVE ( 'NONE', #731, #2877, #1568, .T. ) ;
#3786 = DIRECTION ( 'NONE',  ( 1.000000000000000000, 0.000000000000000000, 0.000000000000000000 ) ) ;
#3787 = AXIS2_PLACEMENT_3D ( 'NONE', #6975, #3042, #3720 ) ;
#3788 = DIRECTION ( 'NONE',  ( -0.000000000000000000, -0.000000000000000000, -1.000000000000000000 ) ) ;
#3789 = EDGE_LOOP ( 'NONE', ( #4486, #2115, #5255, #2122 ) ) ;
#3790 = ORIENTED_EDGE ( 'NONE', *, *, #3289, .T. ) ;
#3791 = VECTOR ( 'NONE', #3680, 1000.000000000000000 ) ;
#3792 = CARTESIAN_POINT ( 'NONE',  ( 8.999999999999994671, 3.199999999999999734, -2.500000000000004885 ) ) ;
#3793 = VECTOR ( 'NONE', #3059, 1000.000000000000000 ) ;
#3794 = DIRECTION ( 'NONE',  ( -0.000000000000000000, -0.000000000000000000, -1.000000000000000000 ) ) ;
#3795 = DIRECTION ( 'NONE',  ( 0.000000000000000000, 0.000000000000000000, -1.000000000000000000 ) ) ;
#3796 = VERTEX_POINT ( 'NONE', #3762 ) ;
#3797 = LINE ( 'NONE', #5996, #804 ) ;
#3798 = VECTOR ( 'NONE', #5223, 1000.000000000000000 ) ;
#3799 = VERTEX_POINT ( 'NONE', #5454 ) ;
#3800 = ORIENTED_EDGE ( 'NONE', *, *, #183, .T. ) ;
#3801 = LINE ( 'NONE', #3905, #1316 ) ;
#3802 = FACE_OUTER_BOUND ( 'NONE', #4562, .T. ) ;
#3803 = CARTESIAN_POINT ( 'NONE',  ( 46.50000000000000000, 2.000000000000000000, -10.00000000000000000 ) ) ;
#3804 = DIRECTION ( 'NONE',  ( -1.000000000000000000, -0.000000000000000000, -0.000000000000000000 ) ) ;
#3805 = ORIENTED_EDGE ( 'NONE', *, *, #4084, .F. ) ;
#3806 = ORIENTED_EDGE ( 'NONE', *, *, #6878, .F. ) ;
#3807 = CARTESIAN_POINT ( 'NONE',  ( 11.99999999999998224, 2.700000000000000178, 7.399999999999998579 ) ) ;
#3808 = VECTOR ( 'NONE', #1433, 1000.000000000000000 ) ;
#3809 = CARTESIAN_POINT ( 'NONE',  ( -36.00000000000000711, 3.199999999999999734, -2.500000000000004441 ) ) ;
#3810 = VECTOR ( 'NONE', #1820, 1000.000000000000000 ) ;
#3811 = EDGE_CURVE ( 'NONE', #4803, #397, #559, .T. ) ;
#3812 = DIRECTION ( 'NONE',  ( 1.000000000000000000, -0.000000000000000000, 0.000000000000000000 ) ) ;
#3813 = CARTESIAN_POINT ( 'NONE',  ( -51.50000000000000711, 2.000000000000000000, 10.00000000000000000 ) ) ;
#3814 = EDGE_LOOP ( 'NONE', ( #5142, #3830, #2097, #5299 ) ) ;
#3815 = DIRECTION ( 'NONE',  ( 1.000000000000000000, -0.000000000000000000, -0.000000000000000000 ) ) ;
#3816 = ORIENTED_EDGE ( 'NONE', *, *, #2493, .T. ) ;
#3817 = VECTOR ( 'NONE', #1991, 1000.000000000000000 ) ;
#3818 = FACE_OUTER_BOUND ( 'NONE', #870, .T. ) ;
#3819 = EDGE_CURVE ( 'NONE', #6781, #5580, #1678, .T. ) ;
#3820 = PLANE ( 'NONE',  #2071 ) ;
#3821 = ADVANCED_FACE ( 'NONE', ( #26 ), #4301, .F. ) ;
#3822 = EDGE_CURVE ( 'NONE', #5958, #1539, #1128, .T. ) ;
#3823 = CARTESIAN_POINT ( 'NONE',  ( 23.89999999999997726, 2.700000000000000178, -5.499999999999999112 ) ) ;
#3824 = CARTESIAN_POINT ( 'NONE',  ( -46.50000000000000711, 0.000000000000000000, -10.00000000000000000 ) ) ;
#3825 = ORIENTED_EDGE ( 'NONE', *, *, #2637, .F. ) ;
#3826 = ORIENTED_EDGE ( 'NONE', *, *, #6121, .T. ) ;
#3827 = EDGE_CURVE ( 'NONE', #2459, #4841, #458, .T. ) ;
#3828 = CARTESIAN_POINT ( 'NONE',  ( 11.99999999999999645, 3.199999999999999734, -2.500000000000004441 ) ) ;
#3829 = DIRECTION ( 'NONE',  ( 0.000000000000000000, 0.000000000000000000, 1.000000000000000000 ) ) ;
#3830 = ORIENTED_EDGE ( 'NONE', *, *, #191, .F. ) ;
#3831 = DIRECTION ( 'NONE',  ( -0.000000000000000000, -0.000000000000000000, 1.000000000000000000 ) ) ;
#3832 = VERTEX_POINT ( 'NONE', #4843 ) ;
#3833 = FACE_OUTER_BOUND ( 'NONE', #2146, .T. ) ;
#3834 = EDGE_CURVE ( 'NONE', #115, #4105, #2174, .T. ) ;
#3835 = ORIENTED_EDGE ( 'NONE', *, *, #3513, .T. ) ;
#3836 = ORIENTED_EDGE ( 'NONE', *, *, #6017, .T. ) ;
#3837 = CARTESIAN_POINT ( 'NONE',  ( 41.99999999999999289, 2.000000000000000000, 2.499999999999996003 ) ) ;
#3838 = EDGE_CURVE ( 'NONE', #6264, #5814, #4983, .T. ) ;
#3839 = CARTESIAN_POINT ( 'NONE',  ( -36.50000000000000711, 4.000000000000000000, -12.00000000000000355 ) ) ;
#3840 = DIRECTION ( 'NONE',  ( -1.000000000000000000, 0.000000000000000000, 0.000000000000000000 ) ) ;
#3841 = DIRECTION ( 'NONE',  ( -1.000000000000000000, -0.000000000000000000, -0.000000000000000000 ) ) ;
#3842 = ORIENTED_EDGE ( 'NONE', *, *, #5982, .T. ) ;
#3843 = VECTOR ( 'NONE', #1940, 1000.000000000000000 ) ;
#3844 = EDGE_LOOP ( 'NONE', ( #4210, #4098, #452, #5607, #2181, #4225, #4601, #5992, #3522, #6939, #5307, #5819, #3746, #3047, #6428, #2172, #4063, #5651, #61, #4307 ) ) ;
#3845 = CARTESIAN_POINT ( 'NONE',  ( 35.89999999999998437, 2.700000000000000178, -5.499999999999999112 ) ) ;
#3846 = DIRECTION ( 'NONE',  ( 0.000000000000000000, -1.000000000000000000, 0.000000000000000000 ) ) ;
#3847 = LINE ( 'NONE', #6624, #7012 ) ;
#3848 = VECTOR ( 'NONE', #3296, 1000.000000000000000 ) ;
#3849 = CARTESIAN_POINT ( 'NONE',  ( -18.00000000000000355, 3.199999999999999734, -2.500000000000004441 ) ) ;
#3850 = DIRECTION ( 'NONE',  ( -0.000000000000000000, -1.000000000000000000, -0.000000000000000000 ) ) ;
#3851 = EDGE_LOOP ( 'NONE', ( #2392, #4801, #1446, #5355 ) ) ;
#3852 = DIRECTION ( 'NONE',  ( 0.000000000000000000, 0.000000000000000000, 1.000000000000000000 ) ) ;
#3853 = VECTOR ( 'NONE', #5157, 1000.000000000000000 ) ;
#3854 = ORIENTED_EDGE ( 'NONE', *, *, #3771, .T. ) ;
#3855 = LINE ( 'NONE', #654, #599 ) ;
#3856 = LINE ( 'NONE', #619, #5402 ) ;
#3857 = CARTESIAN_POINT ( 'NONE',  ( -51.50000000000000711, 2.000000000000000000, -10.00000000000000000 ) ) ;
#3858 = DIRECTION ( 'NONE',  ( 0.000000000000000000, -1.000000000000000000, 0.000000000000000000 ) ) ;
#3859 = ORIENTED_EDGE ( 'NONE', *, *, #2549, .F. ) ;
#3860 = VERTEX_POINT ( 'NONE', #3327 ) ;
#3861 = ADVANCED_FACE ( 'NONE', ( #7051 ), #1025, .F. ) ;
#3862 = DIRECTION ( 'NONE',  ( -0.000000000000000000, -0.000000000000000000, -1.000000000000000000 ) ) ;
#3863 = ADVANCED_FACE ( 'NONE', ( #4909 ), #4372, .T. ) ;
#3864 = CARTESIAN_POINT ( 'NONE',  ( 46.50000000000000711, 0.000000000000000000, 12.00000000000000000 ) ) ;
#3865 = LINE ( 'NONE', #2167, #5343 ) ;
#3866 = EDGE_CURVE ( 'NONE', #4338, #3390, #2686, .T. ) ;
#3867 = ORIENTED_EDGE ( 'NONE', *, *, #1675, .T. ) ;
#3868 = PLANE ( 'NONE',  #4814 ) ;
#3869 = ORIENTED_EDGE ( 'NONE', *, *, #355, .T. ) ;
#3870 = EDGE_LOOP ( 'NONE', ( #6496, #6880, #2569, #5920 ) ) ;
#3871 = DIRECTION ( 'NONE',  ( 1.000000000000000000, 0.000000000000000000, 0.000000000000000000 ) ) ;
#3872 = LINE ( 'NONE', #2175, #2998 ) ;
#3873 = LINE ( 'NONE', #97, #5618 ) ;
#3874 = DIRECTION ( 'NONE',  ( 0.000000000000000000, 0.000000000000000000, 1.000000000000000000 ) ) ;
#3875 = EDGE_CURVE ( 'NONE', #2603, #3796, #5754, .T. ) ;
#3876 = ORIENTED_EDGE ( 'NONE', *, *, #3512, .T. ) ;
#3877 = ORIENTED_EDGE ( 'NONE', *, *, #46, .F. ) ;
#3878 = CARTESIAN_POINT ( 'NONE',  ( 17.89999999999997016, 2.000000000000000000, -4.499999999999999112 ) ) ;
#3879 = CARTESIAN_POINT ( 'NONE',  ( -45.00000000000000711, 3.199999999999999734, 2.499999999999995115 ) ) ;
#3880 = DIRECTION ( 'NONE',  ( -1.000000000000000000, -0.000000000000000000, -0.000000000000000000 ) ) ;
#3881 = DIRECTION ( 'NONE',  ( 1.000000000000000000, -0.000000000000000000, -0.000000000000000000 ) ) ;
#3882 = LINE ( 'NONE', #4962, #1950 ) ;
#3883 = ORIENTED_EDGE ( 'NONE', *, *, #1043, .T. ) ;
#3884 = CARTESIAN_POINT ( 'NONE',  ( 9.099999999999983658, 2.700000000000000178, -5.499999999999999112 ) ) ;
#3885 = ORIENTED_EDGE ( 'NONE', *, *, #3711, .T. ) ;
#3886 = LINE ( 'NONE', #6082, #5774 ) ;
#3887 = CARTESIAN_POINT ( 'NONE',  ( -20.90000000000001634, 2.700000000000000178, -4.499999999999999112 ) ) ;
#3888 = VECTOR ( 'NONE', #1656, 1000.000000000000000 ) ;
#3889 = DIRECTION ( 'NONE',  ( 0.000000000000000000, 0.000000000000000000, -1.000000000000000000 ) ) ;
#3890 = CARTESIAN_POINT ( 'NONE',  ( -16.50000000000000355, 0.000000000000000000, -12.00000000000000355 ) ) ;
#3891 = ORIENTED_EDGE ( 'NONE', *, *, #2453, .F. ) ;
#3892 = ORIENTED_EDGE ( 'NONE', *, *, #1047, .T. ) ;
#3893 = DIRECTION ( 'NONE',  ( -0.000000000000000000, -0.000000000000000000, 1.000000000000000000 ) ) ;
#3894 = VECTOR ( 'NONE', #649, 1000.000000000000000 ) ;
#3895 = CARTESIAN_POINT ( 'NONE',  ( 39.00000000000000711, 2.000000000000000000, 2.499999999999995115 ) ) ;
#3896 = VECTOR ( 'NONE', #4726, 1000.000000000000000 ) ;
#3897 = FACE_OUTER_BOUND ( 'NONE', #4079, .T. ) ;
#3898 = ORIENTED_EDGE ( 'NONE', *, *, #3771, .F. ) ;
#3899 = EDGE_CURVE ( 'NONE', #4688, #5706, #3953, .T. ) ;
#3900 = DIRECTION ( 'NONE',  ( -0.000000000000000000, -0.000000000000000000, -1.000000000000000000 ) ) ;
#3901 = AXIS2_PLACEMENT_3D ( 'NONE', #5414, #4437, #2683 ) ;
#3902 = ORIENTED_EDGE ( 'NONE', *, *, #175, .T. ) ;
#3903 = VERTEX_POINT ( 'NONE', #2398 ) ;
#3904 = VECTOR ( 'NONE', #4879, 1000.000000000000000 ) ;
#3905 = CARTESIAN_POINT ( 'NONE',  ( 33.00000000000000000, 3.199999999999999734, -2.500000000000004885 ) ) ;
#3906 = DIRECTION ( 'NONE',  ( 1.000000000000000000, -0.000000000000000000, 2.891205793294688680E-16 ) ) ;
#3907 = EDGE_CURVE ( 'NONE', #7073, #6629, #757, .T. ) ;
#3908 = CARTESIAN_POINT ( 'NONE',  ( 27.00000000000001066, 3.199999999999999734, 2.499999999999995115 ) ) ;
#3909 = VECTOR ( 'NONE', #3934, 1000.000000000000000 ) ;
#3910 = FACE_OUTER_BOUND ( 'NONE', #2726, .T. ) ;
#3911 = VERTEX_POINT ( 'NONE', #3520 ) ;
#3912 = EDGE_CURVE ( 'NONE', #6039, #4696, #3556, .T. ) ;
#3913 = ORIENTED_EDGE ( 'NONE', *, *, #1753, .T. ) ;
#3914 = FACE_OUTER_BOUND ( 'NONE', #6385, .T. ) ;
#3915 = DIRECTION ( 'NONE',  ( -1.445602896647339656E-16, 0.000000000000000000, 1.000000000000000000 ) ) ;
#3916 = EDGE_CURVE ( 'NONE', #5279, #6136, #5714, .T. ) ;
#3917 = DIRECTION ( 'NONE',  ( 0.000000000000000000, -0.000000000000000000, 1.000000000000000000 ) ) ;
#3918 = VECTOR ( 'NONE', #6504, 1000.000000000000000 ) ;
#3919 = DIRECTION ( 'NONE',  ( -1.000000000000000000, 0.000000000000000000, 0.000000000000000000 ) ) ;
#3920 = CARTESIAN_POINT ( 'NONE',  ( 9.099999999999983658, 2.700000000000000178, -5.499999999999999112 ) ) ;
#3921 = EDGE_LOOP ( 'NONE', ( #2171, #1438, #2412, #4622 ) ) ;
#3922 = FACE_OUTER_BOUND ( 'NONE', #5371, .T. ) ;
#3923 = ORIENTED_EDGE ( 'NONE', *, *, #3395, .T. ) ;
#3924 = CARTESIAN_POINT ( 'NONE',  ( -32.90000000000001279, 2.000000000000000000, -4.499999999999999112 ) ) ;
#3925 = ADVANCED_FACE ( 'NONE', ( #2365 ), #3448, .T. ) ;
#3926 = VECTOR ( 'NONE', #5622, 1000.000000000000000 ) ;
#3927 = DIRECTION ( 'NONE',  ( 2.891205793294675368E-16, 0.000000000000000000, -1.000000000000000000 ) ) ;
#3928 = LINE ( 'NONE', #621, #2238 ) ;
#3929 = AXIS2_PLACEMENT_3D ( 'NONE', #401, #1034, #7024 ) ;
#3930 = CARTESIAN_POINT ( 'NONE',  ( -16.50000000000000355, 4.000000000000000000, -12.00000000000000355 ) ) ;
#3931 = ORIENTED_EDGE ( 'NONE', *, *, #5195, .F. ) ;
#3932 = ORIENTED_EDGE ( 'NONE', *, *, #1841, .T. ) ;
#3933 = LINE ( 'NONE', #1849, #5309 ) ;
#3934 = DIRECTION ( 'NONE',  ( -0.000000000000000000, -0.000000000000000000, 1.000000000000000000 ) ) ;
#3935 = CARTESIAN_POINT ( 'NONE',  ( -51.50000000000000711, 2.000000000000000000, -10.00000000000000000 ) ) ;
#3936 = VERTEX_POINT ( 'NONE', #4560 ) ;
#3937 = CARTESIAN_POINT ( 'NONE',  ( -30.10000000000001563, 2.700000000000000178, -5.499999999999999112 ) ) ;
#3938 = VERTEX_POINT ( 'NONE', #187 ) ;
#3939 = ORIENTED_EDGE ( 'NONE', *, *, #3956, .F. ) ;
#3940 = FACE_OUTER_BOUND ( 'NONE', #4277, .T. ) ;
#3941 = CARTESIAN_POINT ( 'NONE',  ( -20.90000000000001634, 2.000000000000000000, -5.499999999999999112 ) ) ;
#3942 = DIRECTION ( 'NONE',  ( 0.000000000000000000, -0.000000000000000000, 1.000000000000000000 ) ) ;
#3943 = VERTEX_POINT ( 'NONE', #1873 ) ;
#3944 = VECTOR ( 'NONE', #1757, 1000.000000000000000 ) ;
#3945 = EDGE_LOOP ( 'NONE', ( #6141, #3736, #6245, #3854 ) ) ;
#3946 = CARTESIAN_POINT ( 'NONE',  ( -33.00000000000000000, 3.199999999999999734, 2.499999999999995115 ) ) ;
#3947 = FACE_OUTER_BOUND ( 'NONE', #5073, .T. ) ;
#3948 = FACE_OUTER_BOUND ( 'NONE', #4865, .T. ) ;
#3949 = LINE ( 'NONE', #6149, #1017 ) ;
#3950 = EDGE_CURVE ( 'NONE', #383, #4659, #724, .T. ) ;
#3951 = EDGE_CURVE ( 'NONE', #5008, #5766, #5648, .T. ) ;
#3952 = EDGE_CURVE ( 'NONE', #5586, #2027, #4024, .T. ) ;
#3953 = CIRCLE ( 'NONE', #6959, 2.000000000000000000 ) ;
#3954 = ORIENTED_EDGE ( 'NONE', *, *, #4143, .T. ) ;
#3955 = PLANE ( 'NONE',  #909 ) ;
#3956 = EDGE_CURVE ( 'NONE', #990, #3219, #1331, .T. ) ;
#3957 = EDGE_LOOP ( 'NONE', ( #6174, #3494, #3083, #6906 ) ) ;
#3958 = CARTESIAN_POINT ( 'NONE',  ( -12.10000000000001386, 2.000000000000000000, -5.499999999999999112 ) ) ;
#3959 = DIRECTION ( 'NONE',  ( -0.000000000000000000, -0.000000000000000000, -1.000000000000000000 ) ) ;
#3960 = VECTOR ( 'NONE', #4770, 1000.000000000000000 ) ;
#3961 = DIRECTION ( 'NONE',  ( -0.000000000000000000, -1.000000000000000000, -0.000000000000000000 ) ) ;
#3962 = VECTOR ( 'NONE', #400, 1000.000000000000000 ) ;
#3963 = AXIS2_PLACEMENT_3D ( 'NONE', #3823, #2740, #2129 ) ;
#3964 = DIRECTION ( 'NONE',  ( 0.000000000000000000, 0.000000000000000000, -1.000000000000000000 ) ) ;
#3965 = EDGE_CURVE ( 'NONE', #716, #2353, #5106, .T. ) ;
#3966 = CARTESIAN_POINT ( 'NONE',  ( -36.00000000000002132, 2.700000000000000178, 7.399999999999998579 ) ) ;
#3967 = ORIENTED_EDGE ( 'NONE', *, *, #3395, .F. ) ;
#3968 = CARTESIAN_POINT ( 'NONE',  ( -38.90000000000001990, 2.700000000000000178, -4.499999999999999112 ) ) ;
#3969 = CARTESIAN_POINT ( 'NONE',  ( -42.00000000000000000, 2.000000000000000000, 2.499999999999996003 ) ) ;
#3970 = FACE_OUTER_BOUND ( 'NONE', #5683, .T. ) ;
#3971 = CARTESIAN_POINT ( 'NONE',  ( 11.99999999999999645, 3.199999999999999734, -2.500000000000004441 ) ) ;
#3972 = VERTEX_POINT ( 'NONE', #254 ) ;
#3973 = LINE ( 'NONE', #6827, #119 ) ;
#3974 = ORIENTED_EDGE ( 'NONE', *, *, #3156, .F. ) ;
#3975 = ORIENTED_EDGE ( 'NONE', *, *, #5247, .F. ) ;
#3976 = PLANE ( 'NONE',  #251 ) ;
#3977 = CARTESIAN_POINT ( 'NONE',  ( -13.00000000000001066, 2.000000000000000000, 4.599999999999998757 ) ) ;
#3978 = FACE_OUTER_BOUND ( 'NONE', #161, .T. ) ;
#3979 = EDGE_LOOP ( 'NONE', ( #4508, #6677, #2192, #1782 ) ) ;
#3980 = ORIENTED_EDGE ( 'NONE', *, *, #6685, .F. ) ;
#3981 = CARTESIAN_POINT ( 'NONE',  ( -51.50000000000000711, 2.000000000000000000, 10.00000000000000000 ) ) ;
#3982 = LINE ( 'NONE', #4522, #1615 ) ;
#3983 = DIRECTION ( 'NONE',  ( -0.000000000000000000, -1.000000000000000000, -0.000000000000000000 ) ) ;
#3984 = CARTESIAN_POINT ( 'NONE',  ( 41.99999999999999289, 3.199999999999999734, 2.499999999999996003 ) ) ;
#3985 = CARTESIAN_POINT ( 'NONE',  ( -12.00000000000001066, 2.000000000000000000, 4.599999999999998757 ) ) ;
#3986 = ORIENTED_EDGE ( 'NONE', *, *, #3512, .F. ) ;
#3987 = DIRECTION ( 'NONE',  ( -1.000000000000000000, 0.000000000000000000, 0.000000000000000000 ) ) ;
#3988 = VERTEX_POINT ( 'NONE', #5217 ) ;
#3989 = DIRECTION ( 'NONE',  ( 0.000000000000000000, 0.000000000000000000, -1.000000000000000000 ) ) ;
#3990 = EDGE_CURVE ( 'NONE', #4769, #3728, #4672, .T. ) ;
#3991 = ADVANCED_FACE ( 'NONE', ( #2439 ), #1292, .F. ) ;
#3992 = CARTESIAN_POINT ( 'NONE',  ( -8.000000000000007105, 2.000000000000000000, 7.399999999999998579 ) ) ;
#3993 = EDGE_CURVE ( 'NONE', #305, #4286, #6845, .T. ) ;
#3994 = CARTESIAN_POINT ( 'NONE',  ( -0.1000000000000167422, 2.700000000000000178, -4.499999999999999112 ) ) ;
#3995 = CYLINDRICAL_SURFACE ( 'NONE', #3274, 2.000000000000000000 ) ;
#3996 = ORIENTED_EDGE ( 'NONE', *, *, #5619, .T. ) ;
#3997 = CARTESIAN_POINT ( 'NONE',  ( -36.10000000000002274, 2.000000000000000000, -4.499999999999999112 ) ) ;
#3998 = ORIENTED_EDGE ( 'NONE', *, *, #4875, .F. ) ;
#3999 = DIRECTION ( 'NONE',  ( 0.000000000000000000, 0.000000000000000000, 1.000000000000000000 ) ) ;
#4000 = FACE_OUTER_BOUND ( 'NONE', #5349, .T. ) ;
#4001 = ADVANCED_FACE ( 'NONE', ( #4062 ), #1907, .F. ) ;
#4002 = FACE_OUTER_BOUND ( 'NONE', #4876, .T. ) ;
#4003 = VECTOR ( 'NONE', #6302, 1000.000000000000000 ) ;
#4004 = DIRECTION ( 'NONE',  ( 0.000000000000000000, -1.000000000000000000, 0.000000000000000000 ) ) ;
#4005 = ORIENTED_EDGE ( 'NONE', *, *, #5889, .T. ) ;
#4006 = PLANE ( 'NONE',  #2525 ) ;
#4007 = EDGE_LOOP ( 'NONE', ( #2216, #2532, #1437, #1847 ) ) ;
#4008 = EDGE_LOOP ( 'NONE', ( #2036, #2917, #1565, #3397 ) ) ;
#4009 = AXIS2_PLACEMENT_3D ( 'NONE', #1412, #3601, #869 ) ;
#4010 = DIRECTION ( 'NONE',  ( 1.000000000000000000, -0.000000000000000000, 2.891205793294675861E-16 ) ) ;
#4011 = VECTOR ( 'NONE', #2220, 1000.000000000000000 ) ;
#4012 = DIRECTION ( 'NONE',  ( -1.000000000000000000, 0.000000000000000000, 0.000000000000000000 ) ) ;
#4013 = FACE_BOUND ( 'NONE', #4493, .T. ) ;
#4014 = VECTOR ( 'NONE', #4276, 1000.000000000000000 ) ;
#4015 = ORIENTED_EDGE ( 'NONE', *, *, #5195, .T. ) ;
#4016 = VECTOR ( 'NONE', #2820, 1000.000000000000000 ) ;
#4017 = ORIENTED_EDGE ( 'NONE', *, *, #2856, .F. ) ;
#4018 = FACE_OUTER_BOUND ( 'NONE', #3458, .T. ) ;
#4019 = DIRECTION ( 'NONE',  ( -0.000000000000000000, -1.000000000000000000, -0.000000000000000000 ) ) ;
#4020 = LINE ( 'NONE', #6224, #138 ) ;
#4021 = VECTOR ( 'NONE', #6311, 1000.000000000000000 ) ;
#4022 = CARTESIAN_POINT ( 'NONE',  ( 27.00000000000001066, 3.199999999999999734, 2.499999999999995115 ) ) ;
#4023 = AXIS2_PLACEMENT_3D ( 'NONE', #4823, #7068, #2197 ) ;
#4024 = LINE ( 'NONE', #3985, #3493 ) ;
#4025 = ORIENTED_EDGE ( 'NONE', *, *, #2893, .T. ) ;
#4026 = EDGE_LOOP ( 'NONE', ( #1563, #3686, #2391, #4404 ) ) ;
#4027 = CARTESIAN_POINT ( 'NONE',  ( 38.99999999999997868, 2.000000000000000000, 4.599999999999998757 ) ) ;
#4028 = VECTOR ( 'NONE', #4313, 1000.000000000000000 ) ;
#4029 = CARTESIAN_POINT ( 'NONE',  ( -8.000000000000007105, 2.700000000000000178, 7.399999999999998579 ) ) ;
#4030 = PLANE ( 'NONE',  #6674 ) ;
#4031 = VECTOR ( 'NONE', #4878, 1000.000000000000000 ) ;
#4032 = CARTESIAN_POINT ( 'NONE',  ( 5.999999999999998224, 3.199999999999999734, 2.499999999999996003 ) ) ;
#4033 = VERTEX_POINT ( 'NONE', #2475 ) ;
#4034 = PLANE ( 'NONE',  #1015 ) ;
#4035 = VERTEX_POINT ( 'NONE', #6879 ) ;
#4036 = VECTOR ( 'NONE', #6493, 1000.000000000000000 ) ;
#4037 = FACE_OUTER_BOUND ( 'NONE', #3062, .T. ) ;
#4038 = ORIENTED_EDGE ( 'NONE', *, *, #2322, .F. ) ;
#4039 = CARTESIAN_POINT ( 'NONE',  ( 3.099999999999991651, 2.700000000000000178, -5.499999999999999112 ) ) ;
#4040 = LINE ( 'NONE', #2416, #3909 ) ;
#4041 = ADVANCED_FACE ( 'NONE', ( #3410 ), #5606, .F. ) ;
#4042 = ADVANCED_FACE ( 'NONE', ( #2079 ), #4809, .F. ) ;
#4043 = VECTOR ( 'NONE', #5154, 1000.000000000000000 ) ;
#4044 = DIRECTION ( 'NONE',  ( -1.000000000000000000, 0.000000000000000000, 0.000000000000000000 ) ) ;
#4045 = ORIENTED_EDGE ( 'NONE', *, *, #1102, .T. ) ;
#4046 = CARTESIAN_POINT ( 'NONE',  ( 53.50000000000000711, 2.000000000000000000, 10.00000000000000000 ) ) ;
#4047 = EDGE_LOOP ( 'NONE', ( #1925, #2384, #2782, #24 ) ) ;
#4048 = ADVANCED_FACE ( 'NONE', ( #862 ), #2654, .T. ) ;
#4049 = EDGE_LOOP ( 'NONE', ( #247, #2286, #5227, #4863 ) ) ;
#4050 = VERTEX_POINT ( 'NONE', #5253 ) ;
#4051 = AXIS2_PLACEMENT_3D ( 'NONE', #474, #1476, #5872 ) ;
#4052 = DIRECTION ( 'NONE',  ( -0.000000000000000000, -0.000000000000000000, 1.000000000000000000 ) ) ;
#4053 = CARTESIAN_POINT ( 'NONE',  ( 45.09999999999997300, 2.000000000000000000, -4.499999999999999112 ) ) ;
#4054 = FACE_BOUND ( 'NONE', #3613, .T. ) ;
#4055 = VERTEX_POINT ( 'NONE', #935 ) ;
#4056 = EDGE_CURVE ( 'NONE', #5439, #5316, #3592, .T. ) ;
#4057 = ORIENTED_EDGE ( 'NONE', *, *, #2189, .F. ) ;
#4058 = ORIENTED_EDGE ( 'NONE', *, *, #6636, .F. ) ;
#4059 = CARTESIAN_POINT ( 'NONE',  ( 10.99999999999998224, 2.000000000000000000, 4.599999999999998757 ) ) ;
#4060 = CARTESIAN_POINT ( 'NONE',  ( -8.000000000000007105, 2.700000000000000178, 7.399999999999998579 ) ) ;
#4061 = PLANE ( 'NONE',  #2861 ) ;
#4062 = FACE_OUTER_BOUND ( 'NONE', #7022, .T. ) ;
#4063 = ORIENTED_EDGE ( 'NONE', *, *, #563, .F. ) ;
#4064 = ORIENTED_EDGE ( 'NONE', *, *, #3706, .T. ) ;
#4065 = PLANE ( 'NONE',  #2699 ) ;
#4066 = CARTESIAN_POINT ( 'NONE',  ( -16.50000000000000355, 4.000000000000000000, 12.00000000000000355 ) ) ;
#4067 = DIRECTION ( 'NONE',  ( 0.000000000000000000, 0.000000000000000000, -1.000000000000000000 ) ) ;
#4068 = LINE ( 'NONE', #1337, #4584 ) ;
#4069 = CARTESIAN_POINT ( 'NONE',  ( -51.50000000000000711, 2.000000000000000000, -10.00000000000000000 ) ) ;
#4070 = VECTOR ( 'NONE', #991, 1000.000000000000000 ) ;
#4071 = ORIENTED_EDGE ( 'NONE', *, *, #3123, .T. ) ;
#4072 = DIRECTION ( 'NONE',  ( 1.000000000000000000, -0.000000000000000000, 2.891205793294675861E-16 ) ) ;
#4073 = DIRECTION ( 'NONE',  ( 0.000000000000000000, -1.000000000000000000, 0.000000000000000000 ) ) ;
#4074 = DIRECTION ( 'NONE',  ( -1.000000000000000000, 0.000000000000000000, -0.000000000000000000 ) ) ;
#4075 = VECTOR ( 'NONE', #4951, 1000.000000000000000 ) ;
#4076 = CARTESIAN_POINT ( 'NONE',  ( 3.099999999999991651, 2.700000000000000178, -5.499999999999999112 ) ) ;
#4077 = EDGE_LOOP ( 'NONE', ( #1561, #651, #513, #4900 ) ) ;
#4078 = DIRECTION ( 'NONE',  ( 1.000000000000000000, 0.000000000000000000, -0.000000000000000000 ) ) ;
#4079 = EDGE_LOOP ( 'NONE', ( #5879, #597, #4025, #2570 ) ) ;
#4080 = ADVANCED_FACE ( 'NONE', ( #327 ), #3159, .F. ) ;
#4081 = VECTOR ( 'NONE', #5265, 1000.000000000000000 ) ;
#4082 = EDGE_CURVE ( 'NONE', #2069, #4264, #6331, .T. ) ;
#4083 = EDGE_LOOP ( 'NONE', ( #6175, #5063, #558, #3141 ) ) ;
#4084 = EDGE_CURVE ( 'NONE', #2210, #4396, #966, .T. ) ;
#4085 = DIRECTION ( 'NONE',  ( 0.000000000000000000, 0.000000000000000000, -1.000000000000000000 ) ) ;
#4086 = DIRECTION ( 'NONE',  ( -1.000000000000000000, -0.000000000000000000, -0.000000000000000000 ) ) ;
#4087 = VERTEX_POINT ( 'NONE', #5290 ) ;
#4088 = EDGE_CURVE ( 'NONE', #5279, #578, #4712, .T. ) ;
#4089 = FACE_BOUND ( 'NONE', #2441, .T. ) ;
#4090 = ORIENTED_EDGE ( 'NONE', *, *, #3021, .F. ) ;
#4091 = ORIENTED_EDGE ( 'NONE', *, *, #2649, .F. ) ;
#4092 = VERTEX_POINT ( 'NONE', #5322 ) ;
#4093 = DIRECTION ( 'NONE',  ( 1.000000000000000000, 0.000000000000000000, -0.000000000000000000 ) ) ;
#4094 = LINE ( 'NONE', #1248, #6446 ) ;
#4095 = LINE ( 'NONE', #3984, #4352 ) ;
#4096 = EDGE_CURVE ( 'NONE', #2295, #1301, #3632, .T. ) ;
#4097 = CARTESIAN_POINT ( 'NONE',  ( 29.89999999999998082, 2.700000000000000178, -5.499999999999999112 ) ) ;
#4098 = ORIENTED_EDGE ( 'NONE', *, *, #4875, .T. ) ;
#4099 = ORIENTED_EDGE ( 'NONE', *, *, #4270, .F. ) ;
#4100 = DIRECTION ( 'NONE',  ( -0.000000000000000000, -0.000000000000000000, -1.000000000000000000 ) ) ;
#4101 = DIRECTION ( 'NONE',  ( 1.000000000000000000, -0.000000000000000000, -0.000000000000000000 ) ) ;
#4102 = FACE_OUTER_BOUND ( 'NONE', #4795, .T. ) ;
#4103 = FACE_OUTER_BOUND ( 'NONE', #3114, .T. ) ;
#4104 = LINE ( 'NONE', #2483, #4003 ) ;
#4105 = VERTEX_POINT ( 'NONE', #429 ) ;
#4106 = CARTESIAN_POINT ( 'NONE',  ( 41.89999999999997726, 2.700000000000000178, -4.499999999999999112 ) ) ;
#4107 = LINE ( 'NONE', #2524, #3896 ) ;
#4108 = CYLINDRICAL_SURFACE ( 'NONE', #5753, 2.000000000000000000 ) ;
#4109 = CARTESIAN_POINT ( 'NONE',  ( -2.900000000000013678, 2.700000000000000178, -4.499999999999999112 ) ) ;
#4110 = ORIENTED_EDGE ( 'NONE', *, *, #1752, .T. ) ;
#4111 = LINE ( 'NONE', #5777, #4021 ) ;
#4112 = ORIENTED_EDGE ( 'NONE', *, *, #6416, .T. ) ;
#4113 = EDGE_LOOP ( 'NONE', ( #886, #3980, #3291, #3766 ) ) ;
#4114 = DIRECTION ( 'NONE',  ( 0.000000000000000000, 0.000000000000000000, 1.000000000000000000 ) ) ;
#4115 = CARTESIAN_POINT ( 'NONE',  ( 39.99999999999997868, 2.700000000000000178, 7.399999999999998579 ) ) ;
#4116 = EDGE_CURVE ( 'NONE', #213, #4168, #7020, .T. ) ;
#4117 = PRODUCT_RELATED_PRODUCT_CATEGORY ( 'part', '', ( #1574 ) ) ;
#4118 = CARTESIAN_POINT ( 'NONE',  ( -9.000000000000001776, 3.199999999999999734, -2.500000000000004885 ) ) ;
#4119 = VERTEX_POINT ( 'NONE', #6919 ) ;
#4120 = DIRECTION ( 'NONE',  ( -1.000000000000000000, -0.000000000000000000, -1.445602896647339656E-16 ) ) ;
#4121 = VECTOR ( 'NONE', #2701, 1000.000000000000000 ) ;
#4122 = ORIENTED_EDGE ( 'NONE', *, *, #849, .F. ) ;
#4123 = VERTEX_POINT ( 'NONE', #6471 ) ;
#4124 = VECTOR ( 'NONE', #5726, 1000.000000000000000 ) ;
#4125 = CARTESIAN_POINT ( 'NONE',  ( 21.00000000000000355, 3.199999999999999734, -2.500000000000004885 ) ) ;
#4126 = EDGE_CURVE ( 'NONE', #2961, #1230, #1980, .T. ) ;
#4127 = CARTESIAN_POINT ( 'NONE',  ( -38.90000000000001990, 2.700000000000000178, -5.499999999999999112 ) ) ;
#4128 = CARTESIAN_POINT ( 'NONE',  ( 27.00000000000001066, 3.199999999999999734, 2.499999999999995115 ) ) ;
#4129 = VECTOR ( 'NONE', #6340, 1000.000000000000000 ) ;
#4130 = AXIS2_PLACEMENT_3D ( 'NONE', #5344, #5918, #2640 ) ;
#4131 = CARTESIAN_POINT ( 'NONE',  ( -36.50000000000000711, 0.000000000000000000, 10.00000000000000000 ) ) ;
#4132 = VERTEX_POINT ( 'NONE', #3190 ) ;
#4133 = ORIENTED_EDGE ( 'NONE', *, *, #514, .F. ) ;
#4134 = CARTESIAN_POINT ( 'NONE',  ( -24.10000000000000853, 2.700000000000000178, -4.499999999999999112 ) ) ;
#4135 = VECTOR ( 'NONE', #6643, 1000.000000000000000 ) ;
#4136 = EDGE_CURVE ( 'NONE', #388, #916, #2041, .T. ) ;
#4137 = LINE ( 'NONE', #4565, #5197 ) ;
#4138 = VECTOR ( 'NONE', #2386, 1000.000000000000000 ) ;
#4139 = FACE_OUTER_BOUND ( 'NONE', #1882, .T. ) ;
#4140 = LINE ( 'NONE', #2481, #6500 ) ;
#4141 = LINE ( 'NONE', #903, #2852 ) ;
#4142 = ORIENTED_EDGE ( 'NONE', *, *, #914, .T. ) ;
#4143 = EDGE_CURVE ( 'NONE', #3860, #3000, #2551, .T. ) ;
#4144 = CARTESIAN_POINT ( 'NONE',  ( 23.99999999999999289, 3.199999999999999734, -2.500000000000004441 ) ) ;
#4145 = PLANE ( 'NONE',  #5739 ) ;
#4146 = DIRECTION ( 'NONE',  ( 0.000000000000000000, 0.000000000000000000, -1.000000000000000000 ) ) ;
#4147 = DIRECTION ( 'NONE',  ( 0.000000000000000000, 0.000000000000000000, 1.000000000000000000 ) ) ;
#4148 = VERTEX_POINT ( 'NONE', #5354 ) ;
#4149 = VECTOR ( 'NONE', #2613, 1000.000000000000000 ) ;
#4150 = CARTESIAN_POINT ( 'NONE',  ( 34.99999999999997868, 2.700000000000000178, 4.599999999999998757 ) ) ;
#4151 = EDGE_LOOP ( 'NONE', ( #1117, #6402, #4924, #2042 ) ) ;
#4152 = VERTEX_POINT ( 'NONE', #4131 ) ;
#4153 = EDGE_LOOP ( 'NONE', ( #1160, #4883, #5292, #84 ) ) ;
#4154 =( LENGTH_UNIT ( ) NAMED_UNIT ( * ) SI_UNIT ( .MILLI., .METRE. ) );
#4155 = DIRECTION ( 'NONE',  ( -0.000000000000000000, -1.000000000000000000, -0.000000000000000000 ) ) ;
#4156 = VECTOR ( 'NONE', #4466, 1000.000000000000000 ) ;
#4157 = CARTESIAN_POINT ( 'NONE',  ( -30.10000000000001563, 2.000000000000000000, -4.499999999999999112 ) ) ;
#4158 = ORIENTED_EDGE ( 'NONE', *, *, #262, .T. ) ;
#4159 = LINE ( 'NONE', #389, #2745 ) ;
#4160 = VERTEX_POINT ( 'NONE', #6436 ) ;
#4161 = AXIS2_PLACEMENT_3D ( 'NONE', #306, #6856, #1954 ) ;
#4162 = ORIENTED_EDGE ( 'NONE', *, *, #3243, .F. ) ;
#4163 = DIRECTION ( 'NONE',  ( 1.000000000000000000, -0.000000000000000000, 0.000000000000000000 ) ) ;
#4164 = DIRECTION ( 'NONE',  ( -1.000000000000000000, -0.000000000000000000, -0.000000000000000000 ) ) ;
#4165 = DIRECTION ( 'NONE',  ( 0.000000000000000000, -1.000000000000000000, 0.000000000000000000 ) ) ;
#4166 = DIRECTION ( 'NONE',  ( -0.000000000000000000, -0.000000000000000000, 1.000000000000000000 ) ) ;
#4167 = ORIENTED_EDGE ( 'NONE', *, *, #785, .F. ) ;
#4168 = VERTEX_POINT ( 'NONE', #896 ) ;
#4169 = DIRECTION ( 'NONE',  ( 1.000000000000000000, -0.000000000000000000, -0.000000000000000000 ) ) ;
#4170 = ADVANCED_FACE ( 'NONE', ( #3089 ), #2010, .F. ) ;
#4171 = LINE ( 'NONE', #3667, #3358 ) ;
#4172 = ADVANCED_FACE ( 'NONE', ( #3663 ), #2583, .F. ) ;
#4173 = EDGE_CURVE ( 'NONE', #5669, #4389, #565, .T. ) ;
#4174 = PLANE ( 'NONE',  #4237 ) ;
#4175 = CARTESIAN_POINT ( 'NONE',  ( 35.99999999999997868, 2.700000000000000178, 4.599999999999998757 ) ) ;
#4176 = VECTOR ( 'NONE', #3406, 1000.000000000000000 ) ;
#4177 = ORIENTED_EDGE ( 'NONE', *, *, #2283, .T. ) ;
#4178 = DIRECTION ( 'NONE',  ( 1.000000000000000000, 0.000000000000000000, -0.000000000000000000 ) ) ;
#4179 = LINE ( 'NONE', #874, #1136 ) ;
#4180 = DIRECTION ( 'NONE',  ( -1.000000000000000000, 0.000000000000000000, 3.469446951953613696E-16 ) ) ;
#4181 = EDGE_CURVE ( 'NONE', #578, #1773, #2689, .T. ) ;
#4182 = VECTOR ( 'NONE', #788, 1000.000000000000000 ) ;
#4183 = LINE ( 'NONE', #1480, #2702 ) ;
#4184 = DIRECTION ( 'NONE',  ( -1.000000000000000000, -0.000000000000000000, -1.445602896647337931E-16 ) ) ;
#4185 = ORIENTED_EDGE ( 'NONE', *, *, #4969, .T. ) ;
#4186 = ORIENTED_EDGE ( 'NONE', *, *, #2590, .T. ) ;
#4187 = FACE_OUTER_BOUND ( 'NONE', #5871, .T. ) ;
#4188 = AXIS2_PLACEMENT_3D ( 'NONE', #1562, #7045, #56 ) ;
#4189 = FACE_OUTER_BOUND ( 'NONE', #5016, .T. ) ;
#4190 = ORIENTED_EDGE ( 'NONE', *, *, #4984, .T. ) ;
#4191 = CARTESIAN_POINT ( 'NONE',  ( -44.90000000000001279, 2.700000000000000178, -4.499999999999999112 ) ) ;
#4192 = ORIENTED_EDGE ( 'NONE', *, *, #3301, .T. ) ;
#4193 = LINE ( 'NONE', #4224, #2396 ) ;
#4194 = AXIS2_PLACEMENT_3D ( 'NONE', #5123, #4044, #4507 ) ;
#4195 = ORIENTED_EDGE ( 'NONE', *, *, #6061, .T. ) ;
#4196 = VERTEX_POINT ( 'NONE', #6581 ) ;
#4197 = CARTESIAN_POINT ( 'NONE',  ( -21.00000000000000355, 2.000000000000000000, -2.500000000000004885 ) ) ;
#4198 = DIRECTION ( 'NONE',  ( 3.469446951953613696E-16, 0.000000000000000000, 1.000000000000000000 ) ) ;
#4199 = CARTESIAN_POINT ( 'NONE',  ( 0.000000000000000000, 3.199999999999999734, 0.000000000000000000 ) ) ;
#4200 = CARTESIAN_POINT ( 'NONE',  ( -33.00000000000000000, 3.199999999999999734, -2.500000000000004885 ) ) ;
#4201 = VERTEX_POINT ( 'NONE', #497 ) ;
#4202 = ORIENTED_EDGE ( 'NONE', *, *, #5441, .T. ) ;
#4203 = LINE ( 'NONE', #6811, #4880 ) ;
#4204 = DIRECTION ( 'NONE',  ( -0.000000000000000000, -0.000000000000000000, 1.000000000000000000 ) ) ;
#4205 = ADVANCED_FACE ( 'NONE', ( #6650 ), #1173, .F. ) ;
#4206 = EDGE_CURVE ( 'NONE', #2373, #3936, #2795, .T. ) ;
#4207 = CARTESIAN_POINT ( 'NONE',  ( 47.89999999999997016, 2.700000000000000178, -5.499999999999999112 ) ) ;
#4208 = ADVANCED_FACE ( 'NONE', ( #30 ), #5563, .T. ) ;
#4209 = DIRECTION ( 'NONE',  ( -0.000000000000000000, -0.000000000000000000, 1.000000000000000000 ) ) ;
#4210 = ORIENTED_EDGE ( 'NONE', *, *, #1052, .T. ) ;
#4211 = CARTESIAN_POINT ( 'NONE',  ( -45.00000000000000711, 2.000000000000000000, -2.500000000000004885 ) ) ;
#4212 = ADVANCED_FACE ( 'NONE', ( #3910 ), #642, .T. ) ;
#4213 = CARTESIAN_POINT ( 'NONE',  ( 15.00000000000000000, 2.000000000000000000, 2.499999999999995115 ) ) ;
#4214 = DIRECTION ( 'NONE',  ( 0.000000000000000000, 0.000000000000000000, 1.000000000000000000 ) ) ;
#4215 = PLANE ( 'NONE',  #65 ) ;
#4216 = DIRECTION ( 'NONE',  ( 3.469446951953613696E-16, 0.000000000000000000, -1.000000000000000000 ) ) ;
#4217 = VERTEX_POINT ( 'NONE', #2112 ) ;
#4218 = EDGE_LOOP ( 'NONE', ( #527, #550, #178, #5803 ) ) ;
#4219 = ADVANCED_FACE ( 'NONE', ( #5422 ), #4882, .F. ) ;
#4220 = DIRECTION ( 'NONE',  ( -0.000000000000000000, -1.000000000000000000, -0.000000000000000000 ) ) ;
#4221 = CARTESIAN_POINT ( 'NONE',  ( -38.90000000000001990, 2.700000000000000178, -4.499999999999999112 ) ) ;
#4222 = DIRECTION ( 'NONE',  ( -0.000000000000000000, -0.000000000000000000, 1.000000000000000000 ) ) ;
#4223 = ORIENTED_EDGE ( 'NONE', *, *, #1064, .F. ) ;
#4224 = CARTESIAN_POINT ( 'NONE',  ( -51.50000000000000711, 2.000000000000000000, -10.00000000000000000 ) ) ;
#4225 = ORIENTED_EDGE ( 'NONE', *, *, #6214, .T. ) ;
#4226 = VERTEX_POINT ( 'NONE', #1132 ) ;
#4227 = LINE ( 'NONE', #426, #1772 ) ;
#4228 = FACE_OUTER_BOUND ( 'NONE', #3979, .T. ) ;
#4229 = DIRECTION ( 'NONE',  ( -0.000000000000000000, -1.000000000000000000, -0.000000000000000000 ) ) ;
#4230 = EDGE_CURVE ( 'NONE', #952, #366, #7090, .T. ) ;
#4231 = VECTOR ( 'NONE', #6738, 1000.000000000000000 ) ;
#4232 = CARTESIAN_POINT ( 'NONE',  ( 39.09999999999998010, 2.700000000000000178, -4.499999999999999112 ) ) ;
#4233 = ORIENTED_EDGE ( 'NONE', *, *, #6196, .T. ) ;
#4234 = VERTEX_POINT ( 'NONE', #4987 ) ;
#4235 = DIRECTION ( 'NONE',  ( 0.000000000000000000, -1.000000000000000000, 0.000000000000000000 ) ) ;
#4236 = DIRECTION ( 'NONE',  ( -1.000000000000000000, -0.000000000000000000, -1.445602896647337931E-16 ) ) ;
#4237 = AXIS2_PLACEMENT_3D ( 'NONE', #3023, #5831, #6271 ) ;
#4238 = VECTOR ( 'NONE', #1570, 1000.000000000000000 ) ;
#4239 = DIRECTION ( 'NONE',  ( -1.000000000000000000, 0.000000000000000000, -3.469446951953613696E-16 ) ) ;
#4240 = VECTOR ( 'NONE', #4862, 1000.000000000000000 ) ;
#4241 = FACE_OUTER_BOUND ( 'NONE', #5314, .T. ) ;
#4242 = VECTOR ( 'NONE', #2964, 1000.000000000000000 ) ;
#4243 = ORIENTED_EDGE ( 'NONE', *, *, #2681, .F. ) ;
#4244 = FACE_OUTER_BOUND ( 'NONE', #569, .T. ) ;
#4245 = LINE ( 'NONE', #2993, #5854 ) ;
#4246 = DIRECTION ( 'NONE',  ( -1.000000000000000000, 0.000000000000000000, 0.000000000000000000 ) ) ;
#4247 = VECTOR ( 'NONE', #6631, 1000.000000000000000 ) ;
#4248 = LINE ( 'NONE', #1519, #980 ) ;
#4249 = LINE ( 'NONE', #6999, #6905 ) ;
#4250 = ORIENTED_EDGE ( 'NONE', *, *, #134, .T. ) ;
#4251 = EDGE_LOOP ( 'NONE', ( #374, #2901, #1277, #3092 ) ) ;
#4252 = VECTOR ( 'NONE', #5804, 1000.000000000000000 ) ;
#4253 = EDGE_CURVE ( 'NONE', #534, #5475, #2145, .T. ) ;
#4254 = DIRECTION ( 'NONE',  ( -0.000000000000000000, -0.000000000000000000, -1.000000000000000000 ) ) ;
#4255 = EDGE_CURVE ( 'NONE', #1762, #4659, #6541, .T. ) ;
#4256 = FACE_OUTER_BOUND ( 'NONE', #3789, .T. ) ;
#4257 = VERTEX_POINT ( 'NONE', #3263 ) ;
#4258 = VECTOR ( 'NONE', #3473, 1000.000000000000000 ) ;
#4259 = CARTESIAN_POINT ( 'NONE',  ( -18.10000000000001918, 2.700000000000000178, -5.499999999999999112 ) ) ;
#4260 = ADVANCED_FACE ( 'NONE', ( #2249 ), #6038, .F. ) ;
#4261 = EDGE_LOOP ( 'NONE', ( #5379, #5398, #6533, #2761 ) ) ;
#4262 = DIRECTION ( 'NONE',  ( 1.000000000000000000, 0.000000000000000000, -0.000000000000000000 ) ) ;
#4263 = ORIENTED_EDGE ( 'NONE', *, *, #5546, .F. ) ;
#4264 = VERTEX_POINT ( 'NONE', #5458 ) ;
#4265 = CARTESIAN_POINT ( 'NONE',  ( -44.90000000000001279, 2.000000000000000000, -4.499999999999999112 ) ) ;
#4266 = AXIS2_PLACEMENT_3D ( 'NONE', #2385, #5091, #1349 ) ;
#4267 = LINE ( 'NONE', #6949, #1974 ) ;
#4268 = DIRECTION ( 'NONE',  ( -1.000000000000000000, -0.000000000000000000, -0.000000000000000000 ) ) ;
#4269 = DIRECTION ( 'NONE',  ( -1.000000000000000000, -0.000000000000000000, -1.445602896647339656E-16 ) ) ;
#4270 = EDGE_CURVE ( 'NONE', #2752, #4160, #532, .T. ) ;
#4271 = VECTOR ( 'NONE', #1802, 1000.000000000000000 ) ;
#4272 = ORIENTED_EDGE ( 'NONE', *, *, #1379, .T. ) ;
#4273 = EDGE_LOOP ( 'NONE', ( #6846, #5684, #3570, #2087 ) ) ;
#4274 = DIRECTION ( 'NONE',  ( -0.000000000000000000, -0.000000000000000000, -1.000000000000000000 ) ) ;
#4275 = CARTESIAN_POINT ( 'NONE',  ( -42.10000000000001563, 2.700000000000000178, -5.499999999999999112 ) ) ;
#4276 = DIRECTION ( 'NONE',  ( -1.000000000000000000, -0.000000000000000000, -0.000000000000000000 ) ) ;
#4277 = EDGE_LOOP ( 'NONE', ( #5191, #6644, #6135, #3177 ) ) ;
#4278 = ORIENTED_EDGE ( 'NONE', *, *, #5533, .T. ) ;
#4279 = LINE ( 'NONE', #7064, #6657 ) ;
#4280 = ORIENTED_EDGE ( 'NONE', *, *, #786, .F. ) ;
#4281 = LINE ( 'NONE', #3202, #3700 ) ;
#4282 = DIRECTION ( 'NONE',  ( 1.000000000000000000, -0.000000000000000000, 2.891205793294688680E-16 ) ) ;
#4283 = VECTOR ( 'NONE', #4235, 1000.000000000000000 ) ;
#4284 = LINE ( 'NONE', #4356, #6494 ) ;
#4285 = CARTESIAN_POINT ( 'NONE',  ( 14.99999999999997158, 2.700000000000000178, 4.599999999999998757 ) ) ;
#4286 = VERTEX_POINT ( 'NONE', #4914 ) ;
#4287 = EDGE_LOOP ( 'NONE', ( #5239, #5341, #4683, #5219 ) ) ;
#4288 = PLANE ( 'NONE',  #6931 ) ;
#4289 = CARTESIAN_POINT ( 'NONE',  ( 16.50000000000000355, 4.000000000000000000, -10.00000000000000000 ) ) ;
#4290 = AXIS2_PLACEMENT_3D ( 'NONE', #6577, #4331, #4947 ) ;
#4291 = VERTEX_POINT ( 'NONE', #4375 ) ;
#4292 = PLANE ( 'NONE',  #1082 ) ;
#4293 = EDGE_LOOP ( 'NONE', ( #2703, #5081, #2264, #1185 ) ) ;
#4294 = EDGE_CURVE ( 'NONE', #5446, #2774, #1647, .T. ) ;
#4295 = CARTESIAN_POINT ( 'NONE',  ( -24.00000000000000000, 2.000000000000000000, -2.500000000000004441 ) ) ;
#4296 = ADVANCED_FACE ( 'NONE', ( #2759 ), #5489, .F. ) ;
#4297 = ADVANCED_FACE ( 'NONE', ( #2933 ), #3006, .F. ) ;
#4298 = ORIENTED_EDGE ( 'NONE', *, *, #2468, .F. ) ;
#4299 = VECTOR ( 'NONE', #2539, 1000.000000000000000 ) ;
#4300 = EDGE_LOOP ( 'NONE', ( #3128, #863, #1340, #2960 ) ) ;
#4301 = PLANE ( 'NONE',  #4290 ) ;
#4302 = PLANE ( 'NONE',  #371 ) ;
#4303 = ADVANCED_FACE ( 'NONE', ( #5060, #778, #5673, #5742, #4589, #5132, #2356, #98, #211, #6688, #1242, #675, #4552, #1897, #177, #6797, #5705, #3437, #2281, #2428, #2388, #140, #4054, #6251, #6757, #4089, #5640, #6284, #4484, #5599, #1822, #3541, #2319, #2966, #745, #815, #1864, #1320, #4013, #1754, #3510 ), #5167, .T. ) ;
#4304 = LINE ( 'NONE', #6505, #6894 ) ;
#4305 = VECTOR ( 'NONE', #1696, 1000.000000000000000 ) ;
#4306 = DIRECTION ( 'NONE',  ( -1.000000000000000000, 0.000000000000000000, 0.000000000000000000 ) ) ;
#4307 = ORIENTED_EDGE ( 'NONE', *, *, #3732, .T. ) ;
#4308 = VERTEX_POINT ( 'NONE', #6140 ) ;
#4309 = CARTESIAN_POINT ( 'NONE',  ( 11.89999999999998082, 2.700000000000000178, -4.499999999999999112 ) ) ;
#4310 = DIRECTION ( 'NONE',  ( 0.000000000000000000, 0.000000000000000000, -1.000000000000000000 ) ) ;
#4311 = VECTOR ( 'NONE', #6405, 1000.000000000000000 ) ;
#4312 = ADVANCED_FACE ( 'NONE', ( #6217 ), #4629, .F. ) ;
#4313 = DIRECTION ( 'NONE',  ( 1.000000000000000000, -0.000000000000000000, -0.000000000000000000 ) ) ;
#4314 = PLANE ( 'NONE',  #6204 ) ;
#4315 = ORIENTED_EDGE ( 'NONE', *, *, #4918, .T. ) ;
#4316 = DIRECTION ( 'NONE',  ( 0.000000000000000000, -1.000000000000000000, 0.000000000000000000 ) ) ;
#4317 = ORIENTED_EDGE ( 'NONE', *, *, #3372, .T. ) ;
#4318 = CARTESIAN_POINT ( 'NONE',  ( -8.900000000000019895, 2.700000000000000178, -5.499999999999999112 ) ) ;
#4319 = DIRECTION ( 'NONE',  ( 1.000000000000000000, 0.000000000000000000, 3.469446951953613696E-16 ) ) ;
#4320 = DIRECTION ( 'NONE',  ( 0.000000000000000000, -1.000000000000000000, 0.000000000000000000 ) ) ;
#4321 = CARTESIAN_POINT ( 'NONE',  ( 34.99999999999997868, 2.700000000000000178, 7.399999999999998579 ) ) ;
#4322 = ORIENTED_EDGE ( 'NONE', *, *, #1270, .F. ) ;
#4323 = EDGE_LOOP ( 'NONE', ( #5732, #2930, #274, #422 ) ) ;
#4324 = LINE ( 'NONE', #3283, #3349 ) ;
#4325 = DIRECTION ( 'NONE',  ( -0.000000000000000000, -1.000000000000000000, -0.000000000000000000 ) ) ;
#4326 = DIRECTION ( 'NONE',  ( 0.000000000000000000, 0.000000000000000000, -1.000000000000000000 ) ) ;
#4327 = ORIENTED_EDGE ( 'NONE', *, *, #6596, .T. ) ;
#4328 = CARTESIAN_POINT ( 'NONE',  ( 5.999999999999998224, 3.199999999999999734, -2.500000000000004441 ) ) ;
#4329 = EDGE_LOOP ( 'NONE', ( #3623, #2540, #995, #1971 ) ) ;
#4330 = EDGE_LOOP ( 'NONE', ( #4631, #445, #266, #3002 ) ) ;
#4331 = DIRECTION ( 'NONE',  ( 1.000000000000000000, -0.000000000000000000, 0.000000000000000000 ) ) ;
#4332 = CARTESIAN_POINT ( 'NONE',  ( -6.100000000000021849, 2.700000000000000178, -5.499999999999999112 ) ) ;
#4333 = LINE ( 'NONE', #1100, #4820 ) ;
#4334 = EDGE_CURVE ( 'NONE', #5406, #1301, #3403, .T. ) ;
#4335 = DIRECTION ( 'NONE',  ( -0.000000000000000000, -0.000000000000000000, 1.000000000000000000 ) ) ;
#4336 = ORIENTED_EDGE ( 'NONE', *, *, #5932, .F. ) ;
#4337 = ADVANCED_FACE ( 'NONE', ( #3978 ), #6178, .F. ) ;
#4338 = VERTEX_POINT ( 'NONE', #5919 ) ;
#4339 = CARTESIAN_POINT ( 'NONE',  ( -6.100000000000021849, 2.000000000000000000, -4.499999999999999112 ) ) ;
#4340 = CARTESIAN_POINT ( 'NONE',  ( 33.00000000000000000, 3.199999999999999734, 2.499999999999995115 ) ) ;
#4341 = EDGE_CURVE ( 'NONE', #5512, #3514, #3723, .T. ) ;
#4342 = VECTOR ( 'NONE', #4502, 1000.000000000000000 ) ;
#4343 = EDGE_CURVE ( 'NONE', #4946, #1809, #1391, .T. ) ;
#4344 = LINE ( 'NONE', #1108, #5520 ) ;
#4345 = DIRECTION ( 'NONE',  ( 0.000000000000000000, 0.000000000000000000, -1.000000000000000000 ) ) ;
#4346 = EDGE_CURVE ( 'NONE', #2935, #781, #2462, .T. ) ;
#4347 = VERTEX_POINT ( 'NONE', #2500 ) ;
#4348 = DIRECTION ( 'NONE',  ( -0.000000000000000000, -1.000000000000000000, -0.000000000000000000 ) ) ;
#4349 = VECTOR ( 'NONE', #6882, 1000.000000000000000 ) ;
#4350 = ORIENTED_EDGE ( 'NONE', *, *, #1180, .F. ) ;
#4351 = DIRECTION ( 'NONE',  ( 0.000000000000000000, 0.000000000000000000, 1.000000000000000000 ) ) ;
#4352 = VECTOR ( 'NONE', #6293, 1000.000000000000000 ) ;
#4353 = FACE_OUTER_BOUND ( 'NONE', #6766, .T. ) ;
#4354 = EDGE_CURVE ( 'NONE', #4396, #7049, #4737, .T. ) ;
#4355 = VECTOR ( 'NONE', #3708, 1000.000000000000000 ) ;
#4356 = CARTESIAN_POINT ( 'NONE',  ( -46.50000000000000711, 4.000000000000000000, -10.00000000000000000 ) ) ;
#4357 = VECTOR ( 'NONE', #64, 1000.000000000000000 ) ;
#4358 = AXIS2_PLACEMENT_3D ( 'NONE', #6683, #637, #4725 ) ;
#4359 = ADVANCED_FACE ( 'NONE', ( #3583 ), #1426, .F. ) ;
#4360 = DIRECTION ( 'NONE',  ( -1.000000000000000000, -0.000000000000000000, -1.445602896647344340E-16 ) ) ;
#4361 = VERTEX_POINT ( 'NONE', #352 ) ;
#4362 = EDGE_LOOP ( 'NONE', ( #4982, #435, #556, #6810 ) ) ;
#4363 = VECTOR ( 'NONE', #1274, 1000.000000000000000 ) ;
#4364 = CARTESIAN_POINT ( 'NONE',  ( 39.09999999999998010, 2.700000000000000178, -5.499999999999999112 ) ) ;
#4365 = VECTOR ( 'NONE', #3573, 1000.000000000000000 ) ;
#4366 = DIRECTION ( 'NONE',  ( -0.000000000000000000, -0.000000000000000000, 1.000000000000000000 ) ) ;
#4367 = DIRECTION ( 'NONE',  ( -0.000000000000000000, -0.000000000000000000, 1.000000000000000000 ) ) ;
#4368 = EDGE_LOOP ( 'NONE', ( #3664, #3185, #3503, #5372 ) ) ;
#4369 = DIRECTION ( 'NONE',  ( 1.000000000000000000, -0.000000000000000000, -0.000000000000000000 ) ) ;
#4370 = ORIENTED_EDGE ( 'NONE', *, *, #5835, .T. ) ;
#4371 = VERTEX_POINT ( 'NONE', #986 ) ;
#4372 = CYLINDRICAL_SURFACE ( 'NONE', #2114, 2.000000000000000000 ) ;
#4373 = CARTESIAN_POINT ( 'NONE',  ( -15.00000000000000711, 3.199999999999999734, 2.499999999999995115 ) ) ;
#4374 = DIRECTION ( 'NONE',  ( 1.000000000000000000, -0.000000000000000000, 2.891205793294688680E-16 ) ) ;
#4375 = CARTESIAN_POINT ( 'NONE',  ( 35.99999999999999289, 3.199999999999999734, -2.500000000000004441 ) ) ;
#4376 = VERTEX_POINT ( 'NONE', #2000 ) ;
#4377 = VERTEX_POINT ( 'NONE', #6870 ) ;
#4378 = DIRECTION ( 'NONE',  ( -0.000000000000000000, -1.000000000000000000, -0.000000000000000000 ) ) ;
#4379 = VECTOR ( 'NONE', #2361, 1000.000000000000000 ) ;
#4380 = CARTESIAN_POINT ( 'NONE',  ( -12.00000000000000355, 3.199999999999999734, -2.500000000000004441 ) ) ;
#4381 = CARTESIAN_POINT ( 'NONE',  ( 36.50000000000000711, 0.000000000000000000, -12.00000000000000355 ) ) ;
#4382 = COLOUR_RGB ( '',0.7921568627450980005, 0.8196078431372548767, 0.9333333333333333481 ) ;
#4383 = CARTESIAN_POINT ( 'NONE',  ( 35.99999999999999289, 3.199999999999999734, 2.499999999999996003 ) ) ;
#4384 = PLANE ( 'NONE',  #5287 ) ;
#4385 = ORIENTED_EDGE ( 'NONE', *, *, #1319, .T. ) ;
#4386 = CARTESIAN_POINT ( 'NONE',  ( -0.1000000000000167422, 2.000000000000000000, -4.499999999999999112 ) ) ;
#4387 = EDGE_CURVE ( 'NONE', #837, #990, #5244, .T. ) ;
#4388 = EDGE_CURVE ( 'NONE', #4201, #2501, #956, .T. ) ;
#4389 = VERTEX_POINT ( 'NONE', #6943 ) ;
#4390 = VECTOR ( 'NONE', #5686, 1000.000000000000000 ) ;
#4391 = DIRECTION ( 'NONE',  ( -1.000000000000000000, -0.000000000000000000, -1.445602896647337931E-16 ) ) ;
#4392 = EDGE_CURVE ( 'NONE', #1039, #3728, #7006, .T. ) ;
#4393 = FACE_OUTER_BOUND ( 'NONE', #6491, .T. ) ;
#4394 = CARTESIAN_POINT ( 'NONE',  ( 15.99999999999997335, 2.000000000000000000, 7.399999999999998579 ) ) ;
#4395 = DIRECTION ( 'NONE',  ( -0.000000000000000000, -0.000000000000000000, 1.000000000000000000 ) ) ;
#4396 = VERTEX_POINT ( 'NONE', #5208 ) ;
#4397 = ORIENTED_EDGE ( 'NONE', *, *, #3337, .F. ) ;
#4398 = LINE ( 'NONE', #7075, #3465 ) ;
#4399 = ADVANCED_FACE ( 'NONE', ( #421 ), #2068, .F. ) ;
#4400 = CARTESIAN_POINT ( 'NONE',  ( -32.00000000000001421, 2.700000000000000178, 7.399999999999998579 ) ) ;
#4401 = DIRECTION ( 'NONE',  ( 0.000000000000000000, -1.000000000000000000, 0.000000000000000000 ) ) ;
#4402 = ORIENTED_EDGE ( 'NONE', *, *, #2931, .F. ) ;
#4403 = LINE ( 'NONE', #6610, #3671 ) ;
#4404 = ORIENTED_EDGE ( 'NONE', *, *, #6743, .F. ) ;
#4405 = VECTOR ( 'NONE', #6474, 1000.000000000000000 ) ;
#4406 = EDGE_LOOP ( 'NONE', ( #1642, #5756, #1211, #6352 ) ) ;
#4407 = FACE_OUTER_BOUND ( 'NONE', #5948, .T. ) ;
#4408 = DIRECTION ( 'NONE',  ( 0.000000000000000000, -1.000000000000000000, 0.000000000000000000 ) ) ;
#4409 = CARTESIAN_POINT ( 'NONE',  ( -36.00000000000000711, 3.199999999999999734, -2.500000000000004441 ) ) ;
#4410 = DIRECTION ( 'NONE',  ( 1.000000000000000000, 0.000000000000000000, 3.469446951953613696E-16 ) ) ;
#4411 = VERTEX_POINT ( 'NONE', #3113 ) ;
#4412 = VECTOR ( 'NONE', #1396, 1000.000000000000000 ) ;
#4413 = EDGE_LOOP ( 'NONE', ( #3634, #5734, #4057, #4963 ) ) ;
#4414 = DIRECTION ( 'NONE',  ( 1.000000000000000000, -0.000000000000000000, 0.000000000000000000 ) ) ;
#4415 = DIRECTION ( 'NONE',  ( 0.000000000000000000, 0.000000000000000000, -1.000000000000000000 ) ) ;
#4416 = CARTESIAN_POINT ( 'NONE',  ( 11.99999999999999645, 3.199999999999999734, -2.500000000000004441 ) ) ;
#4417 = VECTOR ( 'NONE', #6460, 1000.000000000000000 ) ;
#4418 = DIRECTION ( 'NONE',  ( -0.000000000000000000, -1.000000000000000000, -0.000000000000000000 ) ) ;
#4419 = LINE ( 'NONE', #687, #3438 ) ;
#4420 = ORIENTED_EDGE ( 'NONE', *, *, #6112, .F. ) ;
#4421 = LINE ( 'NONE', #4386, #7004 ) ;
#4422 = VECTOR ( 'NONE', #1235, 1000.000000000000000 ) ;
#4423 = ORIENTED_EDGE ( 'NONE', *, *, #5139, .T. ) ;
#4424 = CARTESIAN_POINT ( 'NONE',  ( 16.50000000000000355, 0.000000000000000000, 10.00000000000000000 ) ) ;
#4425 = CARTESIAN_POINT ( 'NONE',  ( 16.50000000000000355, 4.000000000000000000, -12.00000000000000355 ) ) ;
#4426 = EDGE_CURVE ( 'NONE', #1698, #3119, #887, .T. ) ;
#4427 = EDGE_CURVE ( 'NONE', #1863, #2210, #5847, .T. ) ;
#4428 = DIRECTION ( 'NONE',  ( -1.000000000000000000, 0.000000000000000000, 0.000000000000000000 ) ) ;
#4429 = CARTESIAN_POINT ( 'NONE',  ( -16.50000000000000355, 0.000000000000000000, -10.00000000000000000 ) ) ;
#4430 = EDGE_CURVE ( 'NONE', #2603, #5700, #6423, .T. ) ;
#4431 = VERTEX_POINT ( 'NONE', #1526 ) ;
#4432 = ORIENTED_EDGE ( 'NONE', *, *, #5727, .F. ) ;
#4433 = CARTESIAN_POINT ( 'NONE',  ( 11.99999999999998224, 2.700000000000000178, 4.599999999999998757 ) ) ;
#4434 = DIRECTION ( 'NONE',  ( -0.000000000000000000, -0.000000000000000000, 1.000000000000000000 ) ) ;
#4435 = CARTESIAN_POINT ( 'NONE',  ( -39.00000000000000711, 3.199999999999999734, 2.499999999999995115 ) ) ;
#4436 = EDGE_LOOP ( 'NONE', ( #3593, #2430, #5827, #399 ) ) ;
#4437 = DIRECTION ( 'NONE',  ( -1.000000000000000000, 0.000000000000000000, -0.000000000000000000 ) ) ;
#4438 = EDGE_CURVE ( 'NONE', #4637, #6954, #283, .T. ) ;
#4439 = ORIENTED_EDGE ( 'NONE', *, *, #3372, .F. ) ;
#4440 = VERTEX_POINT ( 'NONE', #4118 ) ;
#4441 = FACE_OUTER_BOUND ( 'NONE', #3639, .T. ) ;
#4442 = DIRECTION ( 'NONE',  ( -1.000000000000000000, 0.000000000000000000, 3.469446951953613696E-16 ) ) ;
#4443 = CARTESIAN_POINT ( 'NONE',  ( -12.10000000000001386, 2.700000000000000178, -5.499999999999999112 ) ) ;
#4444 = DIRECTION ( 'NONE',  ( -1.000000000000000000, 0.000000000000000000, 0.000000000000000000 ) ) ;
#4445 = ORIENTED_EDGE ( 'NONE', *, *, #1008, .T. ) ;
#4446 = ADVANCED_FACE ( 'NONE', ( #6318 ), #3043, .F. ) ;
#4447 = ORIENTED_EDGE ( 'NONE', *, *, #5889, .F. ) ;
#4448 = PLANE ( 'NONE',  #516 ) ;
#4449 = LINE ( 'NONE', #1651, #5892 ) ;
#4450 = EDGE_CURVE ( 'NONE', #6263, #1755, #4695, .T. ) ;
#4451 = LINE ( 'NONE', #1178, #4011 ) ;
#4452 = EDGE_CURVE ( 'NONE', #1632, #4377, #3622, .T. ) ;
#4453 = CARTESIAN_POINT ( 'NONE',  ( 41.89999999999997726, 2.000000000000000000, -5.499999999999999112 ) ) ;
#4454 = CARTESIAN_POINT ( 'NONE',  ( 35.99999999999999289, 3.199999999999999734, -2.500000000000004441 ) ) ;
#4455 = ORIENTED_EDGE ( 'NONE', *, *, #2677, .F. ) ;
#4456 = CARTESIAN_POINT ( 'NONE',  ( -37.00000000000002132, 2.700000000000000178, 7.399999999999998579 ) ) ;
#4457 = ORIENTED_EDGE ( 'NONE', *, *, #3599, .F. ) ;
#4458 = DIRECTION ( 'NONE',  ( -0.000000000000000000, -0.000000000000000000, -1.000000000000000000 ) ) ;
#4459 = CARTESIAN_POINT ( 'NONE',  ( 47.89999999999997016, 2.000000000000000000, -4.499999999999999112 ) ) ;
#4460 = AXIS2_PLACEMENT_3D ( 'NONE', #2333, #3414, #3989 ) ;
#4461 = CARTESIAN_POINT ( 'NONE',  ( 35.89999999999998437, 2.000000000000000000, -5.499999999999999112 ) ) ;
#4462 = DIRECTION ( 'NONE',  ( 0.000000000000000000, -1.000000000000000000, 0.000000000000000000 ) ) ;
#4463 = EDGE_LOOP ( 'NONE', ( #5461, #4528, #791, #2257 ) ) ;
#4464 = ORIENTED_EDGE ( 'NONE', *, *, #6586, .T. ) ;
#4465 = EDGE_CURVE ( 'NONE', #203, #4132, #4977, .T. ) ;
#4466 = DIRECTION ( 'NONE',  ( -0.000000000000000000, -1.000000000000000000, -0.000000000000000000 ) ) ;
#4467 = VECTOR ( 'NONE', #3008, 1000.000000000000000 ) ;
#4468 = CARTESIAN_POINT ( 'NONE',  ( 10.99999999999998224, 2.700000000000000178, 4.599999999999998757 ) ) ;
#4469 = AXIS2_PLACEMENT_3D ( 'NONE', #4199, #4165, #2614 ) ;
#4470 = CARTESIAN_POINT ( 'NONE',  ( -26.50000000000000711, 2.000000000000000000, -10.00000000000000000 ) ) ;
#4471 = ORIENTED_EDGE ( 'NONE', *, *, #1265, .F. ) ;
#4472 = DIRECTION ( 'NONE',  ( 0.000000000000000000, 0.000000000000000000, -1.000000000000000000 ) ) ;
#4473 = VECTOR ( 'NONE', #3140, 1000.000000000000000 ) ;
#4474 = VERTEX_POINT ( 'NONE', #5375 ) ;
#4475 = EDGE_CURVE ( 'NONE', #5539, #1599, #3182, .T. ) ;
#4476 = EDGE_CURVE ( 'NONE', #4675, #4371, #451, .T. ) ;
#4477 = EDGE_LOOP ( 'NONE', ( #2132, #1392, #5432, #1032 ) ) ;
#4478 = VECTOR ( 'NONE', #1927, 1000.000000000000000 ) ;
#4479 = DIRECTION ( 'NONE',  ( 1.000000000000000000, 0.000000000000000000, 0.000000000000000000 ) ) ;
#4480 = CARTESIAN_POINT ( 'NONE',  ( 33.09999999999998721, 2.000000000000000000, -5.499999999999999112 ) ) ;
#4481 = LINE ( 'NONE', #6686, #1144 ) ;
#4482 = ADVANCED_FACE ( 'NONE', ( #4837 ), #3285, .F. ) ;
#4483 = VECTOR ( 'NONE', #6410, 1000.000000000000000 ) ;
#4484 = FACE_BOUND ( 'NONE', #1577, .T. ) ;
#4485 = ORIENTED_EDGE ( 'NONE', *, *, #46, .T. ) ;
#4486 = ORIENTED_EDGE ( 'NONE', *, *, #6262, .T. ) ;
#4487 = CARTESIAN_POINT ( 'NONE',  ( 36.50000000000000711, 2.000000000000000000, -12.00000000000000000 ) ) ;
#4488 = CARTESIAN_POINT ( 'NONE',  ( 26.50000000000000711, 4.000000000000000000, -12.00000000000000000 ) ) ;
#4489 = LINE ( 'NONE', #1071, #3705 ) ;
#4490 = DIRECTION ( 'NONE',  ( -1.000000000000000000, -0.000000000000000000, 3.469446951953613696E-16 ) ) ;
#4491 = EDGE_CURVE ( 'NONE', #996, #4857, #5447, .T. ) ;
#4492 = AXIS2_PLACEMENT_3D ( 'NONE', #6547, #4415, #2695 ) ;
#4493 = EDGE_LOOP ( 'NONE', ( #4944, #1491, #1375, #5674 ) ) ;
#4494 = CARTESIAN_POINT ( 'NONE',  ( -12.00000000000001066, 2.700000000000000178, 4.599999999999998757 ) ) ;
#4495 = ORIENTED_EDGE ( 'NONE', *, *, #4143, .F. ) ;
#4496 = DIRECTION ( 'NONE',  ( -1.000000000000000000, 0.000000000000000000, 0.000000000000000000 ) ) ;
#4497 = CARTESIAN_POINT ( 'NONE',  ( 5.899999999999988809, 2.700000000000000178, -4.499999999999999112 ) ) ;
#4498 = VECTOR ( 'NONE', #1860, 1000.000000000000000 ) ;
#4499 = DIRECTION ( 'NONE',  ( 0.000000000000000000, 0.000000000000000000, -1.000000000000000000 ) ) ;
#4500 = CARTESIAN_POINT ( 'NONE',  ( 35.89999999999998437, 2.700000000000000178, -4.499999999999999112 ) ) ;
#4501 = VECTOR ( 'NONE', #1913, 1000.000000000000000 ) ;
#4502 = DIRECTION ( 'NONE',  ( -1.000000000000000000, -0.000000000000000000, -0.000000000000000000 ) ) ;
#4503 = EDGE_LOOP ( 'NONE', ( #6947, #1498, #6197, #5469 ) ) ;
#4504 = PLANE ( 'NONE',  #6098 ) ;
#4505 = DIRECTION ( 'NONE',  ( 0.000000000000000000, 0.000000000000000000, -1.000000000000000000 ) ) ;
#4506 = CARTESIAN_POINT ( 'NONE',  ( -12.10000000000001386, 2.700000000000000178, -4.499999999999999112 ) ) ;
#4507 = DIRECTION ( 'NONE',  ( 0.000000000000000000, 0.000000000000000000, 1.000000000000000000 ) ) ;
#4508 = ORIENTED_EDGE ( 'NONE', *, *, #715, .T. ) ;
#4509 = CARTESIAN_POINT ( 'NONE',  ( 39.99999999999997868, 2.700000000000000178, 4.599999999999998757 ) ) ;
#4510 = EDGE_LOOP ( 'NONE', ( #775, #2343, #5117, #2421 ) ) ;
#4511 = ORIENTED_EDGE ( 'NONE', *, *, #2867, .T. ) ;
#4512 = LINE ( 'NONE', #5597, #4258 ) ;
#4513 = DIRECTION ( 'NONE',  ( -1.000000000000000000, -0.000000000000000000, -0.000000000000000000 ) ) ;
#4514 = ADVANCED_FACE ( 'NONE', ( #1018 ), #5516, .F. ) ;
#4515 = ADVANCED_FACE ( 'NONE', ( #2102 ), #6640, .F. ) ;
#4516 = ADVANCED_FACE ( 'NONE', ( #2748 ), #4292, .F. ) ;
#4517 = CARTESIAN_POINT ( 'NONE',  ( 0.000000000000000000, 2.000000000000000000, 0.000000000000000000 ) ) ;
#4518 = EDGE_LOOP ( 'NONE', ( #1892, #5840, #315, #5735 ) ) ;
#4519 = AXIS2_PLACEMENT_3D ( 'NONE', #3981, #2762, #6221 ) ;
#4520 = ORIENTED_EDGE ( 'NONE', *, *, #2766, .F. ) ;
#4521 = DIRECTION ( 'NONE',  ( 0.000000000000000000, -0.000000000000000000, 1.000000000000000000 ) ) ;
#4522 = CARTESIAN_POINT ( 'NONE',  ( -26.50000000000000711, 4.000000000000000000, 12.00000000000000000 ) ) ;
#4523 = EDGE_CURVE ( 'NONE', #6593, #2460, #7109, .T. ) ;
#4524 = DIRECTION ( 'NONE',  ( -0.000000000000000000, -0.000000000000000000, 1.000000000000000000 ) ) ;
#4525 = CARTESIAN_POINT ( 'NONE',  ( 36.50000000000000711, 4.000000000000000000, 12.00000000000000355 ) ) ;
#4526 = VECTOR ( 'NONE', #2544, 1000.000000000000000 ) ;
#4527 = CARTESIAN_POINT ( 'NONE',  ( -46.50000000000000711, 4.000000000000000000, 10.00000000000000000 ) ) ;
#4528 = ORIENTED_EDGE ( 'NONE', *, *, #4523, .F. ) ;
#4529 = DIRECTION ( 'NONE',  ( 1.000000000000000000, -0.000000000000000000, 2.891205793294675861E-16 ) ) ;
#4530 = EDGE_LOOP ( 'NONE', ( #5000, #5565, #3011, #329 ) ) ;
#4531 = CARTESIAN_POINT ( 'NONE',  ( -21.00000000000000355, 3.199999999999999734, -2.500000000000004885 ) ) ;
#4532 = EDGE_CURVE ( 'NONE', #2691, #857, #3865, .T. ) ;
#4533 = CARTESIAN_POINT ( 'NONE',  ( -32.00000000000001421, 2.700000000000000178, 4.599999999999998757 ) ) ;
#4534 = VECTOR ( 'NONE', #2787, 1000.000000000000000 ) ;
#4535 = FACE_OUTER_BOUND ( 'NONE', #6429, .T. ) ;
#4536 = AXIS2_PLACEMENT_3D ( 'NONE', #5078, #5584, #5616 ) ;
#4537 = LINE ( 'NONE', #6741, #5240 ) ;
#4538 = ORIENTED_EDGE ( 'NONE', *, *, #5041, .T. ) ;
#4539 = DIRECTION ( 'NONE',  ( -1.000000000000000000, 0.000000000000000000, 0.000000000000000000 ) ) ;
#4540 = ORIENTED_EDGE ( 'NONE', *, *, #6917, .T. ) ;
#4541 = DIRECTION ( 'NONE',  ( -0.000000000000000000, -0.000000000000000000, -1.000000000000000000 ) ) ;
#4542 = CARTESIAN_POINT ( 'NONE',  ( 0.000000000000000000, 3.199999999999999734, -2.500000000000004441 ) ) ;
#4543 = CARTESIAN_POINT ( 'NONE',  ( -42.00000000000000000, 3.199999999999999734, -2.500000000000004441 ) ) ;
#4544 = LINE ( 'NONE', #5663, #4422 ) ;
#4545 = ORIENTED_EDGE ( 'NONE', *, *, #1135, .T. ) ;
#4546 = CARTESIAN_POINT ( 'NONE',  ( -12.10000000000001386, 2.700000000000000178, -5.499999999999999112 ) ) ;
#4547 = EDGE_CURVE ( 'NONE', #976, #587, #6530, .T. ) ;
#4548 = ORIENTED_EDGE ( 'NONE', *, *, #1486, .T. ) ;
#4549 = ORIENTED_EDGE ( 'NONE', *, *, #4547, .F. ) ;
#4550 = CARTESIAN_POINT ( 'NONE',  ( 21.00000000000000355, 3.199999999999999734, -2.500000000000004885 ) ) ;
#4551 = LINE ( 'NONE', #814, #349 ) ;
#4552 = FACE_BOUND ( 'NONE', #888, .T. ) ;
#4553 = ORIENTED_EDGE ( 'NONE', *, *, #4786, .T. ) ;
#4554 = ORIENTED_EDGE ( 'NONE', *, *, #4532, .F. ) ;
#4555 = CARTESIAN_POINT ( 'NONE',  ( 41.99999999999999289, 3.199999999999999734, -2.500000000000004441 ) ) ;
#4556 = DIRECTION ( 'NONE',  ( -0.000000000000000000, -0.000000000000000000, 1.000000000000000000 ) ) ;
#4557 = ADVANCED_FACE ( 'NONE', ( #1092 ), #7078, .F. ) ;
#4558 = CARTESIAN_POINT ( 'NONE',  ( -12.00000000000000355, 2.000000000000000000, 2.499999999999996003 ) ) ;
#4559 = CARTESIAN_POINT ( 'NONE',  ( -9.000000000000007105, 2.700000000000000178, 7.399999999999998579 ) ) ;
#4560 = CARTESIAN_POINT ( 'NONE',  ( 5.999999999999998224, 2.000000000000000000, 2.499999999999996003 ) ) ;
#4561 = ORIENTED_EDGE ( 'NONE', *, *, #133, .T. ) ;
#4562 = EDGE_LOOP ( 'NONE', ( #3335, #5629, #2942, #3334 ) ) ;
#4563 = CARTESIAN_POINT ( 'NONE',  ( -26.90000000000000568, 2.000000000000000000, -4.499999999999999112 ) ) ;
#4564 = ADVANCED_FACE ( 'NONE', ( #1057 ), #3253, .F. ) ;
#4565 = CARTESIAN_POINT ( 'NONE',  ( -8.900000000000019895, 2.000000000000000000, -4.499999999999999112 ) ) ;
#4566 = EDGE_CURVE ( 'NONE', #3504, #3540, #4904, .T. ) ;
#4567 = CARTESIAN_POINT ( 'NONE',  ( -3.000000000000002665, 2.000000000000000000, -2.500000000000004885 ) ) ;
#4568 = EDGE_CURVE ( 'NONE', #1962, #2489, #6572, .T. ) ;
#4569 = DIRECTION ( 'NONE',  ( -0.000000000000000000, -0.000000000000000000, -1.000000000000000000 ) ) ;
#4570 = CARTESIAN_POINT ( 'NONE',  ( 36.50000000000000711, 0.000000000000000000, 10.00000000000000000 ) ) ;
#4571 = ORIENTED_EDGE ( 'NONE', *, *, #6388, .F. ) ;
#4572 = ORIENTED_EDGE ( 'NONE', *, *, #2229, .T. ) ;
#4573 = CARTESIAN_POINT ( 'NONE',  ( -0.1000000000000167422, 2.000000000000000000, -5.499999999999999112 ) ) ;
#4574 = ADVANCED_FACE ( 'NONE', ( #3897 ), #3320, .F. ) ;
#4575 = LINE ( 'NONE', #6129, #1149 ) ;
#4576 = AXIS2_PLACEMENT_3D ( 'NONE', #1004, #3852, #5975 ) ;
#4577 = EDGE_CURVE ( 'NONE', #5706, #1857, #1306, .T. ) ;
#4578 = CARTESIAN_POINT ( 'NONE',  ( -36.00000000000002132, 2.700000000000000178, 7.399999999999998579 ) ) ;
#4579 = VERTEX_POINT ( 'NONE', #3500 ) ;
#4580 = CARTESIAN_POINT ( 'NONE',  ( 53.50000000000000711, 0.000000000000000000, 10.00000000000000000 ) ) ;
#4581 = VERTEX_POINT ( 'NONE', #1272 ) ;
#4582 = ORIENTED_EDGE ( 'NONE', *, *, #1706, .T. ) ;
#4583 = VERTEX_POINT ( 'NONE', #2348 ) ;
#4584 = VECTOR ( 'NONE', #835, 1000.000000000000000 ) ;
#4585 = CARTESIAN_POINT ( 'NONE',  ( -5.999999999999998224, 2.000000000000000000, 2.499999999999996003 ) ) ;
#4586 = AXIS2_PLACEMENT_3D ( 'NONE', #5421, #963, #3155 ) ;
#4587 = CARTESIAN_POINT ( 'NONE',  ( -33.00000000000001421, 2.700000000000000178, 4.599999999999998757 ) ) ;
#4588 = VERTEX_POINT ( 'NONE', #630 ) ;
#4589 = FACE_BOUND ( 'NONE', #5880, .T. ) ;
#4590 = VECTOR ( 'NONE', #6490, 1000.000000000000000 ) ;
#4591 = ORIENTED_EDGE ( 'NONE', *, *, #7041, .F. ) ;
#4592 = VECTOR ( 'NONE', #3651, 1000.000000000000000 ) ;
#4593 = EDGE_LOOP ( 'NONE', ( #4158, #5650, #5933, #818 ) ) ;
#4594 = ORIENTED_EDGE ( 'NONE', *, *, #6470, .F. ) ;
#4595 = CARTESIAN_POINT ( 'NONE',  ( 36.50000000000000711, 4.000000000000000000, 10.00000000000000000 ) ) ;
#4596 = LINE ( 'NONE', #6805, #6571 ) ;
#4597 = DIRECTION ( 'NONE',  ( 0.000000000000000000, 0.000000000000000000, -1.000000000000000000 ) ) ;
#4598 = AXIS2_PLACEMENT_3D ( 'NONE', #6381, #4246, #378 ) ;
#4599 = CARTESIAN_POINT ( 'NONE',  ( -16.50000000000000355, 4.000000000000000000, 10.00000000000000000 ) ) ;
#4600 = EDGE_LOOP ( 'NONE', ( #1990, #5172, #2208, #524 ) ) ;
#4601 = ORIENTED_EDGE ( 'NONE', *, *, #4830, .T. ) ;
#4602 = CARTESIAN_POINT ( 'NONE',  ( -2.900000000000013678, 2.000000000000000000, -4.499999999999999112 ) ) ;
#4603 = AXIS2_PLACEMENT_3D ( 'NONE', #2190, #3812, #72 ) ;
#4604 = FACE_OUTER_BOUND ( 'NONE', #759, .T. ) ;
#4605 = CARTESIAN_POINT ( 'NONE',  ( -8.900000000000019895, 2.700000000000000178, -4.499999999999999112 ) ) ;
#4606 = AXIS2_PLACEMENT_3D ( 'NONE', #3328, #5523, #600 ) ;
#4607 = EDGE_CURVE ( 'NONE', #6095, #1909, #1852, .T. ) ;
#4608 = EDGE_CURVE ( 'NONE', #33, #3588, #4544, .T. ) ;
#4609 = CARTESIAN_POINT ( 'NONE',  ( -21.00000000000000355, 3.199999999999999734, -2.500000000000004885 ) ) ;
#4610 = ADVANCED_FACE ( 'NONE', ( #6749 ), #5697, .F. ) ;
#4611 = CARTESIAN_POINT ( 'NONE',  ( 35.99999999999999289, 2.000000000000000000, -2.500000000000004441 ) ) ;
#4612 = VERTEX_POINT ( 'NONE', #202 ) ;
#4613 = AXIS2_PLACEMENT_3D ( 'NONE', #1088, #3862, #6055 ) ;
#4614 = DIRECTION ( 'NONE',  ( -0.000000000000000000, -1.000000000000000000, -0.000000000000000000 ) ) ;
#4615 = ADVANCED_FACE ( 'NONE', ( #2380 ), #5591, .F. ) ;
#4616 = DIRECTION ( 'NONE',  ( 0.000000000000000000, -1.000000000000000000, 0.000000000000000000 ) ) ;
#4617 = DIRECTION ( 'NONE',  ( 0.000000000000000000, 0.000000000000000000, -1.000000000000000000 ) ) ;
#4618 = VECTOR ( 'NONE', #1767, 1000.000000000000000 ) ;
#4619 = CARTESIAN_POINT ( 'NONE',  ( 26.50000000000000711, 4.000000000000000000, 10.00000000000000000 ) ) ;
#4620 = ORIENTED_EDGE ( 'NONE', *, *, #4825, .F. ) ;
#4621 = DIRECTION ( 'NONE',  ( -0.000000000000000000, -0.000000000000000000, 1.000000000000000000 ) ) ;
#4622 = ORIENTED_EDGE ( 'NONE', *, *, #4294, .T. ) ;
#4623 = ORIENTED_EDGE ( 'NONE', *, *, #111, .T. ) ;
#4624 = EDGE_CURVE ( 'NONE', #2459, #1575, #705, .T. ) ;
#4625 = CIRCLE ( 'NONE', #1872, 2.000000000000001776 ) ;
#4626 = CARTESIAN_POINT ( 'NONE',  ( 16.50000000000000355, 0.000000000000000000, 12.00000000000000355 ) ) ;
#4627 = CARTESIAN_POINT ( 'NONE',  ( 23.99999999999999289, 3.199999999999999734, -2.500000000000004441 ) ) ;
#4628 = EDGE_LOOP ( 'NONE', ( #648, #1963, #4091, #2857 ) ) ;
#4629 = PLANE ( 'NONE',  #6612 ) ;
#4630 = ORIENTED_EDGE ( 'NONE', *, *, #629, .F. ) ;
#4631 = ORIENTED_EDGE ( 'NONE', *, *, #3734, .T. ) ;
#4632 = ORIENTED_EDGE ( 'NONE', *, *, #1411, .F. ) ;
#4633 = LINE ( 'NONE', #5135, #3151 ) ;
#4634 = CARTESIAN_POINT ( 'NONE',  ( 2.999999999999995559, 3.199999999999999734, 2.499999999999995115 ) ) ;
#4635 = DIRECTION ( 'NONE',  ( 0.000000000000000000, 0.000000000000000000, 1.000000000000000000 ) ) ;
#4636 = DIRECTION ( 'NONE',  ( 0.000000000000000000, 0.000000000000000000, -1.000000000000000000 ) ) ;
#4637 = VERTEX_POINT ( 'NONE', #2957 ) ;
#4638 = ORIENTED_EDGE ( 'NONE', *, *, #4654, .F. ) ;
#4639 = DIRECTION ( 'NONE',  ( -0.000000000000000000, -1.000000000000000000, -0.000000000000000000 ) ) ;
#4640 = CARTESIAN_POINT ( 'NONE',  ( -36.50000000000000711, 2.000000000000000000, 10.00000000000000000 ) ) ;
#4641 = VECTOR ( 'NONE', #7086, 1000.000000000000000 ) ;
#4642 = CARTESIAN_POINT ( 'NONE',  ( 9.099999999999983658, 2.000000000000000000, -5.499999999999999112 ) ) ;
#4643 = PLANE ( 'NONE',  #1716 ) ;
#4644 = DIRECTION ( 'NONE',  ( -0.000000000000000000, 0.000000000000000000, -1.000000000000000000 ) ) ;
#4645 = AXIS2_PLACEMENT_3D ( 'NONE', #2900, #1282, #3475 ) ;
#4646 = ORIENTED_EDGE ( 'NONE', *, *, #3732, .F. ) ;
#4647 = CARTESIAN_POINT ( 'NONE',  ( 0.000000000000000000, 3.199999999999999734, 2.499999999999996003 ) ) ;
#4648 = EDGE_CURVE ( 'NONE', #1220, #7114, #2417, .T. ) ;
#4649 = LINE ( 'NONE', #6858, #4930 ) ;
#4650 = ADVANCED_FACE ( 'NONE', ( #6787 ), #3428, .F. ) ;
#4651 = CARTESIAN_POINT ( 'NONE',  ( -39.00000000000000711, 3.199999999999999734, -2.500000000000004885 ) ) ;
#4652 = VECTOR ( 'NONE', #4763, 1000.000000000000000 ) ;
#4653 = CARTESIAN_POINT ( 'NONE',  ( 16.50000000000000000, 0.000000000000000000, 10.00000000000000000 ) ) ;
#4654 = EDGE_CURVE ( 'NONE', #6454, #3504, #238, .T. ) ;
#4655 = ORIENTED_EDGE ( 'NONE', *, *, #221, .F. ) ;
#4656 = LINE ( 'NONE', #1923, #3791 ) ;
#4657 = ORIENTED_EDGE ( 'NONE', *, *, #5113, .F. ) ;
#4658 = VECTOR ( 'NONE', #129, 1000.000000000000000 ) ;
#4659 = VERTEX_POINT ( 'NONE', #2889 ) ;
#4660 = EDGE_CURVE ( 'NONE', #2691, #1953, #6170, .T. ) ;
#4661 = PLANE ( 'NONE',  #6808 ) ;
#4662 = CARTESIAN_POINT ( 'NONE',  ( 38.99999999999997868, 2.000000000000000000, 4.599999999999998757 ) ) ;
#4663 = DIRECTION ( 'NONE',  ( 1.000000000000000000, -0.000000000000000000, -0.000000000000000000 ) ) ;
#4664 = EDGE_CURVE ( 'NONE', #2501, #5849, #6676, .T. ) ;
#4665 = EDGE_LOOP ( 'NONE', ( #960, #2714, #3127, #3939 ) ) ;
#4666 = DIRECTION ( 'NONE',  ( -0.000000000000000000, -1.000000000000000000, -0.000000000000000000 ) ) ;
#4667 = EDGE_LOOP ( 'NONE', ( #5405, #7038, #6171, #5863 ) ) ;
#4668 = VERTEX_POINT ( 'NONE', #1888 ) ;
#4669 = DIRECTION ( 'NONE',  ( 0.000000000000000000, 0.000000000000000000, -1.000000000000000000 ) ) ;
#4670 = CARTESIAN_POINT ( 'NONE',  ( 0.000000000000000000, 3.199999999999999734, 0.000000000000000000 ) ) ;
#4671 = PLANE ( 'NONE',  #343 ) ;
#4672 = LINE ( 'NONE', #6294, #3843 ) ;
#4673 = EDGE_CURVE ( 'NONE', #5792, #5166, #5085, .T. ) ;
#4674 = ORIENTED_EDGE ( 'NONE', *, *, #2096, .T. ) ;
#4675 = VERTEX_POINT ( 'NONE', #165 ) ;
#4676 = CARTESIAN_POINT ( 'NONE',  ( 21.09999999999998010, 2.700000000000000178, -4.499999999999999112 ) ) ;
#4677 = LINE ( 'NONE', #6883, #6697 ) ;
#4678 = EDGE_CURVE ( 'NONE', #716, #3108, #5553, .T. ) ;
#4679 = ADVANCED_FACE ( 'NONE', ( #3466 ), #737, .F. ) ;
#4680 = LINE ( 'NONE', #1914, #3798 ) ;
#4681 = CARTESIAN_POINT ( 'NONE',  ( 3.099999999999991651, 2.700000000000000178, -5.499999999999999112 ) ) ;
#4682 = FACE_OUTER_BOUND ( 'NONE', #3354, .T. ) ;
#4683 = ORIENTED_EDGE ( 'NONE', *, *, #6161, .T. ) ;
#4684 = LINE ( 'NONE', #5017, #6857 ) ;
#4685 = LINE ( 'NONE', #339, #6543 ) ;
#4686 = DIRECTION ( 'NONE',  ( 1.000000000000000000, 0.000000000000000000, -0.000000000000000000 ) ) ;
#4687 = LINE ( 'NONE', #6893, #1441 ) ;
#4688 = VERTEX_POINT ( 'NONE', #4470 ) ;
#4689 = LINE ( 'NONE', #1421, #4716 ) ;
#4690 = ORIENTED_EDGE ( 'NONE', *, *, #6615, .T. ) ;
#4691 = EDGE_LOOP ( 'NONE', ( #4903, #3077, #160, #6847 ) ) ;
#4692 = PRESENTATION_STYLE_ASSIGNMENT (( #5273 ) ) ;
#4693 = VECTOR ( 'NONE', #6189, 1000.000000000000000 ) ;
#4694 = LINE ( 'NONE', #1967, #5970 ) ;
#4695 = LINE ( 'NONE', #6904, #4874 ) ;
#4696 = VERTEX_POINT ( 'NONE', #5012 ) ;
#4697 = EDGE_CURVE ( 'NONE', #446, #2469, #89, .T. ) ;
#4698 = DIRECTION ( 'NONE',  ( -0.000000000000000000, -1.000000000000000000, -0.000000000000000000 ) ) ;
#4699 = VECTOR ( 'NONE', #6955, 1000.000000000000000 ) ;
#4700 = ADVANCED_FACE ( 'NONE', ( #2057 ), #6349, .F. ) ;
#4701 = EDGE_CURVE ( 'NONE', #231, #6840, #6277, .T. ) ;
#4702 = ORIENTED_EDGE ( 'NONE', *, *, #2649, .T. ) ;
#4703 =( NAMED_UNIT ( * ) SI_UNIT ( $, .STERADIAN. ) SOLID_ANGLE_UNIT ( ) );
#4704 = ORIENTED_EDGE ( 'NONE', *, *, #5043, .F. ) ;
#4705 = VECTOR ( 'NONE', #610, 1000.000000000000000 ) ;
#4706 = DIRECTION ( 'NONE',  ( 1.000000000000000000, 0.000000000000000000, -0.000000000000000000 ) ) ;
#4707 = CARTESIAN_POINT ( 'NONE',  ( -51.50000000000000711, 2.000000000000000000, 10.00000000000000000 ) ) ;
#4708 = ADVANCED_FACE ( 'NONE', ( #6308 ), #4215, .F. ) ;
#4709 = DIRECTION ( 'NONE',  ( 1.000000000000000000, -0.000000000000000000, -0.000000000000000000 ) ) ;
#4710 = VECTOR ( 'NONE', #3850, 1000.000000000000000 ) ;
#4711 = VECTOR ( 'NONE', #4975, 1000.000000000000000 ) ;
#4712 = LINE ( 'NONE', #4847, #6375 ) ;
#4713 = ORIENTED_EDGE ( 'NONE', *, *, #5643, .T. ) ;
#4714 = ORIENTED_EDGE ( 'NONE', *, *, #5487, .F. ) ;
#4715 = DIRECTION ( 'NONE',  ( -0.000000000000000000, -1.000000000000000000, -0.000000000000000000 ) ) ;
#4716 = VECTOR ( 'NONE', #2026, 1000.000000000000000 ) ;
#4717 = DIRECTION ( 'NONE',  ( 1.000000000000000000, 0.000000000000000000, 0.000000000000000000 ) ) ;
#4718 = AXIS2_PLACEMENT_3D ( 'NONE', #2487, #2052, #4146 ) ;
#4719 = EDGE_CURVE ( 'NONE', #2774, #2961, #413, .T. ) ;
#4720 = LINE ( 'NONE', #1879, #1256 ) ;
#4721 = VECTOR ( 'NONE', #1827, 1000.000000000000000 ) ;
#4722 = VECTOR ( 'NONE', #3881, 1000.000000000000000 ) ;
#4723 = CARTESIAN_POINT ( 'NONE',  ( 39.00000000000000711, 3.199999999999999734, -2.500000000000004885 ) ) ;
#4724 = ORIENTED_EDGE ( 'NONE', *, *, #787, .F. ) ;
#4725 = DIRECTION ( 'NONE',  ( 1.000000000000000000, 0.000000000000000000, 3.469446951953613696E-16 ) ) ;
#4726 = DIRECTION ( 'NONE',  ( 1.000000000000000000, 0.000000000000000000, 3.469446951953613696E-16 ) ) ;
#4727 = CARTESIAN_POINT ( 'NONE',  ( 38.99999999999997868, 2.700000000000000178, 4.599999999999998757 ) ) ;
#4728 = CARTESIAN_POINT ( 'NONE',  ( -44.90000000000001279, 2.700000000000000178, -5.499999999999999112 ) ) ;
#4729 = AXIS2_PLACEMENT_3D ( 'NONE', #2650, #6432, #5926 ) ;
#4730 = DIRECTION ( 'NONE',  ( -0.000000000000000000, -0.000000000000000000, -1.000000000000000000 ) ) ;
#4731 = ORIENTED_EDGE ( 'NONE', *, *, #1898, .T. ) ;
#4732 = ORIENTED_EDGE ( 'NONE', *, *, #6507, .F. ) ;
#4733 = ADVANCED_FACE ( 'NONE', ( #5838 ), #3533, .F. ) ;
#4734 =( NAMED_UNIT ( * ) SI_UNIT ( $, .STERADIAN. ) SOLID_ANGLE_UNIT ( ) );
#4735 = FACE_OUTER_BOUND ( 'NONE', #5169, .T. ) ;
#4736 = VECTOR ( 'NONE', #4073, 1000.000000000000000 ) ;
#4737 = LINE ( 'NONE', #6392, #293 ) ;
#4738 = ORIENTED_EDGE ( 'NONE', *, *, #4568, .F. ) ;
#4739 = FACE_OUTER_BOUND ( 'NONE', #2067, .T. ) ;
#4740 = ORIENTED_EDGE ( 'NONE', *, *, #6427, .T. ) ;
#4741 = VECTOR ( 'NONE', #978, 1000.000000000000000 ) ;
#4742 = ORIENTED_EDGE ( 'NONE', *, *, #4980, .T. ) ;
#4743 = CARTESIAN_POINT ( 'NONE',  ( -13.00000000000001066, 2.000000000000000000, 7.399999999999998579 ) ) ;
#4744 = FACE_OUTER_BOUND ( 'NONE', #1110, .T. ) ;
#4745 = CARTESIAN_POINT ( 'NONE',  ( -32.90000000000001279, 2.700000000000000178, -5.499999999999999112 ) ) ;
#4746 = EDGE_CURVE ( 'NONE', #734, #6220, #342, .T. ) ;
#4747 = EDGE_CURVE ( 'NONE', #801, #1599, #3645, .T. ) ;
#4748 = ADVANCED_FACE ( 'NONE', ( #3574 ), #6970, .F. ) ;
#4749 = DIRECTION ( 'NONE',  ( 0.000000000000000000, 0.000000000000000000, -1.000000000000000000 ) ) ;
#4750 = ORIENTED_EDGE ( 'NONE', *, *, #2767, .F. ) ;
#4751 = EDGE_CURVE ( 'NONE', #1051, #5980, #3139, .T. ) ;
#4752 = VERTEX_POINT ( 'NONE', #807 ) ;
#4753 = CARTESIAN_POINT ( 'NONE',  ( -6.100000000000021849, 2.000000000000000000, -4.499999999999999112 ) ) ;
#4754 = DIRECTION ( 'NONE',  ( 1.000000000000000000, 0.000000000000000000, -0.000000000000000000 ) ) ;
#4755 = LINE ( 'NONE', #6372, #301 ) ;
#4756 = EDGE_CURVE ( 'NONE', #614, #5700, #2600, .T. ) ;
#4757 = PLANE ( 'NONE',  #6535 ) ;
#4758 = VERTEX_POINT ( 'NONE', #3067 ) ;
#4759 = CARTESIAN_POINT ( 'NONE',  ( 27.09999999999998366, 2.000000000000000000, -5.499999999999999112 ) ) ;
#4760 = DIRECTION ( 'NONE',  ( 0.000000000000000000, 0.000000000000000000, -1.000000000000000000 ) ) ;
#4761 = DIRECTION ( 'NONE',  ( 0.000000000000000000, 0.000000000000000000, -1.000000000000000000 ) ) ;
#4762 = AXIS2_PLACEMENT_3D ( 'NONE', #6261, #6733, #2976 ) ;
#4763 = DIRECTION ( 'NONE',  ( -0.000000000000000000, -1.000000000000000000, -0.000000000000000000 ) ) ;
#4764 = CARTESIAN_POINT ( 'NONE',  ( -3.000000000000002665, 3.199999999999999734, 2.499999999999995115 ) ) ;
#4765 = EDGE_LOOP ( 'NONE', ( #3883, #3657, #779, #2235 ) ) ;
#4766 = ORIENTED_EDGE ( 'NONE', *, *, #3596, .T. ) ;
#4767 = AXIS2_PLACEMENT_3D ( 'NONE', #3367, #4306, #2215 ) ;
#4768 = LINE ( 'NONE', #3110, #5397 ) ;
#4769 = VERTEX_POINT ( 'NONE', #273 ) ;
#4770 = DIRECTION ( 'NONE',  ( 1.000000000000000000, -0.000000000000000000, -0.000000000000000000 ) ) ;
#4771 = ORIENTED_EDGE ( 'NONE', *, *, #2322, .T. ) ;
#4772 = LINE ( 'NONE', #7048, #566 ) ;
#4773 = VECTOR ( 'NONE', #5731, 1000.000000000000000 ) ;
#4774 = VERTEX_POINT ( 'NONE', #878 ) ;
#4775 = EDGE_LOOP ( 'NONE', ( #4015, #4397, #4322, #4045 ) ) ;
#4776 = PLANE ( 'NONE',  #55 ) ;
#4777 = DIRECTION ( 'NONE',  ( 1.000000000000000000, 0.000000000000000000, 1.445602896647344340E-16 ) ) ;
#4778 = FACE_OUTER_BOUND ( 'NONE', #4273, .T. ) ;
#4779 = DIRECTION ( 'NONE',  ( 0.000000000000000000, -1.000000000000000000, 0.000000000000000000 ) ) ;
#4780 = EDGE_LOOP ( 'NONE', ( #1818, #6357, #3842, #2803 ) ) ;
#4781 = VERTEX_POINT ( 'NONE', #4653 ) ;
#4782 = CARTESIAN_POINT ( 'NONE',  ( -39.00000000000000711, 3.199999999999999734, 2.499999999999995115 ) ) ;
#4783 = PLANE ( 'NONE',  #4848 ) ;
#4784 = CARTESIAN_POINT ( 'NONE',  ( 27.00000000000001066, 3.199999999999999734, -2.500000000000004885 ) ) ;
#4785 = DIRECTION ( 'NONE',  ( 0.000000000000000000, -1.000000000000000000, 0.000000000000000000 ) ) ;
#4786 = EDGE_CURVE ( 'NONE', #2418, #6255, #842, .T. ) ;
#4787 = EDGE_CURVE ( 'NONE', #3758, #2753, #4183, .T. ) ;
#4788 = VERTEX_POINT ( 'NONE', #5303 ) ;
#4789 = FACE_OUTER_BOUND ( 'NONE', #2868, .T. ) ;
#4790 = CARTESIAN_POINT ( 'NONE',  ( 5.899999999999988809, 2.700000000000000178, -4.499999999999999112 ) ) ;
#4791 = EDGE_CURVE ( 'NONE', #5980, #1762, #5876, .T. ) ;
#4792 = DIRECTION ( 'NONE',  ( 0.000000000000000000, -1.000000000000000000, 0.000000000000000000 ) ) ;
#4793 = CARTESIAN_POINT ( 'NONE',  ( -0.1000000000000167422, 2.000000000000000000, -5.499999999999999112 ) ) ;
#4794 = CARTESIAN_POINT ( 'NONE',  ( 29.89999999999998082, 2.700000000000000178, -4.499999999999999112 ) ) ;
#4795 = EDGE_LOOP ( 'NONE', ( #2734, #3752, #3628, #6046 ) ) ;
#4796 = EDGE_LOOP ( 'NONE', ( #2399, #6480, #296, #6063 ) ) ;
#4797 = LINE ( 'NONE', #2497, #4955 ) ;
#4798 = ADVANCED_FACE ( 'NONE', ( #2528 ), #2455, .F. ) ;
#4799 = DIRECTION ( 'NONE',  ( 1.000000000000000000, 0.000000000000000000, -0.000000000000000000 ) ) ;
#4800 = DIRECTION ( 'NONE',  ( -1.000000000000000000, 0.000000000000000000, 0.000000000000000000 ) ) ;
#4801 = ORIENTED_EDGE ( 'NONE', *, *, #6596, .F. ) ;
#4802 = CARTESIAN_POINT ( 'NONE',  ( -37.00000000000002132, 2.700000000000000178, 4.599999999999998757 ) ) ;
#4803 = VERTEX_POINT ( 'NONE', #380 ) ;
#4804 = VERTEX_POINT ( 'NONE', #4728 ) ;
#4805 = PLANE ( 'NONE',  #2227 ) ;
#4806 = PLANE ( 'NONE',  #1044 ) ;
#4807 = FACE_OUTER_BOUND ( 'NONE', #1174, .T. ) ;
#4808 = VECTOR ( 'NONE', #6701, 1000.000000000000000 ) ;
#4809 = PLANE ( 'NONE',  #3269 ) ;
#4810 = VERTEX_POINT ( 'NONE', #2567 ) ;
#4811 = ORIENTED_EDGE ( 'NONE', *, *, #1379, .F. ) ;
#4812 = LINE ( 'NONE', #5901, #5216 ) ;
#4813 = DIRECTION ( 'NONE',  ( -0.000000000000000000, -1.000000000000000000, -0.000000000000000000 ) ) ;
#4814 = AXIS2_PLACEMENT_3D ( 'NONE', #58, #1674, #1059 ) ;
#4815 = AXIS2_PLACEMENT_3D ( 'NONE', #3031, #2450, #4760 ) ;
#4816 = LINE ( 'NONE', #2121, #4710 ) ;
#4817 = AXIS2_PLACEMENT_3D ( 'NONE', #1855, #1744, #6209 ) ;
#4818 = ORIENTED_EDGE ( 'NONE', *, *, #2899, .F. ) ;
#4819 = LINE ( 'NONE', #3745, #3888 ) ;
#4820 = VECTOR ( 'NONE', #1066, 1000.000000000000000 ) ;
#4821 = ORIENTED_EDGE ( 'NONE', *, *, #1284, .F. ) ;
#4822 = DIRECTION ( 'NONE',  ( -1.000000000000000000, 0.000000000000000000, -0.000000000000000000 ) ) ;
#4823 = CARTESIAN_POINT ( 'NONE',  ( 0.000000000000000000, 3.199999999999999734, 0.000000000000000000 ) ) ;
#4824 = EDGE_CURVE ( 'NONE', #5974, #854, #4687, .T. ) ;
#4825 = EDGE_CURVE ( 'NONE', #446, #6060, #4284, .T. ) ;
#4826 = EDGE_CURVE ( 'NONE', #4411, #5574, #2199, .T. ) ;
#4827 = AXIS2_PLACEMENT_3D ( 'NONE', #1740, #3498, #2887 ) ;
#4828 = FACE_OUTER_BOUND ( 'NONE', #967, .T. ) ;
#4829 = CARTESIAN_POINT ( 'NONE',  ( 15.99999999999997335, 2.700000000000000178, 4.599999999999998757 ) ) ;
#4830 = EDGE_CURVE ( 'NONE', #1420, #4688, #2631, .T. ) ;
#4831 = VERTEX_POINT ( 'NONE', #1115 ) ;
#4832 = ORIENTED_EDGE ( 'NONE', *, *, #6016, .F. ) ;
#4833 = CARTESIAN_POINT ( 'NONE',  ( -30.10000000000001563, 2.700000000000000178, -5.499999999999999112 ) ) ;
#4834 = CARTESIAN_POINT ( 'NONE',  ( 36.50000000000000711, 2.000000000000000000, -10.00000000000000000 ) ) ;
#4835 = ORIENTED_EDGE ( 'NONE', *, *, #3149, .F. ) ;
#4836 = VECTOR ( 'NONE', #639, 1000.000000000000000 ) ;
#4837 = FACE_OUTER_BOUND ( 'NONE', #198, .T. ) ;
#4838 = EDGE_LOOP ( 'NONE', ( #2948, #5716, #1522, #1997 ) ) ;
#4839 = CARTESIAN_POINT ( 'NONE',  ( -53.50000000000000711, 0.000000000000000000, -10.00000000000000000 ) ) ;
#4840 = EDGE_CURVE ( 'NONE', #2210, #2217, #3750, .T. ) ;
#4841 = VERTEX_POINT ( 'NONE', #6564 ) ;
#4842 = ORIENTED_EDGE ( 'NONE', *, *, #629, .T. ) ;
#4843 = CARTESIAN_POINT ( 'NONE',  ( -5.999999999999998224, 3.199999999999999734, -2.500000000000004441 ) ) ;
#4844 = AXIS2_PLACEMENT_3D ( 'NONE', #136, #5342, #3618 ) ;
#4845 = CARTESIAN_POINT ( 'NONE',  ( -12.10000000000001386, 2.000000000000000000, -5.499999999999999112 ) ) ;
#4846 = LINE ( 'NONE', #3764, #1597 ) ;
#4847 = CARTESIAN_POINT ( 'NONE',  ( -51.50000000000000711, 2.000000000000000000, 10.00000000000000000 ) ) ;
#4848 = AXIS2_PLACEMENT_3D ( 'NONE', #999, #3194, #6369 ) ;
#4849 = EDGE_LOOP ( 'NONE', ( #6681, #5502, #6780, #6516 ) ) ;
#4850 = ORIENTED_EDGE ( 'NONE', *, *, #3599, .T. ) ;
#4851 = CARTESIAN_POINT ( 'NONE',  ( -36.10000000000002274, 2.700000000000000178, -5.499999999999999112 ) ) ;
#4852 = DIRECTION ( 'NONE',  ( -0.000000000000000000, -0.000000000000000000, 1.000000000000000000 ) ) ;
#4853 = PLANE ( 'NONE',  #1155 ) ;
#4854 = PLANE ( 'NONE',  #1372 ) ;
#4855 = ORIENTED_EDGE ( 'NONE', *, *, #2496, .F. ) ;
#4856 = LINE ( 'NONE', #2773, #4121 ) ;
#4857 = VERTEX_POINT ( 'NONE', #1664 ) ;
#4858 = FACE_OUTER_BOUND ( 'NONE', #6078, .T. ) ;
#4859 = FACE_OUTER_BOUND ( 'NONE', #1061, .T. ) ;
#4860 = VECTOR ( 'NONE', #6006, 1000.000000000000000 ) ;
#4861 = CARTESIAN_POINT ( 'NONE',  ( 16.50000000000000355, 4.000000000000000000, 12.00000000000000355 ) ) ;
#4862 = DIRECTION ( 'NONE',  ( -0.000000000000000000, -1.000000000000000000, -0.000000000000000000 ) ) ;
#4863 = ORIENTED_EDGE ( 'NONE', *, *, #4956, .T. ) ;
#4864 = ADVANCED_FACE ( 'NONE', ( #479 ), #6449, .F. ) ;
#4865 = EDGE_LOOP ( 'NONE', ( #4186, #6237, #3196, #3147 ) ) ;
#4866 = CARTESIAN_POINT ( 'NONE',  ( -33.00000000000000000, 2.000000000000000000, 2.499999999999995115 ) ) ;
#4867 = DIRECTION ( 'NONE',  ( 1.000000000000000000, -0.000000000000000000, -0.000000000000000000 ) ) ;
#4868 = VECTOR ( 'NONE', #4556, 1000.000000000000000 ) ;
#4869 = EDGE_CURVE ( 'NONE', #2073, #1632, #4248, .T. ) ;
#4870 = DIRECTION ( 'NONE',  ( -0.000000000000000000, -1.000000000000000000, -0.000000000000000000 ) ) ;
#4871 = ORIENTED_EDGE ( 'NONE', *, *, #3518, .F. ) ;
#4872 = LINE ( 'NONE', #4943, #2290 ) ;
#4873 = ORIENTED_EDGE ( 'NONE', *, *, #5760, .F. ) ;
#4874 = VECTOR ( 'NONE', #1968, 1000.000000000000000 ) ;
#4875 = EDGE_CURVE ( 'NONE', #3767, #2418, #2670, .T. ) ;
#4876 = EDGE_LOOP ( 'NONE', ( #153, #709, #3683, #5744 ) ) ;
#4877 = DIRECTION ( 'NONE',  ( -1.000000000000000000, -0.000000000000000000, -1.445602896647344340E-16 ) ) ;
#4878 = DIRECTION ( 'NONE',  ( 1.000000000000000000, -0.000000000000000000, -0.000000000000000000 ) ) ;
#4879 = DIRECTION ( 'NONE',  ( 1.000000000000000000, -0.000000000000000000, -0.000000000000000000 ) ) ;
#4880 = VECTOR ( 'NONE', #1439, 1000.000000000000000 ) ;
#4881 = EDGE_CURVE ( 'NONE', #2840, #2854, #7103, .T. ) ;
#4882 = PLANE ( 'NONE',  #3727 ) ;
#4883 = ORIENTED_EDGE ( 'NONE', *, *, #2493, .F. ) ;
#4884 = ORIENTED_EDGE ( 'NONE', *, *, #4181, .F. ) ;
#4885 = LINE ( 'NONE', #4782, #3488 ) ;
#4886 = DIRECTION ( 'NONE',  ( 0.000000000000000000, 0.000000000000000000, -1.000000000000000000 ) ) ;
#4887 = EDGE_CURVE ( 'NONE', #1709, #5966, #12, .T. ) ;
#4888 = EDGE_CURVE ( 'NONE', #4217, #1231, #7034, .T. ) ;
#4889 = DIRECTION ( 'NONE',  ( 0.000000000000000000, 0.000000000000000000, -1.000000000000000000 ) ) ;
#4890 = DIRECTION ( 'NONE',  ( -0.000000000000000000, -1.000000000000000000, -0.000000000000000000 ) ) ;
#4891 = VERTEX_POINT ( 'NONE', #4861 ) ;
#4892 = CARTESIAN_POINT ( 'NONE',  ( -32.00000000000001421, 2.000000000000000000, 7.399999999999998579 ) ) ;
#4893 = ORIENTED_EDGE ( 'NONE', *, *, #1661, .F. ) ;
#4894 = FACE_OUTER_BOUND ( 'NONE', #5245, .T. ) ;
#4895 = EDGE_CURVE ( 'NONE', #498, #4758, #3207, .T. ) ;
#4896 = LINE ( 'NONE', #7102, #126 ) ;
#4897 = DIRECTION ( 'NONE',  ( 1.000000000000000000, -0.000000000000000000, -0.000000000000000000 ) ) ;
#4898 = CARTESIAN_POINT ( 'NONE',  ( -36.50000000000000711, 0.000000000000000000, -10.00000000000000000 ) ) ;
#4899 = ORIENTED_EDGE ( 'NONE', *, *, #3244, .F. ) ;
#4900 = ORIENTED_EDGE ( 'NONE', *, *, #3461, .T. ) ;
#4901 = CARTESIAN_POINT ( 'NONE',  ( 27.00000000000001066, 2.000000000000000000, -2.500000000000004885 ) ) ;
#4902 = DIRECTION ( 'NONE',  ( 1.000000000000000000, -0.000000000000000000, -0.000000000000000000 ) ) ;
#4903 = ORIENTED_EDGE ( 'NONE', *, *, #437, .T. ) ;
#4904 = LINE ( 'NONE', #21, #6730 ) ;
#4905 = ORIENTED_EDGE ( 'NONE', *, *, #2779, .F. ) ;
#4906 = CARTESIAN_POINT ( 'NONE',  ( -30.10000000000001563, 2.000000000000000000, -5.499999999999999112 ) ) ;
#4907 = EDGE_LOOP ( 'NONE', ( #1056, #1868, #6179, #5998 ) ) ;
#4908 = VERTEX_POINT ( 'NONE', #547 ) ;
#4909 = FACE_OUTER_BOUND ( 'NONE', #6228, .T. ) ;
#4910 = LINE ( 'NONE', #4332, #5304 ) ;
#4911 = LINE ( 'NONE', #2724, #4357 ) ;
#4912 = ADVANCED_FACE ( 'NONE', ( #4828 ), #2778, .F. ) ;
#4913 = EDGE_CURVE ( 'NONE', #1823, #984, #2160, .T. ) ;
#4914 = CARTESIAN_POINT ( 'NONE',  ( -53.50000000000000711, 4.000000000000000000, -10.00000000000000000 ) ) ;
#4915 = ORIENTED_EDGE ( 'NONE', *, *, #1978, .T. ) ;
#4916 = ORIENTED_EDGE ( 'NONE', *, *, #3290, .F. ) ;
#4917 = LINE ( 'NONE', #1650, #7060 ) ;
#4918 = EDGE_CURVE ( 'NONE', #984, #2373, #6522, .T. ) ;
#4919 = DIRECTION ( 'NONE',  ( 1.000000000000000000, -0.000000000000000000, -0.000000000000000000 ) ) ;
#4920 = LINE ( 'NONE', #7126, #2397 ) ;
#4921 = VECTOR ( 'NONE', #3421, 1000.000000000000000 ) ;
#4922 = FACE_OUTER_BOUND ( 'NONE', #7027, .T. ) ;
#4923 = LINE ( 'NONE', #3813, #4355 ) ;
#4924 = ORIENTED_EDGE ( 'NONE', *, *, #6548, .F. ) ;
#4925 = CARTESIAN_POINT ( 'NONE',  ( -36.10000000000002274, 2.700000000000000178, -4.499999999999999112 ) ) ;
#4926 = VECTOR ( 'NONE', #2644, 1000.000000000000000 ) ;
#4927 = EDGE_LOOP ( 'NONE', ( #2482, #6897, #7098, #6365 ) ) ;
#4928 = EDGE_CURVE ( 'NONE', #4152, #6510, #981, .T. ) ;
#4929 = LINE ( 'NONE', #2226, #379 ) ;
#4930 = VECTOR ( 'NONE', #1378, 1000.000000000000000 ) ;
#4931 = DIRECTION ( 'NONE',  ( 0.000000000000000000, -1.000000000000000000, 0.000000000000000000 ) ) ;
#4932 = CIRCLE ( 'NONE', #5859, 2.000000000000000000 ) ;
#4933 = DIRECTION ( 'NONE',  ( -0.000000000000000000, -0.000000000000000000, -1.000000000000000000 ) ) ;
#4934 = VECTOR ( 'NONE', #5206, 1000.000000000000000 ) ;
#4935 = DIRECTION ( 'NONE',  ( -0.000000000000000000, -0.000000000000000000, -1.000000000000000000 ) ) ;
#4936 = ORIENTED_EDGE ( 'NONE', *, *, #5277, .F. ) ;
#4937 = ORIENTED_EDGE ( 'NONE', *, *, #3951, .F. ) ;
#4938 = CARTESIAN_POINT ( 'NONE',  ( 27.09999999999998366, 2.700000000000000178, -4.499999999999999112 ) ) ;
#4939 = VECTOR ( 'NONE', #2920, 1000.000000000000000 ) ;
#4940 = LINE ( 'NONE', #4468, #2639 ) ;
#4941 = CARTESIAN_POINT ( 'NONE',  ( 29.89999999999998082, 2.700000000000000178, -4.499999999999999112 ) ) ;
#4942 = ORIENTED_EDGE ( 'NONE', *, *, #441, .T. ) ;
#4943 = CARTESIAN_POINT ( 'NONE',  ( 53.50000000000000711, 4.000000000000000000, -10.00000000000000000 ) ) ;
#4944 = ORIENTED_EDGE ( 'NONE', *, *, #3990, .F. ) ;
#4945 = CIRCLE ( 'NONE', #1965, 2.000000000000000000 ) ;
#4946 = VERTEX_POINT ( 'NONE', #2093 ) ;
#4947 = DIRECTION ( 'NONE',  ( 0.000000000000000000, 0.000000000000000000, -1.000000000000000000 ) ) ;
#4948 = LINE ( 'NONE', #6000, #1854 ) ;
#4949 = LINE ( 'NONE', #2280, #3904 ) ;
#4950 = VECTOR ( 'NONE', #459, 1000.000000000000000 ) ;
#4951 = DIRECTION ( 'NONE',  ( 1.000000000000000000, 0.000000000000000000, 0.000000000000000000 ) ) ;
#4952 = ORIENTED_EDGE ( 'NONE', *, *, #6121, .F. ) ;
#4953 = ORIENTED_EDGE ( 'NONE', *, *, #1531, .F. ) ;
#4954 = CARTESIAN_POINT ( 'NONE',  ( -15.00000000000000711, 2.000000000000000000, 2.499999999999995115 ) ) ;
#4955 = VECTOR ( 'NONE', #4254, 1000.000000000000000 ) ;
#4956 = EDGE_CURVE ( 'NONE', #3275, #1619, #6489, .T. ) ;
#4957 = DIRECTION ( 'NONE',  ( -0.000000000000000000, -0.000000000000000000, -1.000000000000000000 ) ) ;
#4958 = LINE ( 'NONE', #6696, #5038 ) ;
#4959 = AXIS2_PLACEMENT_3D ( 'NONE', #2449, #6274, #4178 ) ;
#4960 = EDGE_CURVE ( 'NONE', #4308, #3943, #3278, .T. ) ;
#4961 = CARTESIAN_POINT ( 'NONE',  ( -30.10000000000001563, 2.700000000000000178, -4.499999999999999112 ) ) ;
#4962 = CARTESIAN_POINT ( 'NONE',  ( -8.000000000000007105, 2.000000000000000000, 7.399999999999998579 ) ) ;
#4963 = ORIENTED_EDGE ( 'NONE', *, *, #105, .T. ) ;
#4964 = LINE ( 'NONE', #6592, #1824 ) ;
#4965 = ORIENTED_EDGE ( 'NONE', *, *, #5270, .T. ) ;
#4966 = VECTOR ( 'NONE', #1368, 1000.000000000000000 ) ;
#4967 = CARTESIAN_POINT ( 'NONE',  ( 35.89999999999998437, 2.700000000000000178, -4.499999999999999112 ) ) ;
#4968 = LINE ( 'NONE', #6560, #5296 ) ;
#4969 = EDGE_CURVE ( 'NONE', #6759, #1094, #6019, .T. ) ;
#4970 = CARTESIAN_POINT ( 'NONE',  ( 2.999999999999995559, 3.199999999999999734, 2.499999999999995115 ) ) ;
#4971 = FACE_OUTER_BOUND ( 'NONE', #699, .T. ) ;
#4972 = EDGE_LOOP ( 'NONE', ( #4005, #1103, #6011, #4385 ) ) ;
#4973 = ORIENTED_EDGE ( 'NONE', *, *, #441, .F. ) ;
#4974 = DIRECTION ( 'NONE',  ( 1.000000000000000000, 0.000000000000000000, 1.445602896647337684E-16 ) ) ;
#4975 = DIRECTION ( 'NONE',  ( -0.000000000000000000, -0.000000000000000000, 1.000000000000000000 ) ) ;
#4976 = ADVANCED_FACE ( 'NONE', ( #2947 ), #3995, .T. ) ;
#4977 = LINE ( 'NONE', #6094, #510 ) ;
#4978 = ORIENTED_EDGE ( 'NONE', *, *, #6960, .F. ) ;
#4979 = DIRECTION ( 'NONE',  ( -0.000000000000000000, -1.000000000000000000, -0.000000000000000000 ) ) ;
#4980 = EDGE_CURVE ( 'NONE', #6776, #4092, #3928, .T. ) ;
#4981 = EDGE_LOOP ( 'NONE', ( #1388, #212, #6898, #5453 ) ) ;
#4982 = ORIENTED_EDGE ( 'NONE', *, *, #620, .T. ) ;
#4983 = LINE ( 'NONE', #62, #5222 ) ;
#4984 = EDGE_CURVE ( 'NONE', #1910, #3540, #5656, .T. ) ;
#4985 = CARTESIAN_POINT ( 'NONE',  ( 21.09999999999998010, 2.000000000000000000, -5.499999999999999112 ) ) ;
#4986 = DIRECTION ( 'NONE',  ( 0.000000000000000000, -0.000000000000000000, -1.000000000000000000 ) ) ;
#4987 = CARTESIAN_POINT ( 'NONE',  ( -45.00000000000000711, 2.000000000000000000, -2.500000000000004885 ) ) ;
#4988 = VERTEX_POINT ( 'NONE', #4500 ) ;
#4989 = VECTOR ( 'NONE', #751, 1000.000000000000000 ) ;
#4990 = ORIENTED_EDGE ( 'NONE', *, *, #840, .T. ) ;
#4991 = LINE ( 'NONE', #102, #3258 ) ;
#4992 = PLANE ( 'NONE',  #7032 ) ;
#4993 = CARTESIAN_POINT ( 'NONE',  ( 36.50000000000000711, 2.000000000000000000, 12.00000000000000000 ) ) ;
#4994 = VECTOR ( 'NONE', #2606, 1000.000000000000000 ) ;
#4995 = FACE_OUTER_BOUND ( 'NONE', #1533, .T. ) ;
#4996 = LINE ( 'NONE', #5210, #3097 ) ;
#4997 = EDGE_LOOP ( 'NONE', ( #4445, #2643, #6663, #5306 ) ) ;
#4998 = PLANE ( 'NONE',  #6307 ) ;
#4999 = VECTOR ( 'NONE', #3786, 1000.000000000000000 ) ;
#5000 = ORIENTED_EDGE ( 'NONE', *, *, #3866, .T. ) ;
#5001 = DIRECTION ( 'NONE',  ( 0.000000000000000000, -1.000000000000000000, 0.000000000000000000 ) ) ;
#5002 = DIRECTION ( 'NONE',  ( 0.000000000000000000, 0.000000000000000000, -1.000000000000000000 ) ) ;
#5003 = EDGE_CURVE ( 'NONE', #984, #1506, #1770, .T. ) ;
#5004 = ADVANCED_FACE ( 'NONE', ( #6195 ), #2845, .F. ) ;
#5005 = PLANE ( 'NONE',  #5809 ) ;
#5006 = DIRECTION ( 'NONE',  ( 0.000000000000000000, -1.000000000000000000, 0.000000000000000000 ) ) ;
#5007 = ORIENTED_EDGE ( 'NONE', *, *, #6018, .T. ) ;
#5008 = VERTEX_POINT ( 'NONE', #695 ) ;
#5009 = ADVANCED_FACE ( 'NONE', ( #2232 ), #6162, .T. ) ;
#5010 = LINE ( 'NONE', #2378, #6578 ) ;
#5011 = CARTESIAN_POINT ( 'NONE',  ( 33.09999999999998721, 2.000000000000000000, -4.499999999999999112 ) ) ;
#5012 = CARTESIAN_POINT ( 'NONE',  ( 33.00000000000000000, 2.000000000000000000, 2.499999999999995115 ) ) ;
#5013 = ORIENTED_EDGE ( 'NONE', *, *, #1319, .F. ) ;
#5014 = CARTESIAN_POINT ( 'NONE',  ( 30.00000000000000000, 3.199999999999999734, 2.499999999999996003 ) ) ;
#5015 = ORIENTED_EDGE ( 'NONE', *, *, #1530, .F. ) ;
#5016 = EDGE_LOOP ( 'NONE', ( #6873, #2543, #1853, #542 ) ) ;
#5017 = CARTESIAN_POINT ( 'NONE',  ( -5.999999999999998224, 3.199999999999999734, 2.499999999999996003 ) ) ;
#5018 = ADVANCED_FACE ( 'NONE', ( #5690 ), #5005, .F. ) ;
#5019 = FACE_OUTER_BOUND ( 'NONE', #4008, .T. ) ;
#5020 = DIRECTION ( 'NONE',  ( 0.000000000000000000, -1.000000000000000000, 0.000000000000000000 ) ) ;
#5021 = DIRECTION ( 'NONE',  ( 1.000000000000000000, -0.000000000000000000, 2.891205793294675861E-16 ) ) ;
#5022 = ORIENTED_EDGE ( 'NONE', *, *, #582, .T. ) ;
#5023 = ORIENTED_EDGE ( 'NONE', *, *, #2494, .T. ) ;
#5024 = CARTESIAN_POINT ( 'NONE',  ( 17.99999999999998934, 2.000000000000000000, 2.499999999999996003 ) ) ;
#5025 = DIRECTION ( 'NONE',  ( -1.000000000000000000, -0.000000000000000000, -1.445602896647337931E-16 ) ) ;
#5026 = LINE ( 'NONE', #574, #3203 ) ;
#5027 = ORIENTED_EDGE ( 'NONE', *, *, #4255, .F. ) ;
#5028 = CARTESIAN_POINT ( 'NONE',  ( 45.00000000000000000, 3.199999999999999734, 2.499999999999995115 ) ) ;
#5029 = ORIENTED_EDGE ( 'NONE', *, *, #1814, .T. ) ;
#5030 = LINE ( 'NONE', #5610, #5383 ) ;
#5031 = ORIENTED_EDGE ( 'NONE', *, *, #6551, .F. ) ;
#5032 = DIRECTION ( 'NONE',  ( 0.000000000000000000, 0.000000000000000000, 1.000000000000000000 ) ) ;
#5033 = AXIS2_PLACEMENT_3D ( 'NONE', #1095, #3759, #2823 ) ;
#5034 = LINE ( 'NONE', #6704, #6908 ) ;
#5035 = VECTOR ( 'NONE', #5722, 1000.000000000000000 ) ;
#5036 = CARTESIAN_POINT ( 'NONE',  ( 26.50000000000000711, 4.000000000000000000, -12.00000000000000000 ) ) ;
#5037 = CARTESIAN_POINT ( 'NONE',  ( -36.50000000000000711, 4.000000000000000000, -10.00000000000000000 ) ) ;
#5038 = VECTOR ( 'NONE', #1761, 1000.000000000000000 ) ;
#5039 = ORIENTED_EDGE ( 'NONE', *, *, #5724, .F. ) ;
#5040 = ORIENTED_EDGE ( 'NONE', *, *, #174, .T. ) ;
#5041 = EDGE_CURVE ( 'NONE', #5527, #2368, #1156, .T. ) ;
#5042 = DIRECTION ( 'NONE',  ( -1.000000000000000000, 0.000000000000000000, 0.000000000000000000 ) ) ;
#5043 = EDGE_CURVE ( 'NONE', #4132, #2634, #2882, .T. ) ;
#5044 = EDGE_CURVE ( 'NONE', #4286, #2469, #518, .T. ) ;
#5045 = VECTOR ( 'NONE', #1529, 1000.000000000000000 ) ;
#5046 = CARTESIAN_POINT ( 'NONE',  ( 10.99999999999998224, 2.000000000000000000, 7.399999999999998579 ) ) ;
#5047 = VECTOR ( 'NONE', #6056, 1000.000000000000000 ) ;
#5048 = DIRECTION ( 'NONE',  ( -1.000000000000000000, -0.000000000000000000, -0.000000000000000000 ) ) ;
#5049 = EDGE_CURVE ( 'NONE', #1267, #2418, #2015, .T. ) ;
#5050 = EDGE_LOOP ( 'NONE', ( #928, #4771, #1458, #3009 ) ) ;
#5051 = CARTESIAN_POINT ( 'NONE',  ( -42.10000000000001563, 2.000000000000000000, -5.499999999999999112 ) ) ;
#5052 = ORIENTED_EDGE ( 'NONE', *, *, #3337, .T. ) ;
#5053 = VECTOR ( 'NONE', #5267, 1000.000000000000000 ) ;
#5054 = ORIENTED_EDGE ( 'NONE', *, *, #4673, .F. ) ;
#5055 = ORIENTED_EDGE ( 'NONE', *, *, #5589, .T. ) ;
#5056 = VECTOR ( 'NONE', #6233, 1000.000000000000000 ) ;
#5057 = PLANE ( 'NONE',  #4844 ) ;
#5058 = LINE ( 'NONE', #3539, #4242 ) ;
#5059 = AXIS2_PLACEMENT_3D ( 'NONE', #947, #4792, #5772 ) ;
#5060 = FACE_OUTER_BOUND ( 'NONE', #3844, .T. ) ;
#5061 = EDGE_CURVE ( 'NONE', #1231, #3654, #2914, .T. ) ;
#5062 = AXIS2_PLACEMENT_3D ( 'NONE', #4383, #37, #6658 ) ;
#5063 = ORIENTED_EDGE ( 'NONE', *, *, #5668, .F. ) ;
#5064 = ORIENTED_EDGE ( 'NONE', *, *, #5087, .T. ) ;
#5065 = CARTESIAN_POINT ( 'NONE',  ( 53.50000000000000711, 0.000000000000000000, -10.00000000000000000 ) ) ;
#5066 = DIRECTION ( 'NONE',  ( 0.000000000000000000, 0.000000000000000000, 1.000000000000000000 ) ) ;
#5067 = CARTESIAN_POINT ( 'NONE',  ( -15.00000000000000711, 2.000000000000000000, 2.499999999999995115 ) ) ;
#5068 = CARTESIAN_POINT ( 'NONE',  ( 45.09999999999997300, 2.700000000000000178, -4.499999999999999112 ) ) ;
#5069 = DIRECTION ( 'NONE',  ( -1.445602896647337684E-16, 0.000000000000000000, 1.000000000000000000 ) ) ;
#5070 = AXIS2_PLACEMENT_3D ( 'NONE', #1535, #3122, #992 ) ;
#5071 = VERTEX_POINT ( 'NONE', #5036 ) ;
#5072 = CARTESIAN_POINT ( 'NONE',  ( 15.99999999999997335, 2.700000000000000178, 4.599999999999998757 ) ) ;
#5073 = EDGE_LOOP ( 'NONE', ( #2422, #2970, #2749, #5596 ) ) ;
#5074 = CARTESIAN_POINT ( 'NONE',  ( -30.00000000000000711, 2.000000000000000000, 2.499999999999996003 ) ) ;
#5075 = LINE ( 'NONE', #3924, #260 ) ;
#5076 = VECTOR ( 'NONE', #953, 1000.000000000000000 ) ;
#5077 = DIRECTION ( 'NONE',  ( -0.000000000000000000, -0.000000000000000000, 1.000000000000000000 ) ) ;
#5078 = CARTESIAN_POINT ( 'NONE',  ( -53.50000000000000711, 2.000000000000000000, -10.00000000000000000 ) ) ;
#5079 = VECTOR ( 'NONE', #3136, 1000.000000000000000 ) ;
#5080 = FACE_OUTER_BOUND ( 'NONE', #1483, .T. ) ;
#5081 = ORIENTED_EDGE ( 'NONE', *, *, #4840, .F. ) ;
#5082 = ORIENTED_EDGE ( 'NONE', *, *, #5896, .F. ) ;
#5083 = CARTESIAN_POINT ( 'NONE',  ( -13.00000000000001066, 2.000000000000000000, 4.599999999999998757 ) ) ;
#5084 = DIRECTION ( 'NONE',  ( -1.000000000000000000, -0.000000000000000000, -0.000000000000000000 ) ) ;
#5085 = LINE ( 'NONE', #4076, #4658 ) ;
#5086 = ORIENTED_EDGE ( 'NONE', *, *, #6524, .T. ) ;
#5087 = EDGE_CURVE ( 'NONE', #3082, #6264, #81, .T. ) ;
#5088 = LINE ( 'NONE', #739, #2063 ) ;
#5089 = EDGE_LOOP ( 'NONE', ( #4485, #5, #5601, #330 ) ) ;
#5090 = EDGE_LOOP ( 'NONE', ( #3649, #5180, #3867, #1756 ) ) ;
#5091 = DIRECTION ( 'NONE',  ( 0.000000000000000000, -1.000000000000000000, 0.000000000000000000 ) ) ;
#5092 = ADVANCED_FACE ( 'NONE', ( #6234 ), #1298, .F. ) ;
#5093 = CARTESIAN_POINT ( 'NONE',  ( 17.99999999999998934, 2.000000000000000000, -2.500000000000004441 ) ) ;
#5094 = DIRECTION ( 'NONE',  ( 1.000000000000000000, -0.000000000000000000, 0.000000000000000000 ) ) ;
#5095 = VERTEX_POINT ( 'NONE', #4461 ) ;
#5096 = EDGE_CURVE ( 'NONE', #3728, #2958, #4537, .T. ) ;
#5097 = AXIS2_PLACEMENT_3D ( 'NONE', #6838, #1324, #855 ) ;
#5098 = ADVANCED_FACE ( 'NONE', ( #1734 ), #6124, .F. ) ;
#5099 = ORIENTED_EDGE ( 'NONE', *, *, #526, .T. ) ;
#5100 = CARTESIAN_POINT ( 'NONE',  ( 45.00000000000000000, 3.199999999999999734, -2.500000000000004885 ) ) ;
#5101 = CARTESIAN_POINT ( 'NONE',  ( -5.999999999999998224, 3.199999999999999734, 2.499999999999996003 ) ) ;
#5102 = PLANE ( 'NONE',  #1508 ) ;
#5103 = EDGE_CURVE ( 'NONE', #3249, #2902, #796, .T. ) ;
#5104 = LINE ( 'NONE', #4128, #800 ) ;
#5105 = VECTOR ( 'NONE', #3015, 1000.000000000000000 ) ;
#5106 = LINE ( 'NONE', #4599, #2004 ) ;
#5107 = ORIENTED_EDGE ( 'NONE', *, *, #6169, .T. ) ;
#5108 = ORIENTED_EDGE ( 'NONE', *, *, #3418, .T. ) ;
#5109 = DIRECTION ( 'NONE',  ( -0.000000000000000000, -0.000000000000000000, 1.000000000000000000 ) ) ;
#5110 = EDGE_CURVE ( 'NONE', #1893, #6881, #5259, .T. ) ;
#5111 = CARTESIAN_POINT ( 'NONE',  ( 0.000000000000000000, 2.700000000000000178, 0.000000000000000000 ) ) ;
#5112 = VECTOR ( 'NONE', #4870, 1000.000000000000000 ) ;
#5113 = EDGE_CURVE ( 'NONE', #5941, #276, #4140, .T. ) ;
#5114 = CARTESIAN_POINT ( 'NONE',  ( 5.899999999999988809, 2.700000000000000178, -5.499999999999999112 ) ) ;
#5115 = VECTOR ( 'NONE', #7070, 1000.000000000000000 ) ;
#5116 = CARTESIAN_POINT ( 'NONE',  ( 23.99999999999999289, 3.199999999999999734, 2.499999999999996003 ) ) ;
#5117 = ORIENTED_EDGE ( 'NONE', *, *, #6864, .F. ) ;
#5118 = FACE_OUTER_BOUND ( 'NONE', #99, .T. ) ;
#5119 = ORIENTED_EDGE ( 'NONE', *, *, #175, .F. ) ;
#5120 = DIRECTION ( 'NONE',  ( -0.000000000000000000, -0.000000000000000000, -1.000000000000000000 ) ) ;
#5121 = CARTESIAN_POINT ( 'NONE',  ( -32.00000000000001421, 2.000000000000000000, 7.399999999999998579 ) ) ;
#5122 = PLANE ( 'NONE',  #5979 ) ;
#5123 = CARTESIAN_POINT ( 'NONE',  ( -12.00000000000000355, 3.199999999999999734, -2.500000000000004441 ) ) ;
#5124 = ORIENTED_EDGE ( 'NONE', *, *, #6826, .F. ) ;
#5125 = CARTESIAN_POINT ( 'NONE',  ( 26.50000000000000711, 4.000000000000000000, 12.00000000000000000 ) ) ;
#5126 = EDGE_LOOP ( 'NONE', ( #3049, #943, #2438, #6742 ) ) ;
#5127 = VERTEX_POINT ( 'NONE', #302 ) ;
#5128 = ORIENTED_EDGE ( 'NONE', *, *, #3774, .F. ) ;
#5129 = CYLINDRICAL_SURFACE ( 'NONE', #5419, 2.000000000000000000 ) ;
#5130 = CARTESIAN_POINT ( 'NONE',  ( 39.09999999999998010, 2.000000000000000000, -5.499999999999999112 ) ) ;
#5131 = ORIENTED_EDGE ( 'NONE', *, *, #11, .F. ) ;
#5132 = FACE_BOUND ( 'NONE', #3870, .T. ) ;
#5133 = ORIENTED_EDGE ( 'NONE', *, *, #1840, .T. ) ;
#5134 = VERTEX_POINT ( 'NONE', #3565 ) ;
#5135 = CARTESIAN_POINT ( 'NONE',  ( 23.89999999999997726, 2.700000000000000178, -4.499999999999999112 ) ) ;
#5136 = CARTESIAN_POINT ( 'NONE',  ( 11.99999999999999645, 3.199999999999999734, 2.499999999999996003 ) ) ;
#5137 = DIRECTION ( 'NONE',  ( 0.000000000000000000, -0.000000000000000000, -1.000000000000000000 ) ) ;
#5138 = EDGE_CURVE ( 'NONE', #3109, #4431, #4755, .T. ) ;
#5139 = EDGE_CURVE ( 'NONE', #7112, #1385, #264, .T. ) ;
#5140 = EDGE_CURVE ( 'NONE', #2069, #5974, #1949, .T. ) ;
#5141 = DIRECTION ( 'NONE',  ( 0.000000000000000000, 0.000000000000000000, 1.000000000000000000 ) ) ;
#5142 = ORIENTED_EDGE ( 'NONE', *, *, #2730, .T. ) ;
#5143 = ADVANCED_FACE ( 'NONE', ( #4103 ), #3133, .F. ) ;
#5144 = ORIENTED_EDGE ( 'NONE', *, *, #6732, .T. ) ;
#5145 = DIRECTION ( 'NONE',  ( 0.000000000000000000, -0.000000000000000000, -1.000000000000000000 ) ) ;
#5146 = DIRECTION ( 'NONE',  ( 0.000000000000000000, -1.000000000000000000, 0.000000000000000000 ) ) ;
#5147 = PLANE ( 'NONE',  #580 ) ;
#5148 = DIRECTION ( 'NONE',  ( 2.891205793294688680E-16, 0.000000000000000000, -1.000000000000000000 ) ) ;
#5149 = ORIENTED_EDGE ( 'NONE', *, *, #1223, .T. ) ;
#5150 = ADVANCED_FACE ( 'NONE', ( #3637 ), #5868, .F. ) ;
#5151 = DIRECTION ( 'NONE',  ( 0.000000000000000000, -0.000000000000000000, -1.000000000000000000 ) ) ;
#5152 = ORIENTED_EDGE ( 'NONE', *, *, #1442, .F. ) ;
#5153 = PLANE ( 'NONE',  #4161 ) ;
#5154 = DIRECTION ( 'NONE',  ( -0.000000000000000000, -0.000000000000000000, -1.000000000000000000 ) ) ;
#5155 = LINE ( 'NONE', #1813, #696 ) ;
#5156 = VECTOR ( 'NONE', #766, 1000.000000000000000 ) ;
#5157 = DIRECTION ( 'NONE',  ( -0.000000000000000000, -1.000000000000000000, -0.000000000000000000 ) ) ;
#5158 = ORIENTED_EDGE ( 'NONE', *, *, #2556, .F. ) ;
#5159 = DIRECTION ( 'NONE',  ( 0.000000000000000000, 0.000000000000000000, 1.000000000000000000 ) ) ;
#5160 = VERTEX_POINT ( 'NONE', #334 ) ;
#5161 = ORIENTED_EDGE ( 'NONE', *, *, #829, .F. ) ;
#5162 = AXIS2_PLACEMENT_3D ( 'NONE', #1219, #5608, #2876 ) ;
#5163 = PLANE ( 'NONE',  #4266 ) ;
#5164 = VECTOR ( 'NONE', #3102, 1000.000000000000000 ) ;
#5165 = DIRECTION ( 'NONE',  ( -0.000000000000000000, -1.000000000000000000, -0.000000000000000000 ) ) ;
#5166 = VERTEX_POINT ( 'NONE', #5800 ) ;
#5167 = PLANE ( 'NONE',  #2582 ) ;
#5168 = CIRCLE ( 'NONE', #5033, 2.000000000000000000 ) ;
#5169 = EDGE_LOOP ( 'NONE', ( #882, #4223, #2243, #3325 ) ) ;
#5170 = VECTOR ( 'NONE', #5308, 1000.000000000000000 ) ;
#5171 = EDGE_LOOP ( 'NONE', ( #2969, #1276, #6921, #2822 ) ) ;
#5172 = ORIENTED_EDGE ( 'NONE', *, *, #3785, .F. ) ;
#5173 = DIRECTION ( 'NONE',  ( -0.000000000000000000, -1.000000000000000000, -0.000000000000000000 ) ) ;
#5174 = LINE ( 'NONE', #3481, #5411 ) ;
#5175 = CARTESIAN_POINT ( 'NONE',  ( 0.000000000000000000, 3.199999999999999734, 0.000000000000000000 ) ) ;
#5176 = VECTOR ( 'NONE', #6205, 1000.000000000000000 ) ;
#5177 = ADVANCED_FACE ( 'NONE', ( #2409 ), #4643, .F. ) ;
#5178 = DIRECTION ( 'NONE',  ( 1.000000000000000000, 0.000000000000000000, 0.000000000000000000 ) ) ;
#5179 = ORIENTED_EDGE ( 'NONE', *, *, #3149, .T. ) ;
#5180 = ORIENTED_EDGE ( 'NONE', *, *, #6731, .T. ) ;
#5181 = LINE ( 'NONE', #4676, #3779 ) ;
#5182 = EDGE_CURVE ( 'NONE', #3210, #6313, #2518, .T. ) ;
#5183 = LINE ( 'NONE', #4533, #3587 ) ;
#5184 = ADVANCED_FACE ( 'NONE', ( #6961 ), #941, .F. ) ;
#5185 = LINE ( 'NONE', #5258, #6561 ) ;
#5186 = VECTOR ( 'NONE', #5025, 1000.000000000000000 ) ;
#5187 = DIRECTION ( 'NONE',  ( 0.000000000000000000, -1.000000000000000000, 0.000000000000000000 ) ) ;
#5188 = ORIENTED_EDGE ( 'NONE', *, *, #5929, .F. ) ;
#5189 = CARTESIAN_POINT ( 'NONE',  ( -21.00000000000000355, 3.199999999999999734, 2.499999999999995115 ) ) ;
#5190 = EDGE_CURVE ( 'NONE', #4033, #305, #690, .T. ) ;
#5191 = ORIENTED_EDGE ( 'NONE', *, *, #5049, .F. ) ;
#5192 = VECTOR ( 'NONE', #2744, 1000.000000000000000 ) ;
#5193 = CARTESIAN_POINT ( 'NONE',  ( 5.999999999999998224, 2.000000000000000000, -2.500000000000004441 ) ) ;
#5194 = LINE ( 'NONE', #410, #255 ) ;
#5195 = EDGE_CURVE ( 'NONE', #367, #5586, #4720, .T. ) ;
#5196 = CARTESIAN_POINT ( 'NONE',  ( -37.00000000000002132, 2.700000000000000178, 4.599999999999998757 ) ) ;
#5197 = VECTOR ( 'NONE', #1257, 1000.000000000000000 ) ;
#5198 = CARTESIAN_POINT ( 'NONE',  ( 27.00000000000001066, 3.199999999999999734, -2.500000000000004885 ) ) ;
#5199 = ORIENTED_EDGE ( 'NONE', *, *, #5247, .T. ) ;
#5200 = DIRECTION ( 'NONE',  ( -0.000000000000000000, -1.000000000000000000, -0.000000000000000000 ) ) ;
#5201 = ORIENTED_EDGE ( 'NONE', *, *, #706, .T. ) ;
#5202 = ORIENTED_EDGE ( 'NONE', *, *, #4660, .F. ) ;
#5203 = ORIENTED_EDGE ( 'NONE', *, *, #3711, .F. ) ;
#5204 = DIRECTION ( 'NONE',  ( -1.000000000000000000, -0.000000000000000000, -0.000000000000000000 ) ) ;
#5205 = EDGE_CURVE ( 'NONE', #1301, #4579, #4068, .T. ) ;
#5206 = DIRECTION ( 'NONE',  ( -1.000000000000000000, -0.000000000000000000, -0.000000000000000000 ) ) ;
#5207 = ADVANCED_FACE ( 'NONE', ( #5297 ), #4174, .F. ) ;
#5208 = CARTESIAN_POINT ( 'NONE',  ( -33.00000000000000000, 3.199999999999999734, -2.500000000000004885 ) ) ;
#5209 = ORIENTED_EDGE ( 'NONE', *, *, #4, .F. ) ;
#5210 = CARTESIAN_POINT ( 'NONE',  ( -46.50000000000000711, 0.000000000000000000, 12.00000000000000000 ) ) ;
#5211 = ORIENTED_EDGE ( 'NONE', *, *, #3647, .F. ) ;
#5212 = ORIENTED_EDGE ( 'NONE', *, *, #2549, .T. ) ;
#5213 = DIRECTION ( 'NONE',  ( 0.000000000000000000, 0.000000000000000000, 1.000000000000000000 ) ) ;
#5214 = DIRECTION ( 'NONE',  ( -1.000000000000000000, 0.000000000000000000, -2.891205793294675368E-16 ) ) ;
#5215 = LINE ( 'NONE', #1829, #3555 ) ;
#5216 = VECTOR ( 'NONE', #997, 1000.000000000000000 ) ;
#5217 = CARTESIAN_POINT ( 'NONE',  ( -12.10000000000001386, 2.000000000000000000, -4.499999999999999112 ) ) ;
#5218 = VERTEX_POINT ( 'NONE', #3527 ) ;
#5219 = ORIENTED_EDGE ( 'NONE', *, *, #4887, .T. ) ;
#5220 = DIRECTION ( 'NONE',  ( -0.000000000000000000, 0.000000000000000000, -1.000000000000000000 ) ) ;
#5221 = FACE_OUTER_BOUND ( 'NONE', #2910, .T. ) ;
#5222 = VECTOR ( 'NONE', #6034, 1000.000000000000000 ) ;
#5223 = DIRECTION ( 'NONE',  ( -0.000000000000000000, -0.000000000000000000, 1.000000000000000000 ) ) ;
#5224 = DIRECTION ( 'NONE',  ( 0.000000000000000000, 0.000000000000000000, -1.000000000000000000 ) ) ;
#5225 = FACE_OUTER_BOUND ( 'NONE', #3069, .T. ) ;
#5226 = AXIS2_PLACEMENT_3D ( 'NONE', #5278, #3689, #6976 ) ;
#5227 = ORIENTED_EDGE ( 'NONE', *, *, #877, .T. ) ;
#5228 = FACE_OUTER_BOUND ( 'NONE', #7037, .T. ) ;
#5229 = CARTESIAN_POINT ( 'NONE',  ( 11.89999999999998082, 2.700000000000000178, -5.499999999999999112 ) ) ;
#5230 = DIRECTION ( 'NONE',  ( 0.000000000000000000, 0.000000000000000000, 1.000000000000000000 ) ) ;
#5231 = ADVANCED_FACE ( 'NONE', ( #6853 ), #1915, .F. ) ;
#5232 = AXIS2_PLACEMENT_3D ( 'NONE', #2207, #4401, #6608 ) ;
#5233 = ADVANCED_FACE ( 'NONE', ( #2152 ), #4384, .F. ) ;
#5234 = ADVANCED_FACE ( 'NONE', ( #3776 ), #4854, .F. ) ;
#5235 = CARTESIAN_POINT ( 'NONE',  ( 41.99999999999999289, 3.199999999999999734, 2.499999999999996003 ) ) ;
#5236 = ORIENTED_EDGE ( 'NONE', *, *, #3180, .F. ) ;
#5237 = CARTESIAN_POINT ( 'NONE',  ( -0.1000000000000167422, 2.000000000000000000, -4.499999999999999112 ) ) ;
#5238 = ADVANCED_FACE ( 'NONE', ( #1654 ), #5466, .F. ) ;
#5239 = ORIENTED_EDGE ( 'NONE', *, *, #5938, .T. ) ;
#5240 = VECTOR ( 'NONE', #6668, 1000.000000000000000 ) ;
#5241 = EDGE_LOOP ( 'NONE', ( #1147, #6452, #1273, #4674 ) ) ;
#5242 = CARTESIAN_POINT ( 'NONE',  ( 16.50000000000000355, 4.000000000000000000, -10.00000000000000000 ) ) ;
#5243 = DIRECTION ( 'NONE',  ( -0.000000000000000000, -1.000000000000000000, -0.000000000000000000 ) ) ;
#5244 = LINE ( 'NONE', #5311, #4299 ) ;
#5245 = EDGE_LOOP ( 'NONE', ( #7122, #2595, #6229, #6737 ) ) ;
#5246 = CARTESIAN_POINT ( 'NONE',  ( 23.89999999999997726, 2.700000000000000178, -5.499999999999999112 ) ) ;
#5247 = EDGE_CURVE ( 'NONE', #6682, #6264, #6442, .T. ) ;
#5248 = ORIENTED_EDGE ( 'NONE', *, *, #2771, .F. ) ;
#5249 = ORIENTED_EDGE ( 'NONE', *, *, #6598, .F. ) ;
#5250 = PLANE ( 'NONE',  #5561 ) ;
#5251 = LINE ( 'NONE', #7015, #4950 ) ;
#5252 = PLANE ( 'NONE',  #6199 ) ;
#5253 = CARTESIAN_POINT ( 'NONE',  ( 36.50000000000000711, 0.000000000000000000, 12.00000000000000355 ) ) ;
#5254 = ORIENTED_EDGE ( 'NONE', *, *, #6729, .F. ) ;
#5255 = ORIENTED_EDGE ( 'NONE', *, *, #4824, .T. ) ;
#5256 = FACE_OUTER_BOUND ( 'NONE', #6458, .T. ) ;
#5257 = DIRECTION ( 'NONE',  ( 2.891205793294675368E-16, 0.000000000000000000, -1.000000000000000000 ) ) ;
#5258 = CARTESIAN_POINT ( 'NONE',  ( -24.10000000000000853, 2.000000000000000000, -5.499999999999999112 ) ) ;
#5259 = LINE ( 'NONE', #3096, #4311 ) ;
#5260 = LINE ( 'NONE', #3098, #448 ) ;
#5261 = ORIENTED_EDGE ( 'NONE', *, *, #2587, .T. ) ;
#5262 = DIRECTION ( 'NONE',  ( -0.000000000000000000, -1.000000000000000000, -0.000000000000000000 ) ) ;
#5263 = LINE ( 'NONE', #907, #5164 ) ;
#5264 = LINE ( 'NONE', #2526, #358 ) ;
#5265 = DIRECTION ( 'NONE',  ( 0.000000000000000000, -1.000000000000000000, 0.000000000000000000 ) ) ;
#5266 = EDGE_LOOP ( 'NONE', ( #67, #6109, #2293, #3017 ) ) ;
#5267 = DIRECTION ( 'NONE',  ( 1.000000000000000000, -0.000000000000000000, -0.000000000000000000 ) ) ;
#5268 = ORIENTED_EDGE ( 'NONE', *, *, #2620, .F. ) ;
#5269 = ADVANCED_FACE ( 'NONE', ( #5429 ), #4314, .F. ) ;
#5270 = EDGE_CURVE ( 'NONE', #2338, #7112, #2733, .T. ) ;
#5271 = ORIENTED_EDGE ( 'NONE', *, *, #1130, .F. ) ;
#5272 = EDGE_CURVE ( 'NONE', #3938, #4774, #7062, .T. ) ;
#5273 = SURFACE_STYLE_USAGE ( .BOTH. , #5916 ) ;
#5274 = VECTOR ( 'NONE', #368, 1000.000000000000000 ) ;
#5275 = CARTESIAN_POINT ( 'NONE',  ( -46.50000000000000711, 4.000000000000000000, -12.00000000000000000 ) ) ;
#5276 = VERTEX_POINT ( 'NONE', #5363 ) ;
#5277 = EDGE_CURVE ( 'NONE', #4055, #801, #1511, .T. ) ;
#5278 = CARTESIAN_POINT ( 'NONE',  ( 16.50000000000000355, 2.000000000000000000, -12.00000000000000000 ) ) ;
#5279 = VERTEX_POINT ( 'NONE', #3742 ) ;
#5280 = DIRECTION ( 'NONE',  ( -0.000000000000000000, -1.000000000000000000, -0.000000000000000000 ) ) ;
#5281 = ORIENTED_EDGE ( 'NONE', *, *, #2806, .T. ) ;
#5282 = ORIENTED_EDGE ( 'NONE', *, *, #6374, .T. ) ;
#5283 = AXIS2_PLACEMENT_3D ( 'NONE', #1501, #3189, #6915 ) ;
#5284 = CARTESIAN_POINT ( 'NONE',  ( 41.99999999999999289, 2.000000000000000000, -2.500000000000004441 ) ) ;
#5285 = PLANE ( 'NONE',  #6687 ) ;
#5286 = LINE ( 'NONE', #6363, #4238 ) ;
#5287 = AXIS2_PLACEMENT_3D ( 'NONE', #2621, #1546, #5972 ) ;
#5288 = EDGE_CURVE ( 'NONE', #4033, #5279, #4923, .T. ) ;
#5289 = VECTOR ( 'NONE', #3508, 1000.000000000000000 ) ;
#5290 = CARTESIAN_POINT ( 'NONE',  ( 30.00000000000000000, 2.000000000000000000, 2.499999999999996003 ) ) ;
#5291 = VERTEX_POINT ( 'NONE', #3195 ) ;
#5292 = ORIENTED_EDGE ( 'NONE', *, *, #2101, .F. ) ;
#5293 = DIRECTION ( 'NONE',  ( 1.000000000000000000, 0.000000000000000000, -0.000000000000000000 ) ) ;
#5294 = VECTOR ( 'NONE', #4621, 1000.000000000000000 ) ;
#5295 = CARTESIAN_POINT ( 'NONE',  ( -13.00000000000001066, 2.700000000000000178, 4.599999999999998757 ) ) ;
#5296 = VECTOR ( 'NONE', #1660, 1000.000000000000000 ) ;
#5297 = FACE_OUTER_BOUND ( 'NONE', #499, .T. ) ;
#5298 = DIRECTION ( 'NONE',  ( -0.000000000000000000, -1.000000000000000000, -0.000000000000000000 ) ) ;
#5299 = ORIENTED_EDGE ( 'NONE', *, *, #4881, .T. ) ;
#5300 = DIRECTION ( 'NONE',  ( -0.000000000000000000, -1.000000000000000000, -0.000000000000000000 ) ) ;
#5301 = LINE ( 'NONE', #2486, #5390 ) ;
#5302 = DIRECTION ( 'NONE',  ( 0.000000000000000000, 0.000000000000000000, 1.000000000000000000 ) ) ;
#5303 = CARTESIAN_POINT ( 'NONE',  ( -39.00000000000000711, 2.000000000000000000, -2.500000000000004885 ) ) ;
#5304 = VECTOR ( 'NONE', #1712, 1000.000000000000000 ) ;
#5305 = CARTESIAN_POINT ( 'NONE',  ( 23.89999999999997726, 2.700000000000000178, -5.499999999999999112 ) ) ;
#5306 = ORIENTED_EDGE ( 'NONE', *, *, #6989, .T. ) ;
#5307 = ORIENTED_EDGE ( 'NONE', *, *, #5614, .T. ) ;
#5308 = DIRECTION ( 'NONE',  ( -1.000000000000000000, -0.000000000000000000, -0.000000000000000000 ) ) ;
#5309 = VECTOR ( 'NONE', #4616, 1000.000000000000000 ) ;
#5310 = ORIENTED_EDGE ( 'NONE', *, *, #1064, .T. ) ;
#5311 = CARTESIAN_POINT ( 'NONE',  ( -12.00000000000000355, 3.199999999999999734, 2.499999999999996003 ) ) ;
#5312 = ORIENTED_EDGE ( 'NONE', *, *, #1313, .T. ) ;
#5313 = CARTESIAN_POINT ( 'NONE',  ( 35.89999999999998437, 2.000000000000000000, -5.499999999999999112 ) ) ;
#5314 = EDGE_LOOP ( 'NONE', ( #417, #594, #4457, #1253 ) ) ;
#5315 = VECTOR ( 'NONE', #6664, 1000.000000000000000 ) ;
#5316 = VERTEX_POINT ( 'NONE', #434 ) ;
#5317 = LINE ( 'NONE', #5284, #4526 ) ;
#5318 = DIRECTION ( 'NONE',  ( 0.000000000000000000, -1.000000000000000000, 0.000000000000000000 ) ) ;
#5319 = DIRECTION ( 'NONE',  ( -0.000000000000000000, -1.000000000000000000, -0.000000000000000000 ) ) ;
#5320 = EDGE_CURVE ( 'NONE', #857, #44, #6553, .T. ) ;
#5321 = EDGE_CURVE ( 'NONE', #2742, #3390, #6990, .T. ) ;
#5322 = CARTESIAN_POINT ( 'NONE',  ( -14.90000000000001101, 2.000000000000000000, -4.499999999999999112 ) ) ;
#5323 = APPLICATION_CONTEXT ( 'automotive_design' ) ;
#5324 = ORIENTED_EDGE ( 'NONE', *, *, #700, .T. ) ;
#5325 = ORIENTED_EDGE ( 'NONE', *, *, #4664, .F. ) ;
#5326 = CARTESIAN_POINT ( 'NONE',  ( -16.50000000000000355, 4.000000000000000000, 12.00000000000000355 ) ) ;
#5327 = EDGE_CURVE ( 'NONE', #484, #6054, #4816, .T. ) ;
#5328 = CARTESIAN_POINT ( 'NONE',  ( -27.00000000000000355, 3.199999999999999734, 2.499999999999995115 ) ) ;
#5329 = DIRECTION ( 'NONE',  ( -1.000000000000000000, -0.000000000000000000, -1.445602896647344340E-16 ) ) ;
#5330 = LINE ( 'NONE', #2520, #6074 ) ;
#5331 = ORIENTED_EDGE ( 'NONE', *, *, #6152, .F. ) ;
#5332 = ADVANCED_FACE ( 'NONE', ( #1075 ), #3271, .F. ) ;
#5333 = AXIS2_PLACEMENT_3D ( 'NONE', #2992, #2413, #1169 ) ;
#5334 = DIRECTION ( 'NONE',  ( -0.000000000000000000, -1.000000000000000000, -0.000000000000000000 ) ) ;
#5335 = FACE_OUTER_BOUND ( 'NONE', #1844, .T. ) ;
#5336 = DIRECTION ( 'NONE',  ( -0.000000000000000000, -0.000000000000000000, -1.000000000000000000 ) ) ;
#5337 = AXIS2_PLACEMENT_3D ( 'NONE', #3443, #103, #5645 ) ;
#5338 = DIRECTION ( 'NONE',  ( 1.000000000000000000, -0.000000000000000000, -0.000000000000000000 ) ) ;
#5339 = DIRECTION ( 'NONE',  ( 0.000000000000000000, 0.000000000000000000, 1.000000000000000000 ) ) ;
#5340 = VERTEX_POINT ( 'NONE', #7026 ) ;
#5341 = ORIENTED_EDGE ( 'NONE', *, *, #4438, .T. ) ;
#5342 = DIRECTION ( 'NONE',  ( 0.000000000000000000, 0.000000000000000000, -1.000000000000000000 ) ) ;
#5343 = VECTOR ( 'NONE', #5953, 1000.000000000000000 ) ;
#5344 = CARTESIAN_POINT ( 'NONE',  ( -9.000000000000007105, 2.700000000000000178, 4.599999999999998757 ) ) ;
#5345 = CARTESIAN_POINT ( 'NONE',  ( -38.90000000000001990, 2.700000000000000178, -5.499999999999999112 ) ) ;
#5346 = EDGE_LOOP ( 'NONE', ( #1096, #3975, #1865, #3056 ) ) ;
#5347 = LINE ( 'NONE', #926, #2864 ) ;
#5348 = VECTOR ( 'NONE', #6712, 1000.000000000000000 ) ;
#5349 = EDGE_LOOP ( 'NONE', ( #2465, #4916, #1784, #3238 ) ) ;
#5350 = ORIENTED_EDGE ( 'NONE', *, *, #5110, .F. ) ;
#5351 = DIRECTION ( 'NONE',  ( 1.000000000000000000, 0.000000000000000000, 1.445602896647344340E-16 ) ) ;
#5352 = FACE_OUTER_BOUND ( 'NONE', #2477, .T. ) ;
#5353 = LINE ( 'NONE', #5927, #2516 ) ;
#5354 = CARTESIAN_POINT ( 'NONE',  ( -39.00000000000000711, 3.199999999999999734, 2.499999999999995115 ) ) ;
#5355 = ORIENTED_EDGE ( 'NONE', *, *, #4746, .T. ) ;
#5356 = ORIENTED_EDGE ( 'NONE', *, *, #3386, .F. ) ;
#5357 = LINE ( 'NONE', #5426, #1781 ) ;
#5358 = ADVANCED_FACE ( 'NONE', ( #470 ), #2046, .T. ) ;
#5359 = FACE_OUTER_BOUND ( 'NONE', #3399, .T. ) ;
#5360 = ADVANCED_FACE ( 'NONE', ( #3166 ), #6479, .F. ) ;
#5361 = EDGE_CURVE ( 'NONE', #4637, #5600, #2802, .T. ) ;
#5362 = EDGE_CURVE ( 'NONE', #2796, #6136, #4996, .T. ) ;
#5363 = CARTESIAN_POINT ( 'NONE',  ( -12.10000000000001386, 2.700000000000000178, -4.499999999999999112 ) ) ;
#5364 = CARTESIAN_POINT ( 'NONE',  ( -30.10000000000001563, 2.000000000000000000, -5.499999999999999112 ) ) ;
#5365 = ORIENTED_EDGE ( 'NONE', *, *, #659, .T. ) ;
#5366 = PLANE ( 'NONE',  #6813 ) ;
#5367 = CARTESIAN_POINT ( 'NONE',  ( 35.99999999999999289, 2.000000000000000000, 2.499999999999996003 ) ) ;
#5368 = EDGE_CURVE ( 'NONE', #1230, #587, #3882, .T. ) ;
#5369 = DIRECTION ( 'NONE',  ( 0.000000000000000000, 0.000000000000000000, -1.000000000000000000 ) ) ;
#5370 = DIRECTION ( 'NONE',  ( 1.000000000000000000, -0.000000000000000000, 2.891205793294675861E-16 ) ) ;
#5371 = EDGE_LOOP ( 'NONE', ( #1902, #6972, #6609, #678 ) ) ;
#5372 = ORIENTED_EDGE ( 'NONE', *, *, #6958, .T. ) ;
#5373 = PLANE ( 'NONE',  #1510 ) ;
#5374 = PLANE ( 'NONE',  #575 ) ;
#5375 = CARTESIAN_POINT ( 'NONE',  ( -32.00000000000001421, 2.700000000000000178, 4.599999999999998757 ) ) ;
#5376 = ORIENTED_EDGE ( 'NONE', *, *, #7017, .T. ) ;
#5377 = CARTESIAN_POINT ( 'NONE',  ( -26.50000000000000711, 4.000000000000000000, -12.00000000000000000 ) ) ;
#5378 = ORIENTED_EDGE ( 'NONE', *, *, #790, .T. ) ;
#5379 = ORIENTED_EDGE ( 'NONE', *, *, #6548, .T. ) ;
#5380 = CARTESIAN_POINT ( 'NONE',  ( 39.09999999999998010, 2.700000000000000178, -4.499999999999999112 ) ) ;
#5381 = CARTESIAN_POINT ( 'NONE',  ( 0.000000000000000000, 3.199999999999999734, 0.000000000000000000 ) ) ;
#5382 = DIRECTION ( 'NONE',  ( -0.000000000000000000, -1.000000000000000000, -0.000000000000000000 ) ) ;
#5383 = VECTOR ( 'NONE', #2804, 1000.000000000000000 ) ;
#5384 = DIRECTION ( 'NONE',  ( -0.000000000000000000, -1.000000000000000000, -0.000000000000000000 ) ) ;
#5385 = ORIENTED_EDGE ( 'NONE', *, *, #3416, .F. ) ;
#5386 = ORIENTED_EDGE ( 'NONE', *, *, #4387, .T. ) ;
#5387 = LINE ( 'NONE', #1033, #3604 ) ;
#5388 = DIRECTION ( 'NONE',  ( 0.000000000000000000, 0.000000000000000000, -1.000000000000000000 ) ) ;
#5389 = VECTOR ( 'NONE', #5280, 1000.000000000000000 ) ;
#5390 = VECTOR ( 'NONE', #1955, 1000.000000000000000 ) ;
#5391 = ADVANCED_FACE ( 'NONE', ( #2222 ), #3955, .F. ) ;
#5392 = EDGE_CURVE ( 'NONE', #4440, #6120, #6077, .T. ) ;
#5393 = CARTESIAN_POINT ( 'NONE',  ( 9.099999999999983658, 2.700000000000000178, -4.499999999999999112 ) ) ;
#5394 = VECTOR ( 'NONE', #1771, 1000.000000000000000 ) ;
#5395 = EDGE_LOOP ( 'NONE', ( #5956, #4591, #2684, #1934 ) ) ;
#5396 = FACE_OUTER_BOUND ( 'NONE', #5050, .T. ) ;
#5397 = VECTOR ( 'NONE', #985, 1000.000000000000000 ) ;
#5398 = ORIENTED_EDGE ( 'NONE', *, *, #5459, .T. ) ;
#5399 = CARTESIAN_POINT ( 'NONE',  ( 16.50000000000000355, 4.000000000000000000, 12.00000000000000355 ) ) ;
#5400 = EDGE_CURVE ( 'NONE', #1575, #2610, #152, .T. ) ;
#5401 = FACE_OUTER_BOUND ( 'NONE', #4218, .T. ) ;
#5402 = VECTOR ( 'NONE', #6050, 1000.000000000000000 ) ;
#5403 = DIRECTION ( 'NONE',  ( 1.000000000000000000, -0.000000000000000000, 0.000000000000000000 ) ) ;
#5404 = PLANE ( 'NONE',  #2636 ) ;
#5405 = ORIENTED_EDGE ( 'NONE', *, *, #2556, .T. ) ;
#5406 = VERTEX_POINT ( 'NONE', #2466 ) ;
#5407 = EDGE_CURVE ( 'NONE', #2625, #4579, #3343, .T. ) ;
#5408 = AXIS2_PLACEMENT_3D ( 'NONE', #1580, #6044, #5428 ) ;
#5409 = DIRECTION ( 'NONE',  ( 0.000000000000000000, 0.000000000000000000, 1.000000000000000000 ) ) ;
#5410 = DIRECTION ( 'NONE',  ( 1.000000000000000000, -0.000000000000000000, 2.891205793294682764E-16 ) ) ;
#5411 = VECTOR ( 'NONE', #1360, 1000.000000000000000 ) ;
#5412 = DIRECTION ( 'NONE',  ( 0.000000000000000000, -1.000000000000000000, 0.000000000000000000 ) ) ;
#5413 = ORIENTED_EDGE ( 'NONE', *, *, #5952, .F. ) ;
#5414 = CARTESIAN_POINT ( 'NONE',  ( -46.50000000000000711, 4.000000000000000000, 12.00000000000000000 ) ) ;
#5415 = ORIENTED_EDGE ( 'NONE', *, *, #2186, .F. ) ;
#5416 = EDGE_LOOP ( 'NONE', ( #2429, #6280, #51, #4327 ) ) ;
#5417 = DIRECTION ( 'NONE',  ( -1.000000000000000000, 0.000000000000000000, -0.000000000000000000 ) ) ;
#5418 = EDGE_CURVE ( 'NONE', #2460, #996, #38, .T. ) ;
#5419 = AXIS2_PLACEMENT_3D ( 'NONE', #171, #2860, #4085 ) ;
#5420 = CARTESIAN_POINT ( 'NONE',  ( -9.000000000000007105, 2.000000000000000000, 7.399999999999998579 ) ) ;
#5421 = CARTESIAN_POINT ( 'NONE',  ( 11.89999999999998082, 2.700000000000000178, -5.499999999999999112 ) ) ;
#5422 = FACE_OUTER_BOUND ( 'NONE', #6391, .T. ) ;
#5423 = AXIS2_PLACEMENT_3D ( 'NONE', #3748, #2667, #6965 ) ;
#5424 = ORIENTED_EDGE ( 'NONE', *, *, #6773, .F. ) ;
#5425 = ORIENTED_EDGE ( 'NONE', *, *, #902, .F. ) ;
#5426 = CARTESIAN_POINT ( 'NONE',  ( 0.000000000000000000, 3.199999999999999734, 2.499999999999996003 ) ) ;
#5427 = FACE_OUTER_BOUND ( 'NONE', #3515, .T. ) ;
#5428 = DIRECTION ( 'NONE',  ( -1.000000000000000000, 0.000000000000000000, -0.000000000000000000 ) ) ;
#5429 = FACE_OUTER_BOUND ( 'NONE', #3007, .T. ) ;
#5430 = ORIENTED_EDGE ( 'NONE', *, *, #6506, .F. ) ;
#5431 = DIRECTION ( 'NONE',  ( -0.000000000000000000, -0.000000000000000000, -1.000000000000000000 ) ) ;
#5432 = ORIENTED_EDGE ( 'NONE', *, *, #6371, .F. ) ;
#5433 = CARTESIAN_POINT ( 'NONE',  ( -36.00000000000000711, 3.199999999999999734, 2.499999999999996003 ) ) ;
#5434 = LINE ( 'NONE', #5505, #3221 ) ;
#5435 = VECTOR ( 'NONE', #570, 1000.000000000000000 ) ;
#5436 = CARTESIAN_POINT ( 'NONE',  ( -33.00000000000001421, 2.000000000000000000, 4.599999999999998757 ) ) ;
#5437 = CARTESIAN_POINT ( 'NONE',  ( 36.50000000000000711, 4.000000000000000000, -12.00000000000000355 ) ) ;
#5438 = EDGE_CURVE ( 'NONE', #390, #4291, #5573, .T. ) ;
#5439 = VERTEX_POINT ( 'NONE', #6117 ) ;
#5440 = ORIENTED_EDGE ( 'NONE', *, *, #537, .F. ) ;
#5441 = EDGE_CURVE ( 'NONE', #2234, #968, #4419, .T. ) ;
#5442 = CARTESIAN_POINT ( 'NONE',  ( -9.000000000000001776, 3.199999999999999734, 2.499999999999995115 ) ) ;
#5443 = EDGE_CURVE ( 'NONE', #2217, #1423, #73, .T. ) ;
#5444 = LINE ( 'NONE', #1120, #4016 ) ;
#5445 = VECTOR ( 'NONE', #2006, 1000.000000000000000 ) ;
#5446 = VERTEX_POINT ( 'NONE', #2837 ) ;
#5447 = LINE ( 'NONE', #2713, #1435 ) ;
#5448 = ADVANCED_FACE ( 'NONE', ( #1727 ), #1798, .F. ) ;
#5449 = ORIENTED_EDGE ( 'NONE', *, *, #2508, .T. ) ;
#5450 = FACE_OUTER_BOUND ( 'NONE', #4406, .T. ) ;
#5451 = ORIENTED_EDGE ( 'NONE', *, *, #4532, .T. ) ;
#5452 = VECTOR ( 'NONE', #5826, 1000.000000000000000 ) ;
#5453 = ORIENTED_EDGE ( 'NONE', *, *, #3568, .T. ) ;
#5454 = CARTESIAN_POINT ( 'NONE',  ( -27.00000000000000355, 2.000000000000000000, 2.499999999999995115 ) ) ;
#5455 = DIRECTION ( 'NONE',  ( -0.000000000000000000, -1.000000000000000000, -0.000000000000000000 ) ) ;
#5456 = CARTESIAN_POINT ( 'NONE',  ( -36.00000000000000711, 2.000000000000000000, -2.500000000000004441 ) ) ;
#5457 = AXIS2_PLACEMENT_3D ( 'NONE', #910, #310, #6414 ) ;
#5458 = CARTESIAN_POINT ( 'NONE',  ( 15.09999999999997478, 2.000000000000000000, -5.499999999999999112 ) ) ;
#5459 = EDGE_CURVE ( 'NONE', #6343, #4196, #577, .T. ) ;
#5460 = VERTEX_POINT ( 'NONE', #1690 ) ;
#5461 = ORIENTED_EDGE ( 'NONE', *, *, #5418, .F. ) ;
#5462 = DIRECTION ( 'NONE',  ( 0.000000000000000000, 0.000000000000000000, -1.000000000000000000 ) ) ;
#5463 = CARTESIAN_POINT ( 'NONE',  ( 36.50000000000000711, 0.000000000000000000, -10.00000000000000000 ) ) ;
#5464 = CARTESIAN_POINT ( 'NONE',  ( 15.00000000000000000, 2.000000000000000000, 2.499999999999995115 ) ) ;
#5465 = DIRECTION ( 'NONE',  ( -1.000000000000000000, -0.000000000000000000, -1.445602896647337931E-16 ) ) ;
#5466 = PLANE ( 'NONE',  #3554 ) ;
#5467 = ORIENTED_EDGE ( 'NONE', *, *, #2283, .F. ) ;
#5468 = CARTESIAN_POINT ( 'NONE',  ( -37.00000000000002132, 2.000000000000000000, 4.599999999999998757 ) ) ;
#5469 = ORIENTED_EDGE ( 'NONE', *, *, #1683, .T. ) ;
#5470 = DIRECTION ( 'NONE',  ( 1.000000000000000000, 0.000000000000000000, -0.000000000000000000 ) ) ;
#5471 = DIRECTION ( 'NONE',  ( 0.000000000000000000, 0.000000000000000000, -1.000000000000000000 ) ) ;
#5472 = DIRECTION ( 'NONE',  ( -0.000000000000000000, -0.000000000000000000, -1.000000000000000000 ) ) ;
#5473 = DIRECTION ( 'NONE',  ( 1.000000000000000000, -0.000000000000000000, -0.000000000000000000 ) ) ;
#5474 = VERTEX_POINT ( 'NONE', #3920 ) ;
#5475 = VERTEX_POINT ( 'NONE', #5028 ) ;
#5476 = LINE ( 'NONE', #4833, #5192 ) ;
#5477 = LINE ( 'NONE', #1054, #1604 ) ;
#5478 = DIRECTION ( 'NONE',  ( 0.000000000000000000, -0.000000000000000000, -1.000000000000000000 ) ) ;
#5479 = ORIENTED_EDGE ( 'NONE', *, *, #1060, .T. ) ;
#5480 = EDGE_CURVE ( 'NONE', #3275, #2027, #1183, .T. ) ;
#5481 = CARTESIAN_POINT ( 'NONE',  ( -18.10000000000001918, 2.700000000000000178, -4.499999999999999112 ) ) ;
#5482 = ADVANCED_FACE ( 'NONE', ( #1763 ), #6154, .F. ) ;
#5483 = EDGE_LOOP ( 'NONE', ( #5884, #6481, #345, #5386 ) ) ;
#5484 = ORIENTED_EDGE ( 'NONE', *, *, #482, .T. ) ;
#5485 = DIRECTION ( 'NONE',  ( -0.000000000000000000, -1.000000000000000000, -0.000000000000000000 ) ) ;
#5486 = PLANE ( 'NONE',  #4606 ) ;
#5487 = EDGE_CURVE ( 'NONE', #2815, #4788, #2331, .T. ) ;
#5488 = DIRECTION ( 'NONE',  ( -0.000000000000000000, -0.000000000000000000, 1.000000000000000000 ) ) ;
#5489 = PLANE ( 'NONE',  #2696 ) ;
#5490 = ORIENTED_EDGE ( 'NONE', *, *, #4116, .T. ) ;
#5491 = ORIENTED_EDGE ( 'NONE', *, *, #6823, .F. ) ;
#5492 = CARTESIAN_POINT ( 'NONE',  ( -5.999999999999998224, 2.000000000000000000, -2.500000000000004441 ) ) ;
#5493 = DIRECTION ( 'NONE',  ( -0.000000000000000000, -0.000000000000000000, -1.000000000000000000 ) ) ;
#5494 = EDGE_CURVE ( 'NONE', #3219, #2634, #5745, .T. ) ;
#5495 = PLANE ( 'NONE',  #3669 ) ;
#5496 = VECTOR ( 'NONE', #4785, 1000.000000000000000 ) ;
#5497 = CARTESIAN_POINT ( 'NONE',  ( 26.50000000000000711, 2.000000000000000000, -12.00000000000000000 ) ) ;
#5498 = DIRECTION ( 'NONE',  ( -0.000000000000000000, -1.000000000000000000, -0.000000000000000000 ) ) ;
#5499 = ORIENTED_EDGE ( 'NONE', *, *, #3819, .F. ) ;
#5500 = PLANE ( 'NONE',  #5843 ) ;
#5501 = VECTOR ( 'NONE', #2294, 1000.000000000000000 ) ;
#5502 = ORIENTED_EDGE ( 'NONE', *, *, #2712, .T. ) ;
#5503 = PLANE ( 'NONE',  #6003 ) ;
#5504 = VECTOR ( 'NONE', #4709, 1000.000000000000000 ) ;
#5505 = CARTESIAN_POINT ( 'NONE',  ( 30.00000000000000000, 2.000000000000000000, -2.500000000000004441 ) ) ;
#5506 = ADVANCED_FACE ( 'NONE', ( #1461 ), #6978, .F. ) ;
#5507 = VECTOR ( 'NONE', #3858, 1000.000000000000000 ) ;
#5508 = CARTESIAN_POINT ( 'NONE',  ( 33.09999999999998721, 2.700000000000000178, -4.499999999999999112 ) ) ;
#5509 = VECTOR ( 'NONE', #4374, 1000.000000000000000 ) ;
#5510 = CARTESIAN_POINT ( 'NONE',  ( -46.50000000000000711, 0.000000000000000000, 10.00000000000000000 ) ) ;
#5511 = ORIENTED_EDGE ( 'NONE', *, *, #1536, .F. ) ;
#5512 = VERTEX_POINT ( 'NONE', #2070 ) ;
#5513 = CARTESIAN_POINT ( 'NONE',  ( 2.999999999999995559, 3.199999999999999734, -2.500000000000004885 ) ) ;
#5514 = VECTOR ( 'NONE', #3961, 1000.000000000000000 ) ;
#5515 = CARTESIAN_POINT ( 'NONE',  ( -24.10000000000000853, 2.000000000000000000, -5.499999999999999112 ) ) ;
#5516 = PLANE ( 'NONE',  #1900 ) ;
#5517 = EDGE_LOOP ( 'NONE', ( #6359, #5811, #1196, #6502 ) ) ;
#5518 = DIRECTION ( 'NONE',  ( -0.000000000000000000, -1.000000000000000000, -0.000000000000000000 ) ) ;
#5519 = ORIENTED_EDGE ( 'NONE', *, *, #2055, .F. ) ;
#5520 = VECTOR ( 'NONE', #5465, 1000.000000000000000 ) ;
#5521 = ORIENTED_EDGE ( 'NONE', *, *, #5270, .F. ) ;
#5522 = CARTESIAN_POINT ( 'NONE',  ( -26.90000000000000568, 2.000000000000000000, -4.499999999999999112 ) ) ;
#5523 = DIRECTION ( 'NONE',  ( 1.000000000000000000, -0.000000000000000000, 0.000000000000000000 ) ) ;
#5524 = LINE ( 'NONE', #5456, #7129 ) ;
#5525 = AXIS2_PLACEMENT_3D ( 'NONE', #4127, #2326, #6326 ) ;
#5526 = DIRECTION ( 'NONE',  ( -1.000000000000000000, 0.000000000000000000, 0.000000000000000000 ) ) ;
#5527 = VERTEX_POINT ( 'NONE', #4295 ) ;
#5528 = ORIENTED_EDGE ( 'NONE', *, *, #2681, .T. ) ;
#5529 = CARTESIAN_POINT ( 'NONE',  ( 21.00000000000000355, 3.199999999999999734, -2.500000000000004885 ) ) ;
#5530 = VECTOR ( 'NONE', #1268, 1000.000000000000000 ) ;
#5531 = CARTESIAN_POINT ( 'NONE',  ( -5.999999999999998224, 2.000000000000000000, 2.499999999999996003 ) ) ;
#5532 = DIRECTION ( 'NONE',  ( -1.000000000000000000, 0.000000000000000000, 0.000000000000000000 ) ) ;
#5533 = EDGE_CURVE ( 'NONE', #951, #5095, #5820, .T. ) ;
#5534 = EDGE_CURVE ( 'NONE', #2646, #6518, #889, .T. ) ;
#5535 = VECTOR ( 'NONE', #6771, 1000.000000000000000 ) ;
#5536 = LINE ( 'NONE', #7096, #5641 ) ;
#5537 = DIRECTION ( 'NONE',  ( -0.000000000000000000, -0.000000000000000000, -1.000000000000000000 ) ) ;
#5538 = EDGE_CURVE ( 'NONE', #5905, #2603, #2541, .T. ) ;
#5539 = VERTEX_POINT ( 'NONE', #2608 ) ;
#5540 = FACE_OUTER_BOUND ( 'NONE', #891, .T. ) ;
#5541 = ORIENTED_EDGE ( 'NONE', *, *, #414, .T. ) ;
#5542 = VECTOR ( 'NONE', #6113, 1000.000000000000000 ) ;
#5543 = LINE ( 'NONE', #618, #1514 ) ;
#5544 = DIRECTION ( 'NONE',  ( -0.000000000000000000, -1.000000000000000000, -0.000000000000000000 ) ) ;
#5545 = CARTESIAN_POINT ( 'NONE',  ( -42.00000000000000000, 2.000000000000000000, -2.500000000000004441 ) ) ;
#5546 = EDGE_CURVE ( 'NONE', #1649, #5439, #4159, .T. ) ;
#5547 = PLANE ( 'NONE',  #2509 ) ;
#5548 = ORIENTED_EDGE ( 'NONE', *, *, #6958, .F. ) ;
#5549 = VERTEX_POINT ( 'NONE', #3725 ) ;
#5550 = LINE ( 'NONE', #3969, #1629 ) ;
#5551 = CARTESIAN_POINT ( 'NONE',  ( -42.10000000000001563, 2.700000000000000178, -5.499999999999999112 ) ) ;
#5552 = VECTOR ( 'NONE', #4274, 1000.000000000000000 ) ;
#5553 = LINE ( 'NONE', #1164, #6968 ) ;
#5554 = VERTEX_POINT ( 'NONE', #5888 ) ;
#5555 = CARTESIAN_POINT ( 'NONE',  ( 8.999999999999994671, 3.199999999999999734, 2.499999999999995115 ) ) ;
#5556 = ORIENTED_EDGE ( 'NONE', *, *, #603, .T. ) ;
#5557 = ORIENTED_EDGE ( 'NONE', *, *, #5044, .F. ) ;
#5558 = ORIENTED_EDGE ( 'NONE', *, *, #3374, .T. ) ;
#5559 = DIRECTION ( 'NONE',  ( 1.000000000000000000, -0.000000000000000000, 0.000000000000000000 ) ) ;
#5560 = CARTESIAN_POINT ( 'NONE',  ( -24.10000000000000853, 2.700000000000000178, -5.499999999999999112 ) ) ;
#5561 = AXIS2_PLACEMENT_3D ( 'NONE', #6431, #893, #6875 ) ;
#5562 = CARTESIAN_POINT ( 'NONE',  ( 41.89999999999997726, 2.700000000000000178, -5.499999999999999112 ) ) ;
#5563 = CYLINDRICAL_SURFACE ( 'NONE', #3041, 2.000000000000000000 ) ;
#5564 = ADVANCED_FACE ( 'NONE', ( #4739 ), #6358, .T. ) ;
#5565 = ORIENTED_EDGE ( 'NONE', *, *, #5321, .F. ) ;
#5566 = VECTOR ( 'NONE', #4222, 1000.000000000000000 ) ;
#5567 = VERTEX_POINT ( 'NONE', #453 ) ;
#5568 = CARTESIAN_POINT ( 'NONE',  ( 11.89999999999998082, 2.700000000000000178, -4.499999999999999112 ) ) ;
#5569 = LINE ( 'NONE', #6072, #2196 ) ;
#5570 = DIRECTION ( 'NONE',  ( 1.000000000000000000, 0.000000000000000000, 3.469446951953613696E-16 ) ) ;
#5571 = AXIS2_PLACEMENT_3D ( 'NONE', #5985, #5403, #5369 ) ;
#5572 = ORIENTED_EDGE ( 'NONE', *, *, #6371, .T. ) ;
#5573 = LINE ( 'NONE', #4454, #2519 ) ;
#5574 = VERTEX_POINT ( 'NONE', #4839 ) ;
#5575 = DIRECTION ( 'NONE',  ( 0.000000000000000000, 0.000000000000000000, 1.000000000000000000 ) ) ;
#5576 = ADVANCED_FACE ( 'NONE', ( #2502 ), #6462, .T. ) ;
#5577 = VECTOR ( 'NONE', #5187, 1000.000000000000000 ) ;
#5578 = EDGE_CURVE ( 'NONE', #2610, #5580, #4772, .T. ) ;
#5579 = EDGE_CURVE ( 'NONE', #716, #1773, #3148, .T. ) ;
#5580 = VERTEX_POINT ( 'NONE', #5921 ) ;
#5581 = CARTESIAN_POINT ( 'NONE',  ( 14.99999999999997158, 2.000000000000000000, 7.399999999999998579 ) ) ;
#5582 = EDGE_CURVE ( 'NONE', #734, #4804, #5347, .T. ) ;
#5583 = DIRECTION ( 'NONE',  ( -1.000000000000000000, 0.000000000000000000, -0.000000000000000000 ) ) ;
#5584 = DIRECTION ( 'NONE',  ( -0.000000000000000000, -0.000000000000000000, -1.000000000000000000 ) ) ;
#5585 = CARTESIAN_POINT ( 'NONE',  ( -42.10000000000001563, 2.700000000000000178, -4.499999999999999112 ) ) ;
#5586 = VERTEX_POINT ( 'NONE', #6945 ) ;
#5587 = CARTESIAN_POINT ( 'NONE',  ( -24.00000000000000000, 3.199999999999999734, -2.500000000000004441 ) ) ;
#5588 = DIRECTION ( 'NONE',  ( -1.000000000000000000, 0.000000000000000000, -0.000000000000000000 ) ) ;
#5589 = EDGE_CURVE ( 'NONE', #5475, #2460, #3624, .T. ) ;
#5590 = PLANE ( 'NONE',  #2297 ) ;
#5591 = PLANE ( 'NONE',  #6150 ) ;
#5592 = ORIENTED_EDGE ( 'NONE', *, *, #5392, .F. ) ;
#5593 = LINE ( 'NONE', #5051, #4363 ) ;
#5594 = ORIENTED_EDGE ( 'NONE', *, *, #656, .F. ) ;
#5595 = VERTEX_POINT ( 'NONE', #3585 ) ;
#5596 = ORIENTED_EDGE ( 'NONE', *, *, #6651, .T. ) ;
#5597 = CARTESIAN_POINT ( 'NONE',  ( 45.09999999999997300, 2.700000000000000178, -4.499999999999999112 ) ) ;
#5598 = DIRECTION ( 'NONE',  ( 0.000000000000000000, -1.000000000000000000, 0.000000000000000000 ) ) ;
#5599 = FACE_BOUND ( 'NONE', #3169, .T. ) ;
#5600 = VERTEX_POINT ( 'NONE', #2035 ) ;
#5601 = ORIENTED_EDGE ( 'NONE', *, *, #176, .F. ) ;
#5602 = DIRECTION ( 'NONE',  ( -1.000000000000000000, -0.000000000000000000, -0.000000000000000000 ) ) ;
#5603 = CARTESIAN_POINT ( 'NONE',  ( 26.50000000000000711, 0.000000000000000000, 12.00000000000000000 ) ) ;
#5604 = LINE ( 'NONE', #5067, #2546 ) ;
#5605 = DIRECTION ( 'NONE',  ( -0.000000000000000000, -0.000000000000000000, 1.000000000000000000 ) ) ;
#5606 = PLANE ( 'NONE',  #403 ) ;
#5607 = ORIENTED_EDGE ( 'NONE', *, *, #4660, .T. ) ;
#5608 = DIRECTION ( 'NONE',  ( 1.000000000000000000, -0.000000000000000000, 0.000000000000000000 ) ) ;
#5609 = ORIENTED_EDGE ( 'NONE', *, *, #6519, .F. ) ;
#5610 = CARTESIAN_POINT ( 'NONE',  ( -32.90000000000001279, 2.700000000000000178, -5.499999999999999112 ) ) ;
#5611 = CARTESIAN_POINT ( 'NONE',  ( -26.50000000000000711, 4.000000000000000000, -10.00000000000000000 ) ) ;
#5612 = VECTOR ( 'NONE', #113, 1000.000000000000000 ) ;
#5613 = DIRECTION ( 'NONE',  ( -0.000000000000000000, -0.000000000000000000, 1.000000000000000000 ) ) ;
#5614 = EDGE_CURVE ( 'NONE', #2469, #4033, #4193, .T. ) ;
#5615 = VECTOR ( 'NONE', #4169, 1000.000000000000000 ) ;
#5616 = DIRECTION ( 'NONE',  ( 1.000000000000000000, 0.000000000000000000, 0.000000000000000000 ) ) ;
#5617 = CARTESIAN_POINT ( 'NONE',  ( 23.89999999999997726, 2.700000000000000178, -4.499999999999999112 ) ) ;
#5618 = VECTOR ( 'NONE', #6649, 1000.000000000000000 ) ;
#5619 = EDGE_CURVE ( 'NONE', #2073, #425, #356, .T. ) ;
#5620 = ORIENTED_EDGE ( 'NONE', *, *, #6770, .T. ) ;
#5621 = DIRECTION ( 'NONE',  ( -0.000000000000000000, -0.000000000000000000, 1.000000000000000000 ) ) ;
#5622 = DIRECTION ( 'NONE',  ( -1.000000000000000000, -0.000000000000000000, -0.000000000000000000 ) ) ;
#5623 = VECTOR ( 'NONE', #4666, 1000.000000000000000 ) ;
#5624 = CARTESIAN_POINT ( 'NONE',  ( -16.50000000000000355, 4.000000000000000000, -10.00000000000000000 ) ) ;
#5625 = ADVANCED_FACE ( 'NONE', ( #853 ), #6425, .F. ) ;
#5626 = EDGE_CURVE ( 'NONE', #5951, #6013, #3045, .T. ) ;
#5627 = AXIS2_PLACEMENT_3D ( 'NONE', #2829, #5020, #4986 ) ;
#5628 = DIRECTION ( 'NONE',  ( -1.000000000000000000, 0.000000000000000000, -2.891205793294675368E-16 ) ) ;
#5629 = ORIENTED_EDGE ( 'NONE', *, *, #83, .F. ) ;
#5630 = PLANE ( 'NONE',  #573 ) ;
#5631 = AXIS2_PLACEMENT_3D ( 'NONE', #5733, #2382, #4078 ) ;
#5632 = ADVANCED_FACE ( 'NONE', ( #3833 ), #523, .F. ) ;
#5633 = ORIENTED_EDGE ( 'NONE', *, *, #83, .T. ) ;
#5634 = ORIENTED_EDGE ( 'NONE', *, *, #92, .F. ) ;
#5635 = AXIS2_PLACEMENT_3D ( 'NONE', #476, #47, #2127 ) ;
#5636 = CARTESIAN_POINT ( 'NONE',  ( -9.000000000000007105, 2.700000000000000178, 7.399999999999998579 ) ) ;
#5637 = DIRECTION ( 'NONE',  ( -0.000000000000000000, -0.000000000000000000, -1.000000000000000000 ) ) ;
#5638 = ADVANCED_FACE ( 'NONE', ( #1564 ), #3868, .F. ) ;
#5639 = VECTOR ( 'NONE', #2480, 1000.000000000000000 ) ;
#5640 = FACE_BOUND ( 'NONE', #7057, .T. ) ;
#5641 = VECTOR ( 'NONE', #2255, 1000.000000000000000 ) ;
#5642 = ORIENTED_EDGE ( 'NONE', *, *, #2932, .F. ) ;
#5643 = EDGE_CURVE ( 'NONE', #4758, #4583, #91, .T. ) ;
#5644 = ORIENTED_EDGE ( 'NONE', *, *, #1376, .F. ) ;
#5645 = DIRECTION ( 'NONE',  ( 0.000000000000000000, -0.000000000000000000, -1.000000000000000000 ) ) ;
#5646 = CARTESIAN_POINT ( 'NONE',  ( 15.09999999999997478, 2.000000000000000000, -4.499999999999999112 ) ) ;
#5647 = PLANE ( 'NONE',  #6779 ) ;
#5648 = LINE ( 'NONE', #6764, #1080 ) ;
#5649 = VECTOR ( 'NONE', #3517, 1000.000000000000000 ) ;
#5650 = ORIENTED_EDGE ( 'NONE', *, *, #4607, .F. ) ;
#5651 = ORIENTED_EDGE ( 'NONE', *, *, #1180, .T. ) ;
#5652 = PLANE ( 'NONE',  #5729 ) ;
#5653 = LINE ( 'NONE', #3524, #2432 ) ;
#5654 = CIRCLE ( 'NONE', #4613, 2.000000000000001776 ) ;
#5655 = CARTESIAN_POINT ( 'NONE',  ( -5.999999999999998224, 3.199999999999999734, 2.499999999999996003 ) ) ;
#5656 = LINE ( 'NONE', #2301, #4305 ) ;
#5657 = VECTOR ( 'NONE', #4391, 1000.000000000000000 ) ;
#5658 = LINE ( 'NONE', #122, #5394 ) ;
#5659 = EDGE_LOOP ( 'NONE', ( #130, #39, #132, #2277 ) ) ;
#5660 = CARTESIAN_POINT ( 'NONE',  ( 11.89999999999998082, 2.000000000000000000, -5.499999999999999112 ) ) ;
#5661 = CARTESIAN_POINT ( 'NONE',  ( 15.00000000000000000, 3.199999999999999734, 2.499999999999995115 ) ) ;
#5662 = CARTESIAN_POINT ( 'NONE',  ( 5.899999999999988809, 2.700000000000000178, -5.499999999999999112 ) ) ;
#5663 = CARTESIAN_POINT ( 'NONE',  ( -36.50000000000000711, 4.000000000000000000, -12.00000000000000355 ) ) ;
#5664 = VERTEX_POINT ( 'NONE', #6059 ) ;
#5665 = FACE_OUTER_BOUND ( 'NONE', #4927, .T. ) ;
#5666 = ORIENTED_EDGE ( 'NONE', *, *, #1531, .T. ) ;
#5667 = EDGE_CURVE ( 'NONE', #1981, #5776, #555, .T. ) ;
#5668 = EDGE_CURVE ( 'NONE', #388, #7100, #3322, .T. ) ;
#5669 = VERTEX_POINT ( 'NONE', #4906 ) ;
#5670 = LINE ( 'NONE', #5702, #3810 ) ;
#5671 = PLANE ( 'NONE',  #3673 ) ;
#5672 = EDGE_CURVE ( 'NONE', #5549, #248, #6499, .T. ) ;
#5673 = FACE_BOUND ( 'NONE', #3362, .T. ) ;
#5674 = ORIENTED_EDGE ( 'NONE', *, *, #5096, .F. ) ;
#5675 = VECTOR ( 'NONE', #3560, 1000.000000000000000 ) ;
#5676 = ORIENTED_EDGE ( 'NONE', *, *, #1493, .F. ) ;
#5677 = DIRECTION ( 'NONE',  ( 0.000000000000000000, -1.000000000000000000, 0.000000000000000000 ) ) ;
#5678 = DIRECTION ( 'NONE',  ( -0.000000000000000000, -0.000000000000000000, -1.000000000000000000 ) ) ;
#5679 = CARTESIAN_POINT ( 'NONE',  ( 15.99999999999997335, 2.700000000000000178, 7.399999999999998579 ) ) ;
#5680 = EDGE_CURVE ( 'NONE', #2877, #5279, #5168, .T. ) ;
#5681 = VECTOR ( 'NONE', #217, 1000.000000000000000 ) ;
#5682 = CARTESIAN_POINT ( 'NONE',  ( -53.50000000000000711, 4.000000000000000000, -10.00000000000000000 ) ) ;
#5683 = EDGE_LOOP ( 'NONE', ( #5108, #2250, #1532, #5528 ) ) ;
#5684 = ORIENTED_EDGE ( 'NONE', *, *, #449, .F. ) ;
#5685 = LINE ( 'NONE', #2943, #5274 ) ;
#5686 = DIRECTION ( 'NONE',  ( 1.000000000000000000, -0.000000000000000000, -0.000000000000000000 ) ) ;
#5687 = VECTOR ( 'NONE', #1030, 1000.000000000000000 ) ;
#5688 = CARTESIAN_POINT ( 'NONE',  ( -12.00000000000001066, 2.700000000000000178, 7.399999999999998579 ) ) ;
#5689 = VECTOR ( 'NONE', #1628, 1000.000000000000000 ) ;
#5690 = FACE_OUTER_BOUND ( 'NONE', #2180, .T. ) ;
#5691 = EDGE_LOOP ( 'NONE', ( #2934, #937, #3100, #5052 ) ) ;
#5692 = DIRECTION ( 'NONE',  ( 1.000000000000000000, -0.000000000000000000, -0.000000000000000000 ) ) ;
#5693 = VERTEX_POINT ( 'NONE', #5014 ) ;
#5694 = PLANE ( 'NONE',  #2780 ) ;
#5695 = LINE ( 'NONE', #6747, #4043 ) ;
#5696 = LINE ( 'NONE', #5624, #5176 ) ;
#5697 = PLANE ( 'NONE',  #4194 ) ;
#5698 = VERTEX_POINT ( 'NONE', #5955 ) ;
#5699 = DIRECTION ( 'NONE',  ( -0.000000000000000000, -1.000000000000000000, -0.000000000000000000 ) ) ;
#5700 = VERTEX_POINT ( 'NONE', #2169 ) ;
#5701 = ORIENTED_EDGE ( 'NONE', *, *, #5578, .T. ) ;
#5702 = CARTESIAN_POINT ( 'NONE',  ( -26.90000000000000568, 2.700000000000000178, -5.499999999999999112 ) ) ;
#5703 = CARTESIAN_POINT ( 'NONE',  ( -9.000000000000001776, 3.199999999999999734, -2.500000000000004885 ) ) ;
#5704 = EDGE_CURVE ( 'NONE', #6501, #6472, #3287, .T. ) ;
#5705 = FACE_BOUND ( 'NONE', #6089, .T. ) ;
#5706 = VERTEX_POINT ( 'NONE', #2242 ) ;
#5707 = ORIENTED_EDGE ( 'NONE', *, *, #4392, .T. ) ;
#5708 = ORIENTED_EDGE ( 'NONE', *, *, #2867, .F. ) ;
#5709 = DIRECTION ( 'NONE',  ( -0.000000000000000000, -0.000000000000000000, -1.000000000000000000 ) ) ;
#5710 = EDGE_CURVE ( 'NONE', #4579, #4226, #1020, .T. ) ;
#5711 = FACE_OUTER_BOUND ( 'NONE', #5749, .T. ) ;
#5712 = DIRECTION ( 'NONE',  ( 0.000000000000000000, 0.000000000000000000, -1.000000000000000000 ) ) ;
#5713 = ADVANCED_FACE ( 'NONE', ( #1600 ), #6574, .T. ) ;
#5714 = LINE ( 'NONE', #4527, #6607 ) ;
#5715 = ORIENTED_EDGE ( 'NONE', *, *, #6736, .T. ) ;
#5716 = ORIENTED_EDGE ( 'NONE', *, *, #5680, .T. ) ;
#5717 = CARTESIAN_POINT ( 'NONE',  ( -26.90000000000000568, 2.700000000000000178, -4.499999999999999112 ) ) ;
#5718 = EDGE_CURVE ( 'NONE', #5460, #44, #1640, .T. ) ;
#5719 = CARTESIAN_POINT ( 'NONE',  ( 2.999999999999995559, 2.000000000000000000, 2.499999999999995115 ) ) ;
#5720 = CARTESIAN_POINT ( 'NONE',  ( 11.99999999999998224, 2.700000000000000178, 4.599999999999998757 ) ) ;
#5721 = DIRECTION ( 'NONE',  ( -0.000000000000000000, -0.000000000000000000, -1.000000000000000000 ) ) ;
#5722 = DIRECTION ( 'NONE',  ( -0.000000000000000000, -0.000000000000000000, -1.000000000000000000 ) ) ;
#5723 = ORIENTED_EDGE ( 'NONE', *, *, #5494, .T. ) ;
#5724 = EDGE_CURVE ( 'NONE', #168, #5905, #1124, .T. ) ;
#5725 = FACE_OUTER_BOUND ( 'NONE', #3760, .T. ) ;
#5726 = DIRECTION ( 'NONE',  ( 1.000000000000000000, -0.000000000000000000, 2.891205793294682764E-16 ) ) ;
#5727 = EDGE_CURVE ( 'NONE', #1705, #1086, #4872, .T. ) ;
#5728 = CARTESIAN_POINT ( 'NONE',  ( 14.99999999999997158, 2.000000000000000000, 4.599999999999998757 ) ) ;
#5729 = AXIS2_PLACEMENT_3D ( 'NONE', #2258, #4496, #2401 ) ;
#5730 = EDGE_CURVE ( 'NONE', #5966, #5160, #2137, .T. ) ;
#5731 = DIRECTION ( 'NONE',  ( -0.000000000000000000, -1.000000000000000000, -0.000000000000000000 ) ) ;
#5732 = ORIENTED_EDGE ( 'NONE', *, *, #2053, .F. ) ;
#5733 = CARTESIAN_POINT ( 'NONE',  ( 9.099999999999983658, 2.700000000000000178, -5.499999999999999112 ) ) ;
#5734 = ORIENTED_EDGE ( 'NONE', *, *, #6769, .F. ) ;
#5735 = ORIENTED_EDGE ( 'NONE', *, *, #449, .T. ) ;
#5736 = EDGE_LOOP ( 'NONE', ( #1631, #2012, #5022, #3091 ) ) ;
#5737 = VECTOR ( 'NONE', #3900, 1000.000000000000000 ) ;
#5738 = CARTESIAN_POINT ( 'NONE',  ( 16.50000000000000355, 0.000000000000000000, 12.00000000000000355 ) ) ;
#5739 = AXIS2_PLACEMENT_3D ( 'NONE', #5874, #1477, #3676 ) ;
#5740 = CARTESIAN_POINT ( 'NONE',  ( -45.00000000000000711, 2.000000000000000000, 2.499999999999995115 ) ) ;
#5741 = ORIENTED_EDGE ( 'NONE', *, *, #1714, .T. ) ;
#5742 = FACE_BOUND ( 'NONE', #1347, .T. ) ;
#5743 = VECTOR ( 'NONE', #3036, 1000.000000000000000 ) ;
#5744 = ORIENTED_EDGE ( 'NONE', *, *, #1352, .T. ) ;
#5745 = LINE ( 'NONE', #817, #4467 ) ;
#5746 = VECTOR ( 'NONE', #5243, 1000.000000000000000 ) ;
#5747 = ORIENTED_EDGE ( 'NONE', *, *, #4491, .T. ) ;
#5748 =( NAMED_UNIT ( * ) PLANE_ANGLE_UNIT ( ) SI_UNIT ( $, .RADIAN. ) );
#5749 = EDGE_LOOP ( 'NONE', ( #3717, #625, #1684, #2241 ) ) ;
#5750 = DIRECTION ( 'NONE',  ( -0.000000000000000000, -0.000000000000000000, 1.000000000000000000 ) ) ;
#5751 = FACE_OUTER_BOUND ( 'NONE', #2923, .T. ) ;
#5752 = CARTESIAN_POINT ( 'NONE',  ( 39.99999999999997868, 2.000000000000000000, 4.599999999999998757 ) ) ;
#5753 = AXIS2_PLACEMENT_3D ( 'NONE', #1517, #6967, #4761 ) ;
#5754 = LINE ( 'NONE', #2329, #3033 ) ;
#5755 = EDGE_LOOP ( 'NONE', ( #872, #1583, #5594, #936 ) ) ;
#5756 = ORIENTED_EDGE ( 'NONE', *, *, #5003, .T. ) ;
#5757 = CARTESIAN_POINT ( 'NONE',  ( -2.900000000000013678, 2.700000000000000178, -4.499999999999999112 ) ) ;
#5758 = EDGE_CURVE ( 'NONE', #3044, #6682, #4403, .T. ) ;
#5759 = LINE ( 'NONE', #831, #4501 ) ;
#5760 = EDGE_CURVE ( 'NONE', #4196, #6591, #2789, .T. ) ;
#5761 = EDGE_CURVE ( 'NONE', #1893, #6097, #3797, .T. ) ;
#5762 = LINE ( 'NONE', #2985, #5639 ) ;
#5763 = AXIS2_PLACEMENT_3D ( 'NONE', #208, #1785, #6215 ) ;
#5764 = ADVANCED_FACE ( 'NONE', ( #5450 ), #4006, .F. ) ;
#5765 = CARTESIAN_POINT ( 'NONE',  ( 11.89999999999998082, 2.000000000000000000, -4.499999999999999112 ) ) ;
#5766 = VERTEX_POINT ( 'NONE', #4580 ) ;
#5767 = DIRECTION ( 'NONE',  ( 1.000000000000000000, -0.000000000000000000, 2.891205793294688680E-16 ) ) ;
#5768 = ORIENTED_EDGE ( 'NONE', *, *, #1801, .T. ) ;
#5769 = VECTOR ( 'NONE', #673, 1000.000000000000000 ) ;
#5770 = PLANE ( 'NONE',  #4358 ) ;
#5771 = CARTESIAN_POINT ( 'NONE',  ( 46.50000000000000711, 4.000000000000000000, 12.00000000000000000 ) ) ;
#5772 = DIRECTION ( 'NONE',  ( 0.000000000000000000, -0.000000000000000000, -1.000000000000000000 ) ) ;
#5773 = ADVANCED_FACE ( 'NONE', ( #1891 ), #6789, .F. ) ;
#5774 = VECTOR ( 'NONE', #3348, 1000.000000000000000 ) ;
#5775 = CARTESIAN_POINT ( 'NONE',  ( -0.1000000000000167422, 2.700000000000000178, -4.499999999999999112 ) ) ;
#5776 = VERTEX_POINT ( 'NONE', #809 ) ;
#5777 = CARTESIAN_POINT ( 'NONE',  ( 0.000000000000000000, 2.000000000000000000, -10.00000000000000000 ) ) ;
#5778 = VERTEX_POINT ( 'NONE', #2999 ) ;
#5779 = ORIENTED_EDGE ( 'NONE', *, *, #4270, .T. ) ;
#5780 = PLANE ( 'NONE',  #2888 ) ;
#5781 = CARTESIAN_POINT ( 'NONE',  ( -45.00000000000000711, 3.199999999999999734, -2.500000000000004885 ) ) ;
#5782 = CARTESIAN_POINT ( 'NONE',  ( -51.50000000000000711, 2.000000000000000000, -10.00000000000000000 ) ) ;
#5783 = VERTEX_POINT ( 'NONE', #4546 ) ;
#5784 = DIRECTION ( 'NONE',  ( 0.000000000000000000, 0.000000000000000000, 1.000000000000000000 ) ) ;
#5785 = ORIENTED_EDGE ( 'NONE', *, *, #5534, .T. ) ;
#5786 = ORIENTED_EDGE ( 'NONE', *, *, #2986, .T. ) ;
#5787 = DIRECTION ( 'NONE',  ( 1.000000000000000000, -0.000000000000000000, 0.000000000000000000 ) ) ;
#5788 = CARTESIAN_POINT ( 'NONE',  ( -46.50000000000000711, 2.000000000000000000, 12.00000000000000000 ) ) ;
#5789 = DIRECTION ( 'NONE',  ( 2.891205793294675368E-16, 0.000000000000000000, -1.000000000000000000 ) ) ;
#5790 = PRODUCT_DEFINITION_FORMATION_WITH_SPECIFIED_SOURCE ( 'ANY', '', #1574, .NOT_KNOWN. ) ;
#5791 = DIRECTION ( 'NONE',  ( 1.000000000000000000, -0.000000000000000000, 0.000000000000000000 ) ) ;
#5792 = VERTEX_POINT ( 'NONE', #1346 ) ;
#5793 = EDGE_LOOP ( 'NONE', ( #1005, #2825, #241, #1294 ) ) ;
#5794 = LINE ( 'NONE', #1943, #4699 ) ;
#5795 = PLANE ( 'NONE',  #6235 ) ;
#5796 = VECTOR ( 'NONE', #3407, 1000.000000000000000 ) ;
#5797 = DIRECTION ( 'NONE',  ( -0.000000000000000000, 0.000000000000000000, 1.000000000000000000 ) ) ;
#5798 = ADVANCED_FACE ( 'NONE', ( #5665 ), #6679, .F. ) ;
#5799 = EDGE_CURVE ( 'NONE', #3119, #4338, #2420, .T. ) ;
#5800 = CARTESIAN_POINT ( 'NONE',  ( 3.099999999999991651, 2.000000000000000000, -5.499999999999999112 ) ) ;
#5801 = LINE ( 'NONE', #304, #3088 ) ;
#5802 = AXIS2_PLACEMENT_3D ( 'NONE', #1503, #4779, #6107 ) ;
#5803 = ORIENTED_EDGE ( 'NONE', *, *, #2843, .T. ) ;
#5804 = DIRECTION ( 'NONE',  ( -0.000000000000000000, -0.000000000000000000, -1.000000000000000000 ) ) ;
#5805 = EDGE_CURVE ( 'NONE', #5316, #4257, #5088, .T. ) ;
#5806 = DIRECTION ( 'NONE',  ( -1.000000000000000000, 0.000000000000000000, 0.000000000000000000 ) ) ;
#5807 = VECTOR ( 'NONE', #6071, 1000.000000000000000 ) ;
#5808 = LINE ( 'NONE', #3104, #4483 ) ;
#5809 = AXIS2_PLACEMENT_3D ( 'NONE', #120, #6632, #6775 ) ;
#5810 = DIRECTION ( 'NONE',  ( -0.000000000000000000, -0.000000000000000000, -1.000000000000000000 ) ) ;
#5811 = ORIENTED_EDGE ( 'NONE', *, *, #414, .F. ) ;
#5812 = CARTESIAN_POINT ( 'NONE',  ( 35.99999999999999289, 3.199999999999999734, 2.499999999999996003 ) ) ;
#5813 = ORIENTED_EDGE ( 'NONE', *, *, #5758, .T. ) ;
#5814 = VERTEX_POINT ( 'NONE', #2312 ) ;
#5815 = ADVANCED_FACE ( 'NONE', ( #2959 ), #6751, .F. ) ;
#5816 = DIRECTION ( 'NONE',  ( 1.000000000000000000, -0.000000000000000000, 2.891205793294675861E-16 ) ) ;
#5817 = LINE ( 'NONE', #6902, #1952 ) ;
#5818 = CARTESIAN_POINT ( 'NONE',  ( 27.09999999999998366, 2.700000000000000178, -4.499999999999999112 ) ) ;
#5819 = ORIENTED_EDGE ( 'NONE', *, *, #5288, .T. ) ;
#5820 = LINE ( 'NONE', #5313, #4926 ) ;
#5821 = ORIENTED_EDGE ( 'NONE', *, *, #2427, .F. ) ;
#5822 = EDGE_LOOP ( 'NONE', ( #922, #905, #3404, #6253 ) ) ;
#5823 = DIRECTION ( 'NONE',  ( 0.000000000000000000, -1.000000000000000000, 0.000000000000000000 ) ) ;
#5824 = DIRECTION ( 'NONE',  ( -1.445602896647344340E-16, 0.000000000000000000, 1.000000000000000000 ) ) ;
#5825 = CARTESIAN_POINT ( 'NONE',  ( -30.00000000000000355, 2.000000000000000000, -2.500000000000004441 ) ) ;
#5826 = DIRECTION ( 'NONE',  ( -0.000000000000000000, -0.000000000000000000, -1.000000000000000000 ) ) ;
#5827 = ORIENTED_EDGE ( 'NONE', *, *, #6869, .F. ) ;
#5828 = ORIENTED_EDGE ( 'NONE', *, *, #1399, .T. ) ;
#5829 = DIRECTION ( 'NONE',  ( -0.000000000000000000, -1.000000000000000000, -0.000000000000000000 ) ) ;
#5830 = PLANE ( 'NONE',  #1518 ) ;
#5831 = DIRECTION ( 'NONE',  ( -1.000000000000000000, 0.000000000000000000, 0.000000000000000000 ) ) ;
#5832 = LINE ( 'NONE', #799, #1474 ) ;
#5833 = VERTEX_POINT ( 'NONE', #1780 ) ;
#5834 = DIRECTION ( 'NONE',  ( 0.000000000000000000, 0.000000000000000000, -1.000000000000000000 ) ) ;
#5835 = EDGE_CURVE ( 'NONE', #2958, #6220, #5593, .T. ) ;
#5836 = CARTESIAN_POINT ( 'NONE',  ( -16.50000000000000355, 4.000000000000000000, -12.00000000000000355 ) ) ;
#5837 = DIRECTION ( 'NONE',  ( -1.000000000000000000, 0.000000000000000000, 0.000000000000000000 ) ) ;
#5838 = FACE_OUTER_BOUND ( 'NONE', #4083, .T. ) ;
#5839 = PLANE ( 'NONE',  #353 ) ;
#5840 = ORIENTED_EDGE ( 'NONE', *, *, #6017, .F. ) ;
#5841 = ORIENTED_EDGE ( 'NONE', *, *, #3822, .T. ) ;
#5842 = EDGE_CURVE ( 'NONE', #3265, #1698, #3973, .T. ) ;
#5843 = AXIS2_PLACEMENT_3D ( 'NONE', #3197, #7029, #579 ) ;
#5844 = ADVANCED_FACE ( 'NONE', ( #2924 ), #5630, .T. ) ;
#5845 = DIRECTION ( 'NONE',  ( 0.000000000000000000, -1.000000000000000000, 0.000000000000000000 ) ) ;
#5846 = EDGE_LOOP ( 'NONE', ( #1566, #4871, #6635, #5707 ) ) ;
#5847 = LINE ( 'NONE', #387, #3499 ) ;
#5848 = ADVANCED_FACE ( 'NONE', ( #773 ), #3502, .T. ) ;
#5849 = VERTEX_POINT ( 'NONE', #275 ) ;
#5850 = CARTESIAN_POINT ( 'NONE',  ( 0.000000000000000000, 2.000000000000000000, 10.00000000000000000 ) ) ;
#5851 = VECTOR ( 'NONE', #1495, 1000.000000000000000 ) ;
#5852 = EDGE_LOOP ( 'NONE', ( #1254, #5964, #323, #5119 ) ) ;
#5853 = ORIENTED_EDGE ( 'NONE', *, *, #3290, .T. ) ;
#5854 = VECTOR ( 'NONE', #1992, 1000.000000000000000 ) ;
#5855 = CARTESIAN_POINT ( 'NONE',  ( 11.99999999999998224, 2.700000000000000178, 7.399999999999998579 ) ) ;
#5856 = PLANE ( 'NONE',  #2419 ) ;
#5857 = CARTESIAN_POINT ( 'NONE',  ( 47.89999999999997016, 2.700000000000000178, -5.499999999999999112 ) ) ;
#5858 = EDGE_CURVE ( 'NONE', #4612, #3938, #6246, .T. ) ;
#5859 = AXIS2_PLACEMENT_3D ( 'NONE', #2633, #6523, #6088 ) ;
#5860 = AXIS2_PLACEMENT_3D ( 'NONE', #6719, #1786, #6177 ) ;
#5861 = CARTESIAN_POINT ( 'NONE',  ( -16.50000000000000355, 4.000000000000000000, 10.00000000000000000 ) ) ;
#5862 = EDGE_CURVE ( 'NONE', #3584, #2840, #708, .T. ) ;
#5863 = ORIENTED_EDGE ( 'NONE', *, *, #5480, .T. ) ;
#5864 = EDGE_LOOP ( 'NONE', ( #959, #3761, #2531, #1031 ) ) ;
#5865 = PLANE ( 'NONE',  #3432 ) ;
#5866 = DIRECTION ( 'NONE',  ( -1.000000000000000000, -0.000000000000000000, -0.000000000000000000 ) ) ;
#5867 = VECTOR ( 'NONE', #2307, 1000.000000000000000 ) ;
#5868 = PLANE ( 'NONE',  #2056 ) ;
#5869 = VECTOR ( 'NONE', #873, 1000.000000000000000 ) ;
#5870 = LINE ( 'NONE', #6373, #794 ) ;
#5871 = EDGE_LOOP ( 'NONE', ( #2585, #1238, #1929, #4317 ) ) ;
#5872 = DIRECTION ( 'NONE',  ( 0.000000000000000000, 0.000000000000000000, -1.000000000000000000 ) ) ;
#5873 = VECTOR ( 'NONE', #6914, 1000.000000000000000 ) ;
#5874 = CARTESIAN_POINT ( 'NONE',  ( 3.099999999999991651, 2.700000000000000178, -4.499999999999999112 ) ) ;
#5875 = FACE_OUTER_BOUND ( 'NONE', #6437, .T. ) ;
#5876 = LINE ( 'NONE', #4793, #1089 ) ;
#5877 = VECTOR ( 'NONE', #4010, 1000.000000000000000 ) ;
#5878 = DIRECTION ( 'NONE',  ( 1.000000000000000000, -0.000000000000000000, -0.000000000000000000 ) ) ;
#5879 = ORIENTED_EDGE ( 'NONE', *, *, #328, .T. ) ;
#5880 = EDGE_LOOP ( 'NONE', ( #3722, #4818, #6888, #6377 ) ) ;
#5881 = CARTESIAN_POINT ( 'NONE',  ( -36.00000000000002132, 2.700000000000000178, 7.399999999999998579 ) ) ;
#5882 = FACE_OUTER_BOUND ( 'NONE', #3921, .T. ) ;
#5883 = VECTOR ( 'NONE', #5334, 1000.000000000000000 ) ;
#5884 = ORIENTED_EDGE ( 'NONE', *, *, #3956, .T. ) ;
#5885 = CARTESIAN_POINT ( 'NONE',  ( -6.100000000000021849, 2.700000000000000178, -5.499999999999999112 ) ) ;
#5886 = ORIENTED_EDGE ( 'NONE', *, *, #1275, .T. ) ;
#5887 = ADVANCED_FACE ( 'NONE', ( #6279 ), #3535, .F. ) ;
#5888 = CARTESIAN_POINT ( 'NONE',  ( 11.99999999999999645, 3.199999999999999734, 2.499999999999996003 ) ) ;
#5889 = EDGE_CURVE ( 'NONE', #6977, #5698, #3398, .T. ) ;
#5890 = EDGE_CURVE ( 'NONE', #4831, #6153, #2350, .T. ) ;
#5891 = ORIENTED_EDGE ( 'NONE', *, *, #1661, .T. ) ;
#5892 = VECTOR ( 'NONE', #2798, 1000.000000000000000 ) ;
#5893 = ORIENTED_EDGE ( 'NONE', *, *, #611, .T. ) ;
#5894 = LINE ( 'NONE', #6912, #4070 ) ;
#5895 = CARTESIAN_POINT ( 'NONE',  ( -36.00000000000000711, 3.199999999999999734, 2.499999999999996003 ) ) ;
#5896 = EDGE_CURVE ( 'NONE', #390, #3111, #344, .T. ) ;
#5897 = DIRECTION ( 'NONE',  ( 0.000000000000000000, 0.000000000000000000, 1.000000000000000000 ) ) ;
#5898 = DIRECTION ( 'NONE',  ( 1.000000000000000000, 0.000000000000000000, 1.445602896647337684E-16 ) ) ;
#5899 = VERTEX_POINT ( 'NONE', #2568 ) ;
#5900 = EDGE_LOOP ( 'NONE', ( #6964, #710, #2147, #3996 ) ) ;
#5901 = CARTESIAN_POINT ( 'NONE',  ( 39.09999999999998010, 2.000000000000000000, -5.499999999999999112 ) ) ;
#5902 = PLANE ( 'NONE',  #6816 ) ;
#5903 = EDGE_CURVE ( 'NONE', #7114, #990, #6896, .T. ) ;
#5904 = DIRECTION ( 'NONE',  ( -1.000000000000000000, 0.000000000000000000, -0.000000000000000000 ) ) ;
#5905 = VERTEX_POINT ( 'NONE', #6451 ) ;
#5906 = PLANE ( 'NONE',  #107 ) ;
#5907 = ORIENTED_EDGE ( 'NONE', *, *, #4116, .F. ) ;
#5908 = PLANE ( 'NONE',  #5423 ) ;
#5909 = VECTOR ( 'NONE', #3480, 1000.000000000000000 ) ;
#5910 = FACE_OUTER_BOUND ( 'NONE', #6745, .T. ) ;
#5911 = VECTOR ( 'NONE', #3871, 1000.000000000000000 ) ;
#5912 = CARTESIAN_POINT ( 'NONE',  ( 2.999999999999995559, 3.199999999999999734, 2.499999999999995115 ) ) ;
#5913 = DIRECTION ( 'NONE',  ( -0.000000000000000000, -0.000000000000000000, 1.000000000000000000 ) ) ;
#5914 = ORIENTED_EDGE ( 'NONE', *, *, #3647, .T. ) ;
#5915 = ORIENTED_EDGE ( 'NONE', *, *, #4756, .F. ) ;
#5916 = SURFACE_SIDE_STYLE ('',( #3650 ) ) ;
#5917 = VECTOR ( 'NONE', #6497, 1000.000000000000000 ) ;
#5918 = DIRECTION ( 'NONE',  ( 0.000000000000000000, 0.000000000000000000, 1.000000000000000000 ) ) ;
#5919 = CARTESIAN_POINT ( 'NONE',  ( 39.00000000000000711, 2.000000000000000000, 2.499999999999995115 ) ) ;
#5920 = ORIENTED_EDGE ( 'NONE', *, *, #6512, .F. ) ;
#5921 = CARTESIAN_POINT ( 'NONE',  ( 39.09999999999998010, 2.000000000000000000, -4.499999999999999112 ) ) ;
#5922 = VECTOR ( 'NONE', #585, 1000.000000000000000 ) ;
#5923 = ORIENTED_EDGE ( 'NONE', *, *, #2494, .F. ) ;
#5924 = ORIENTED_EDGE ( 'NONE', *, *, #3551, .T. ) ;
#5925 = FACE_OUTER_BOUND ( 'NONE', #616, .T. ) ;
#5926 = DIRECTION ( 'NONE',  ( 0.000000000000000000, -0.000000000000000000, -1.000000000000000000 ) ) ;
#5927 = CARTESIAN_POINT ( 'NONE',  ( 47.99999999999998579, 3.199999999999999734, -2.500000000000004441 ) ) ;
#5928 = EDGE_CURVE ( 'NONE', #4347, #6095, #4249, .T. ) ;
#5929 = EDGE_CURVE ( 'NONE', #6324, #4831, #6862, .T. ) ;
#5930 = DIRECTION ( 'NONE',  ( 1.000000000000000000, 0.000000000000000000, -0.000000000000000000 ) ) ;
#5931 = ORIENTED_EDGE ( 'NONE', *, *, #1662, .T. ) ;
#5932 = EDGE_CURVE ( 'NONE', #587, #2774, #3716, .T. ) ;
#5933 = ORIENTED_EDGE ( 'NONE', *, *, #5928, .F. ) ;
#5934 = LINE ( 'NONE', #3299, #6597 ) ;
#5935 = FACE_OUTER_BOUND ( 'NONE', #4077, .T. ) ;
#5936 = EDGE_CURVE ( 'NONE', #3413, #4668, #1995, .T. ) ;
#5937 = CARTESIAN_POINT ( 'NONE',  ( 38.99999999999997868, 2.000000000000000000, 7.399999999999998579 ) ) ;
#5938 = EDGE_CURVE ( 'NONE', #5966, #4637, #880, .T. ) ;
#5939 = ORIENTED_EDGE ( 'NONE', *, *, #4341, .T. ) ;
#5940 = CARTESIAN_POINT ( 'NONE',  ( 45.00000000000000000, 2.000000000000000000, -2.500000000000004885 ) ) ;
#5941 = VERTEX_POINT ( 'NONE', #4764 ) ;
#5942 = CARTESIAN_POINT ( 'NONE',  ( -32.90000000000001279, 2.700000000000000178, -5.499999999999999112 ) ) ;
#5943 = FACE_OUTER_BOUND ( 'NONE', #3658, .T. ) ;
#5944 = CARTESIAN_POINT ( 'NONE',  ( -53.50000000000000711, 0.000000000000000000, -10.00000000000000000 ) ) ;
#5945 = EDGE_CURVE ( 'NONE', #5549, #1823, #6351, .T. ) ;
#5946 = DIRECTION ( 'NONE',  ( 1.000000000000000000, -0.000000000000000000, 0.000000000000000000 ) ) ;
#5947 = ORIENTED_EDGE ( 'NONE', *, *, #5533, .F. ) ;
#5948 = EDGE_LOOP ( 'NONE', ( #483, #3355, #2885, #631 ) ) ;
#5949 = DIRECTION ( 'NONE',  ( 1.000000000000000000, 0.000000000000000000, -3.469446951953613696E-16 ) ) ;
#5950 = CARTESIAN_POINT ( 'NONE',  ( 0.000000000000000000, 3.199999999999999734, 0.000000000000000000 ) ) ;
#5951 = VERTEX_POINT ( 'NONE', #2059 ) ;
#5952 = EDGE_CURVE ( 'NONE', #4376, #987, #3614, .T. ) ;
#5953 = DIRECTION ( 'NONE',  ( 0.000000000000000000, -1.000000000000000000, 0.000000000000000000 ) ) ;
#5954 = EDGE_LOOP ( 'NONE', ( #3891, #1134, #567, #6671 ) ) ;
#5955 = CARTESIAN_POINT ( 'NONE',  ( -6.100000000000021849, 2.000000000000000000, -5.499999999999999112 ) ) ;
#5956 = ORIENTED_EDGE ( 'NONE', *, *, #6546, .F. ) ;
#5957 = VECTOR ( 'NONE', #1040, 1000.000000000000000 ) ;
#5958 = VERTEX_POINT ( 'NONE', #3174 ) ;
#5959 = CARTESIAN_POINT ( 'NONE',  ( 41.89999999999997726, 2.700000000000000178, -5.499999999999999112 ) ) ;
#5960 = CARTESIAN_POINT ( 'NONE',  ( -26.50000000000000711, 4.000000000000000000, 10.00000000000000000 ) ) ;
#5961 = DIRECTION ( 'NONE',  ( 0.000000000000000000, 0.000000000000000000, 1.000000000000000000 ) ) ;
#5962 = VECTOR ( 'NONE', #2883, 1000.000000000000000 ) ;
#5963 = CARTESIAN_POINT ( 'NONE',  ( -9.000000000000001776, 2.000000000000000000, 2.499999999999995115 ) ) ;
#5964 = ORIENTED_EDGE ( 'NONE', *, *, #1662, .F. ) ;
#5965 = VECTOR ( 'NONE', #2187, 1000.000000000000000 ) ;
#5966 = VERTEX_POINT ( 'NONE', #4150 ) ;
#5967 = PLANE ( 'NONE',  #2447 ) ;
#5968 = PLANE ( 'NONE',  #3929 ) ;
#5969 = VECTOR ( 'NONE', #4529, 1000.000000000000000 ) ;
#5970 = VECTOR ( 'NONE', #4155, 1000.000000000000000 ) ;
#5971 = CARTESIAN_POINT ( 'NONE',  ( -20.90000000000001634, 2.700000000000000178, -4.499999999999999112 ) ) ;
#5972 = DIRECTION ( 'NONE',  ( 0.000000000000000000, 0.000000000000000000, -1.000000000000000000 ) ) ;
#5973 = VECTOR ( 'NONE', #3220, 1000.000000000000000 ) ;
#5974 = VERTEX_POINT ( 'NONE', #2457 ) ;
#5975 = DIRECTION ( 'NONE',  ( 1.000000000000000000, 0.000000000000000000, -0.000000000000000000 ) ) ;
#5976 = EDGE_CURVE ( 'NONE', #3521, #5941, #4656, .T. ) ;
#5977 = EDGE_CURVE ( 'NONE', #2691, #2418, #4111, .T. ) ;
#5978 = ADVANCED_FACE ( 'NONE', ( #1452 ), #5839, .T. ) ;
#5979 = AXIS2_PLACEMENT_3D ( 'NONE', #6276, #1343, #200 ) ;
#5980 = VERTEX_POINT ( 'NONE', #5237 ) ;
#5981 = DIRECTION ( 'NONE',  ( -0.000000000000000000, -0.000000000000000000, -1.000000000000000000 ) ) ;
#5982 = EDGE_CURVE ( 'NONE', #1632, #816, #950, .T. ) ;
#5983 = DIRECTION ( 'NONE',  ( 0.000000000000000000, -0.000000000000000000, -1.000000000000000000 ) ) ;
#5984 = AXIS2_PLACEMENT_3D ( 'NONE', #6300, #795, #300 ) ;
#5985 = CARTESIAN_POINT ( 'NONE',  ( -2.900000000000013678, 2.700000000000000178, -4.499999999999999112 ) ) ;
#5986 = CARTESIAN_POINT ( 'NONE',  ( 36.50000000000000711, 4.000000000000000000, 10.00000000000000000 ) ) ;
#5987 = ORIENTED_EDGE ( 'NONE', *, *, #176, .T. ) ;
#5988 = ORIENTED_EDGE ( 'NONE', *, *, #5320, .F. ) ;
#5989 = DIRECTION ( 'NONE',  ( -1.445602896647337684E-16, 0.000000000000000000, 1.000000000000000000 ) ) ;
#5990 = EDGE_CURVE ( 'NONE', #5783, #4946, #3577, .T. ) ;
#5991 = CARTESIAN_POINT ( 'NONE',  ( -38.90000000000001990, 2.000000000000000000, -4.499999999999999112 ) ) ;
#5992 = ORIENTED_EDGE ( 'NONE', *, *, #2317, .T. ) ;
#5993 = AXIS2_PLACEMENT_3D ( 'NONE', #5381, #3154, #3051 ) ;
#5994 = CARTESIAN_POINT ( 'NONE',  ( -8.000000000000007105, 2.700000000000000178, 7.399999999999998579 ) ) ;
#5995 = EDGE_LOOP ( 'NONE', ( #5211, #1112, #3254, #5179 ) ) ;
#5996 = CARTESIAN_POINT ( 'NONE',  ( -51.50000000000000711, 0.000000000000000000, -10.00000000000000000 ) ) ;
#5997 = ORIENTED_EDGE ( 'NONE', *, *, #2844, .F. ) ;
#5998 = ORIENTED_EDGE ( 'NONE', *, *, #4608, .T. ) ;
#5999 = CARTESIAN_POINT ( 'NONE',  ( -16.50000000000000355, 0.000000000000000000, 12.00000000000000355 ) ) ;
#6000 = CARTESIAN_POINT ( 'NONE',  ( -44.90000000000001279, 2.700000000000000178, -4.499999999999999112 ) ) ;
#6001 = CARTESIAN_POINT ( 'NONE',  ( -51.50000000000000711, 2.000000000000000000, -10.00000000000000000 ) ) ;
#6002 = CARTESIAN_POINT ( 'NONE',  ( -18.00000000000000355, 3.199999999999999734, -2.500000000000004441 ) ) ;
#6003 = AXIS2_PLACEMENT_3D ( 'NONE', #9, #5001, #1658 ) ;
#6004 = ORIENTED_EDGE ( 'NONE', *, *, #319, .T. ) ;
#6005 = EDGE_LOOP ( 'NONE', ( #1012, #4549, #5676, #892 ) ) ;
#6006 = DIRECTION ( 'NONE',  ( -0.000000000000000000, -1.000000000000000000, -0.000000000000000000 ) ) ;
#6007 = LINE ( 'NONE', #4380, #6227 ) ;
#6008 = PLANE ( 'NONE',  #2166 ) ;
#6009 = CARTESIAN_POINT ( 'NONE',  ( -36.50000000000000711, 2.000000000000000000, -12.00000000000000000 ) ) ;
#6010 = CARTESIAN_POINT ( 'NONE',  ( 45.09999999999997300, 2.000000000000000000, -5.499999999999999112 ) ) ;
#6011 = ORIENTED_EDGE ( 'NONE', *, *, #6602, .F. ) ;
#6012 = CARTESIAN_POINT ( 'NONE',  ( -21.00000000000000355, 3.199999999999999734, 2.499999999999995115 ) ) ;
#6013 = VERTEX_POINT ( 'NONE', #5305 ) ;
#6014 = LINE ( 'NONE', #1188, #948 ) ;
#6015 = CARTESIAN_POINT ( 'NONE',  ( 0.000000000000000000, 3.199999999999999734, 0.000000000000000000 ) ) ;
#6016 = EDGE_CURVE ( 'NONE', #968, #425, #381, .T. ) ;
#6017 = EDGE_CURVE ( 'NONE', #5474, #2310, #4689, .T. ) ;
#6018 = EDGE_CURVE ( 'NONE', #767, #1773, #1261, .T. ) ;
#6019 = LINE ( 'NONE', #1083, #2467 ) ;
#6020 = LINE ( 'NONE', #1084, #7018 ) ;
#6021 = ADVANCED_FACE ( 'NONE', ( #512 ), #1049, .F. ) ;
#6022 = ORIENTED_EDGE ( 'NONE', *, *, #531, .F. ) ;
#6023 = ORIENTED_EDGE ( 'NONE', *, *, #2072, .F. ) ;
#6024 = DIRECTION ( 'NONE',  ( 1.000000000000000000, -0.000000000000000000, 2.891205793294688680E-16 ) ) ;
#6025 = FACE_OUTER_BOUND ( 'NONE', #4261, .T. ) ;
#6026 = AXIS2_PLACEMENT_3D ( 'NONE', #4595, #6802, #5066 ) ;
#6027 = DIRECTION ( 'NONE',  ( 2.891205793294688680E-16, 0.000000000000000000, -1.000000000000000000 ) ) ;
#6028 = ORIENTED_EDGE ( 'NONE', *, *, #3553, .T. ) ;
#6029 = CARTESIAN_POINT ( 'NONE',  ( 15.99999999999997335, 2.000000000000000000, 4.599999999999998757 ) ) ;
#6030 = ADVANCED_FACE ( 'NONE', ( #4971 ), #5404, .F. ) ;
#6031 = ORIENTED_EDGE ( 'NONE', *, *, #1362, .T. ) ;
#6032 = VECTOR ( 'NONE', #4269, 1000.000000000000000 ) ;
#6033 = ORIENTED_EDGE ( 'NONE', *, *, #6453, .T. ) ;
#6034 = DIRECTION ( 'NONE',  ( 1.000000000000000000, -0.000000000000000000, -0.000000000000000000 ) ) ;
#6035 = LINE ( 'NONE', #5560, #2658 ) ;
#6036 = FACE_OUTER_BOUND ( 'NONE', #1395, .T. ) ;
#6037 = VECTOR ( 'NONE', #5472, 1000.000000000000000 ) ;
#6038 = PLANE ( 'NONE',  #6488 ) ;
#6039 = VERTEX_POINT ( 'NONE', #2233 ) ;
#6040 = ORIENTED_EDGE ( 'NONE', *, *, #3912, .T. ) ;
#6041 = DIRECTION ( 'NONE',  ( -0.000000000000000000, -0.000000000000000000, 1.000000000000000000 ) ) ;
#6042 = DIRECTION ( 'NONE',  ( 1.000000000000000000, -0.000000000000000000, -0.000000000000000000 ) ) ;
#6043 = CARTESIAN_POINT ( 'NONE',  ( 8.999999999999994671, 3.199999999999999734, 2.499999999999995115 ) ) ;
#6044 = DIRECTION ( 'NONE',  ( 0.000000000000000000, 0.000000000000000000, -1.000000000000000000 ) ) ;
#6045 = DIRECTION ( 'NONE',  ( 1.000000000000000000, 0.000000000000000000, 1.445602896647337684E-16 ) ) ;
#6046 = ORIENTED_EDGE ( 'NONE', *, *, #4830, .F. ) ;
#6047 = CARTESIAN_POINT ( 'NONE',  ( 29.89999999999998082, 2.000000000000000000, -4.499999999999999112 ) ) ;
#6048 = ORIENTED_EDGE ( 'NONE', *, *, #5761, .F. ) ;
#6049 = CARTESIAN_POINT ( 'NONE',  ( 39.99999999999997868, 2.700000000000000178, 4.599999999999998757 ) ) ;
#6050 = DIRECTION ( 'NONE',  ( -0.000000000000000000, -1.000000000000000000, -0.000000000000000000 ) ) ;
#6051 = DIRECTION ( 'NONE',  ( -1.000000000000000000, -0.000000000000000000, -0.000000000000000000 ) ) ;
#6052 = LINE ( 'NONE', #4285, #3323 ) ;
#6053 = VERTEX_POINT ( 'NONE', #4429 ) ;
#6054 = VERTEX_POINT ( 'NONE', #1630 ) ;
#6055 = DIRECTION ( 'NONE',  ( 1.000000000000000000, 0.000000000000000000, 0.000000000000000000 ) ) ;
#6056 = DIRECTION ( 'NONE',  ( 1.000000000000000000, -0.000000000000000000, -0.000000000000000000 ) ) ;
#6057 = DIRECTION ( 'NONE',  ( 0.000000000000000000, 0.000000000000000000, 1.000000000000000000 ) ) ;
#6058 = ORIENTED_EDGE ( 'NONE', *, *, #3513, .F. ) ;
#6059 = CARTESIAN_POINT ( 'NONE',  ( 36.50000000000000711, 0.000000000000000000, 10.00000000000000000 ) ) ;
#6060 = VERTEX_POINT ( 'NONE', #3824 ) ;
#6061 = EDGE_CURVE ( 'NONE', #4431, #4583, #1157, .T. ) ;
#6062 = EDGE_CURVE ( 'NONE', #6881, #5134, #3313, .T. ) ;
#6063 = ORIENTED_EDGE ( 'NONE', *, *, #3176, .T. ) ;
#6064 = DIRECTION ( 'NONE',  ( 1.000000000000000000, 0.000000000000000000, 0.000000000000000000 ) ) ;
#6065 = DIRECTION ( 'NONE',  ( -0.000000000000000000, -0.000000000000000000, 1.000000000000000000 ) ) ;
#6066 = PLANE ( 'NONE',  #6206 ) ;
#6067 = EDGE_CURVE ( 'NONE', #854, #6920, #6600, .T. ) ;
#6068 = DIRECTION ( 'NONE',  ( 1.000000000000000000, 0.000000000000000000, -0.000000000000000000 ) ) ;
#6069 = ORIENTED_EDGE ( 'NONE', *, *, #977, .T. ) ;
#6070 = ORIENTED_EDGE ( 'NONE', *, *, #2715, .T. ) ;
#6071 = DIRECTION ( 'NONE',  ( -0.000000000000000000, -1.000000000000000000, -0.000000000000000000 ) ) ;
#6072 = CARTESIAN_POINT ( 'NONE',  ( 36.50000000000000711, 4.000000000000000000, -12.00000000000000355 ) ) ;
#6073 = LINE ( 'NONE', #1687, #1251 ) ;
#6074 = VECTOR ( 'NONE', #406, 1000.000000000000000 ) ;
#6075 = ADVANCED_FACE ( 'NONE', ( #3279 ), #1697, .F. ) ;
#6076 = LINE ( 'NONE', #1145, #3453 ) ;
#6077 = LINE ( 'NONE', #3379, #5501 ) ;
#6078 = EDGE_LOOP ( 'NONE', ( #4548, #5271, #4038, #957 ) ) ;
#6079 = DIRECTION ( 'NONE',  ( -1.000000000000000000, 0.000000000000000000, 0.000000000000000000 ) ) ;
#6080 = VECTOR ( 'NONE', #2593, 1000.000000000000000 ) ;
#6081 = ORIENTED_EDGE ( 'NONE', *, *, #2712, .F. ) ;
#6082 = CARTESIAN_POINT ( 'NONE',  ( 0.000000000000000000, 2.000000000000000000, 10.00000000000000000 ) ) ;
#6083 = AXIS2_PLACEMENT_3D ( 'NONE', #1107, #3917, #2328 ) ;
#6084 = LINE ( 'NONE', #1552, #2178 ) ;
#6085 = AXIS2_PLACEMENT_3D ( 'NONE', #4321, #1555, #3246 ) ;
#6086 = CARTESIAN_POINT ( 'NONE',  ( -15.00000000000000711, 3.199999999999999734, -2.500000000000004885 ) ) ;
#6087 = VECTOR ( 'NONE', #5165, 1000.000000000000000 ) ;
#6088 = DIRECTION ( 'NONE',  ( 0.000000000000000000, 0.000000000000000000, 1.000000000000000000 ) ) ;
#6089 = EDGE_LOOP ( 'NONE', ( #6929, #3272, #7105, #2743 ) ) ;
#6090 = VERTEX_POINT ( 'NONE', #5437 ) ;
#6091 = CARTESIAN_POINT ( 'NONE',  ( 51.50000000000000711, 2.000000000000000000, 10.00000000000000000 ) ) ;
#6092 = AXIS2_PLACEMENT_3D ( 'NONE', #5114, #729, #3417 ) ;
#6093 = LINE ( 'NONE', #4400, #5047 ) ;
#6094 = CARTESIAN_POINT ( 'NONE',  ( -15.00000000000000711, 3.199999999999999734, -2.500000000000004885 ) ) ;
#6095 = VERTEX_POINT ( 'NONE', #444 ) ;
#6096 = CARTESIAN_POINT ( 'NONE',  ( 23.89999999999997726, 2.000000000000000000, -4.499999999999999112 ) ) ;
#6097 = VERTEX_POINT ( 'NONE', #4898 ) ;
#6098 = AXIS2_PLACEMENT_3D ( 'NONE', #6746, #3999, #1774 ) ;
#6099 = ORIENTED_EDGE ( 'NONE', *, *, #1805, .T. ) ;
#6100 = CARTESIAN_POINT ( 'NONE',  ( -37.00000000000002132, 2.700000000000000178, 7.399999999999998579 ) ) ;
#6101 = DIRECTION ( 'NONE',  ( 0.000000000000000000, -1.000000000000000000, 0.000000000000000000 ) ) ;
#6102 = LINE ( 'NONE', #2757, #6901 ) ;
#6103 = VECTOR ( 'NONE', #215, 1000.000000000000000 ) ;
#6104 = EDGE_CURVE ( 'NONE', #4891, #3108, #4932, .T. ) ;
#6105 = EDGE_CURVE ( 'NONE', #7028, #6498, #1011, .T. ) ;
#6106 = EDGE_CURVE ( 'NONE', #4119, #5664, #1665, .T. ) ;
#6107 = DIRECTION ( 'NONE',  ( 0.000000000000000000, -0.000000000000000000, -1.000000000000000000 ) ) ;
#6108 = ORIENTED_EDGE ( 'NONE', *, *, #1046, .T. ) ;
#6109 = ORIENTED_EDGE ( 'NONE', *, *, #6562, .F. ) ;
#6110 = LINE ( 'NONE', #679, #1203 ) ;
#6111 = AXIS2_PLACEMENT_3D ( 'NONE', #2064, #3719, #3074 ) ;
#6112 = EDGE_CURVE ( 'NONE', #2353, #5958, #7036, .T. ) ;
#6113 = DIRECTION ( 'NONE',  ( -0.000000000000000000, -0.000000000000000000, 1.000000000000000000 ) ) ;
#6114 = LINE ( 'NONE', #4381, #7121 ) ;
#6115 = AXIS2_PLACEMENT_3D ( 'NONE', #3704, #4717, #5388 ) ;
#6116 = LINE ( 'NONE', #3849, #2653 ) ;
#6117 = CARTESIAN_POINT ( 'NONE',  ( 10.99999999999998224, 2.700000000000000178, 4.599999999999998757 ) ) ;
#6118 = ORIENTED_EDGE ( 'NONE', *, *, #3467, .T. ) ;
#6119 = PLANE ( 'NONE',  #1588 ) ;
#6120 = VERTEX_POINT ( 'NONE', #2161 ) ;
#6121 = EDGE_CURVE ( 'NONE', #1962, #1068, #6052, .T. ) ;
#6122 = CARTESIAN_POINT ( 'NONE',  ( 45.00000000000000000, 3.199999999999999734, -2.500000000000004885 ) ) ;
#6123 = DIRECTION ( 'NONE',  ( -1.000000000000000000, 0.000000000000000000, -2.891205793294675368E-16 ) ) ;
#6124 = PLANE ( 'NONE',  #1553 ) ;
#6125 = FACE_OUTER_BOUND ( 'NONE', #2790, .T. ) ;
#6126 = ORIENTED_EDGE ( 'NONE', *, *, #7128, .F. ) ;
#6127 = EDGE_LOOP ( 'NONE', ( #4017, #5356, #1922, #1833 ) ) ;
#6128 = CARTESIAN_POINT ( 'NONE',  ( 35.99999999999997868, 2.700000000000000178, 4.599999999999998757 ) ) ;
#6129 = CARTESIAN_POINT ( 'NONE',  ( -3.000000000000002665, 3.199999999999999734, 2.499999999999995115 ) ) ;
#6130 = AXIS2_PLACEMENT_3D ( 'NONE', #4487, #5602, #34 ) ;
#6131 = DIRECTION ( 'NONE',  ( 0.000000000000000000, 0.000000000000000000, 1.000000000000000000 ) ) ;
#6132 = ORIENTED_EDGE ( 'NONE', *, *, #5546, .T. ) ;
#6133 = DIRECTION ( 'NONE',  ( -1.000000000000000000, 0.000000000000000000, 0.000000000000000000 ) ) ;
#6134 = ORIENTED_EDGE ( 'NONE', *, *, #3951, .T. ) ;
#6135 = ORIENTED_EDGE ( 'NONE', *, *, #7118, .F. ) ;
#6136 = VERTEX_POINT ( 'NONE', #5510 ) ;
#6137 = CARTESIAN_POINT ( 'NONE',  ( 0.000000000000000000, 2.000000000000000000, 10.00000000000000000 ) ) ;
#6138 = VECTOR ( 'NONE', #3292, 1000.000000000000000 ) ;
#6139 = DIRECTION ( 'NONE',  ( 0.000000000000000000, -1.000000000000000000, 0.000000000000000000 ) ) ;
#6140 = CARTESIAN_POINT ( 'NONE',  ( -32.00000000000001421, 2.000000000000000000, 4.599999999999998757 ) ) ;
#6141 = ORIENTED_EDGE ( 'NONE', *, *, #849, .T. ) ;
#6142 = AXIS2_PLACEMENT_3D ( 'NONE', #3699, #6400, #1467 ) ;
#6143 = ORIENTED_EDGE ( 'NONE', *, *, #53, .F. ) ;
#6144 = DIRECTION ( 'NONE',  ( 0.000000000000000000, 1.000000000000000000, 0.000000000000000000 ) ) ;
#6145 = PLANE ( 'NONE',  #1964 ) ;
#6146 = EDGE_CURVE ( 'NONE', #916, #484, #481, .T. ) ;
#6147 = DIRECTION ( 'NONE',  ( -1.000000000000000000, 0.000000000000000000, -2.891205793294675368E-16 ) ) ;
#6148 = VECTOR ( 'NONE', #143, 1000.000000000000000 ) ;
#6149 = CARTESIAN_POINT ( 'NONE',  ( -39.00000000000000711, 3.199999999999999734, 2.499999999999995115 ) ) ;
#6150 = AXIS2_PLACEMENT_3D ( 'NONE', #3971, #1815, #6131 ) ;
#6151 = DIRECTION ( 'NONE',  ( 0.000000000000000000, 0.000000000000000000, 1.000000000000000000 ) ) ;
#6152 = EDGE_CURVE ( 'NONE', #1779, #1762, #6565, .T. ) ;
#6153 = VERTEX_POINT ( 'NONE', #2741 ) ;
#6154 = PLANE ( 'NONE',  #5162 ) ;
#6155 = ORIENTED_EDGE ( 'NONE', *, *, #3907, .T. ) ;
#6156 = PLANE ( 'NONE',  #1126 ) ;
#6157 = VECTOR ( 'NONE', #4569, 1000.000000000000000 ) ;
#6158 = EDGE_CURVE ( 'NONE', #231, #1051, #7071, .T. ) ;
#6159 = LINE ( 'NONE', #5611, #3472 ) ;
#6160 = PLANE ( 'NONE',  #6441 ) ;
#6161 = EDGE_CURVE ( 'NONE', #6954, #1709, #6020, .T. ) ;
#6162 = PLANE ( 'NONE',  #2124 ) ;
#6163 = LINE ( 'NONE', #3930, #3544 ) ;
#6164 = ORIENTED_EDGE ( 'NONE', *, *, #5643, .F. ) ;
#6165 = CARTESIAN_POINT ( 'NONE',  ( -20.90000000000001634, 2.000000000000000000, -4.499999999999999112 ) ) ;
#6166 = CARTESIAN_POINT ( 'NONE',  ( -42.00000000000000000, 3.199999999999999734, -2.500000000000004441 ) ) ;
#6167 = EDGE_CURVE ( 'NONE', #2501, #32, #14, .T. ) ;
#6168 = PLANE ( 'NONE',  #1263 ) ;
#6169 = EDGE_CURVE ( 'NONE', #2576, #5776, #5658, .T. ) ;
#6170 = LINE ( 'NONE', #666, #1329 ) ;
#6171 = ORIENTED_EDGE ( 'NONE', *, *, #4956, .F. ) ;
#6172 = DIRECTION ( 'NONE',  ( 0.000000000000000000, -0.000000000000000000, -1.000000000000000000 ) ) ;
#6173 = EDGE_LOOP ( 'NONE', ( #1788, #4655, #4455, #3701 ) ) ;
#6174 = ORIENTED_EDGE ( 'NONE', *, *, #6519, .T. ) ;
#6175 = ORIENTED_EDGE ( 'NONE', *, *, #2468, .T. ) ;
#6176 = LINE ( 'NONE', #2897, #4498 ) ;
#6177 = DIRECTION ( 'NONE',  ( -1.000000000000000000, 0.000000000000000000, -0.000000000000000000 ) ) ;
#6178 = PLANE ( 'NONE',  #4645 ) ;
#6179 = ORIENTED_EDGE ( 'NONE', *, *, #1265, .T. ) ;
#6180 = EDGE_LOOP ( 'NONE', ( #3986, #5007, #1972, #6393 ) ) ;
#6181 = CARTESIAN_POINT ( 'NONE',  ( -3.000000000000002665, 3.199999999999999734, 2.499999999999995115 ) ) ;
#6182 = CARTESIAN_POINT ( 'NONE',  ( 26.50000000000000711, 2.000000000000000000, -12.00000000000000000 ) ) ;
#6183 = LINE ( 'NONE', #5646, #3459 ) ;
#6184 = DIRECTION ( 'NONE',  ( -0.000000000000000000, -0.000000000000000000, -1.000000000000000000 ) ) ;
#6185 = CARTESIAN_POINT ( 'NONE',  ( -26.50000000000000711, 2.000000000000000000, -12.00000000000000000 ) ) ;
#6186 = EDGE_LOOP ( 'NONE', ( #4632, #3363, #1668, #6531 ) ) ;
#6187 = DIRECTION ( 'NONE',  ( -1.000000000000000000, -0.000000000000000000, -1.445602896647337931E-16 ) ) ;
#6188 = ORIENTED_EDGE ( 'NONE', *, *, #2995, .F. ) ;
#6189 = DIRECTION ( 'NONE',  ( -0.000000000000000000, -0.000000000000000000, -1.000000000000000000 ) ) ;
#6190 = CARTESIAN_POINT ( 'NONE',  ( 11.99999999999998224, 2.700000000000000178, 7.399999999999998579 ) ) ;
#6191 = VECTOR ( 'NONE', #974, 1000.000000000000000 ) ;
#6192 = CARTESIAN_POINT ( 'NONE',  ( 23.89999999999997726, 2.700000000000000178, -5.499999999999999112 ) ) ;
#6193 = EDGE_CURVE ( 'NONE', #337, #7028, #1845, .T. ) ;
#6194 = ADVANCED_FACE ( 'NONE', ( #6125 ), #4034, .F. ) ;
#6195 = FACE_OUTER_BOUND ( 'NONE', #7047, .T. ) ;
#6196 = EDGE_CURVE ( 'NONE', #4588, #3584, #6236, .T. ) ;
#6197 = ORIENTED_EDGE ( 'NONE', *, *, #1932, .F. ) ;
#6198 = CARTESIAN_POINT ( 'NONE',  ( 3.099999999999991651, 2.000000000000000000, -4.499999999999999112 ) ) ;
#6199 = AXIS2_PLACEMENT_3D ( 'NONE', #3052, #6806, #5137 ) ;
#6200 = ORIENTED_EDGE ( 'NONE', *, *, #2844, .T. ) ;
#6201 = CARTESIAN_POINT ( 'NONE',  ( -36.50000000000000711, 4.000000000000000000, -12.00000000000000355 ) ) ;
#6202 = EDGE_CURVE ( 'NONE', #5951, #4226, #196, .T. ) ;
#6203 = PLANE ( 'NONE',  #6232 ) ;
#6204 = AXIS2_PLACEMENT_3D ( 'NONE', #504, #1002, #2086 ) ;
#6205 = DIRECTION ( 'NONE',  ( 0.000000000000000000, -1.000000000000000000, 0.000000000000000000 ) ) ;
#6206 = AXIS2_PLACEMENT_3D ( 'NONE', #1750, #6139, #1131 ) ;
#6207 = DIRECTION ( 'NONE',  ( 1.000000000000000000, 0.000000000000000000, 0.000000000000000000 ) ) ;
#6208 = ORIENTED_EDGE ( 'NONE', *, *, #6636, .T. ) ;
#6209 = DIRECTION ( 'NONE',  ( 0.000000000000000000, 0.000000000000000000, 1.000000000000000000 ) ) ;
#6210 = VECTOR ( 'NONE', #5878, 1000.000000000000000 ) ;
#6211 = EDGE_LOOP ( 'NONE', ( #5786, #4952, #465, #4195 ) ) ;
#6212 = ORIENTED_EDGE ( 'NONE', *, *, #6956, .F. ) ;
#6213 = VECTOR ( 'NONE', #4282, 1000.000000000000000 ) ;
#6214 = EDGE_CURVE ( 'NONE', #2935, #1420, #2949, .T. ) ;
#6215 = DIRECTION ( 'NONE',  ( 0.000000000000000000, 0.000000000000000000, -1.000000000000000000 ) ) ;
#6216 = CARTESIAN_POINT ( 'NONE',  ( 36.50000000000000711, 0.000000000000000000, 12.00000000000000355 ) ) ;
#6217 = FACE_OUTER_BOUND ( 'NONE', #2332, .T. ) ;
#6218 = VECTOR ( 'NONE', #2732, 1000.000000000000000 ) ;
#6219 = ORIENTED_EDGE ( 'NONE', *, *, #6427, .F. ) ;
#6220 = VERTEX_POINT ( 'NONE', #6706 ) ;
#6221 = DIRECTION ( 'NONE',  ( -1.000000000000000000, 0.000000000000000000, -0.000000000000000000 ) ) ;
#6222 = CARTESIAN_POINT ( 'NONE',  ( -8.000000000000007105, 2.700000000000000178, 4.599999999999998757 ) ) ;
#6223 = VECTOR ( 'NONE', #4408, 1000.000000000000000 ) ;
#6224 = CARTESIAN_POINT ( 'NONE',  ( 51.49999999999999289, 2.000000000000000000, -10.00000000000000000 ) ) ;
#6225 = FACE_OUTER_BOUND ( 'NONE', #3217, .T. ) ;
#6226 = DIRECTION ( 'NONE',  ( -1.000000000000000000, 0.000000000000000000, 0.000000000000000000 ) ) ;
#6227 = VECTOR ( 'NONE', #5493, 1000.000000000000000 ) ;
#6228 = EDGE_LOOP ( 'NONE', ( #6492, #4471, #2273, #5324 ) ) ;
#6229 = ORIENTED_EDGE ( 'NONE', *, *, #134, .F. ) ;
#6230 = CARTESIAN_POINT ( 'NONE',  ( -32.00000000000001421, 2.700000000000000178, 7.399999999999998579 ) ) ;
#6231 = CARTESIAN_POINT ( 'NONE',  ( 2.999999999999995559, 2.000000000000000000, -2.500000000000004885 ) ) ;
#6232 = AXIS2_PLACEMENT_3D ( 'NONE', #6275, #4505, #5588 ) ;
#6233 = DIRECTION ( 'NONE',  ( -0.000000000000000000, -1.000000000000000000, -0.000000000000000000 ) ) ;
#6234 = FACE_OUTER_BOUND ( 'NONE', #4329, .T. ) ;
#6235 = AXIS2_PLACEMENT_3D ( 'NONE', #1296, #2370, #6812 ) ;
#6236 = LINE ( 'NONE', #6670, #5962 ) ;
#6237 = ORIENTED_EDGE ( 'NONE', *, *, #88, .F. ) ;
#6238 = CARTESIAN_POINT ( 'NONE',  ( -51.50000000000000711, 0.000000000000000000, 10.00000000000000000 ) ) ;
#6239 = ORIENTED_EDGE ( 'NONE', *, *, #1536, .T. ) ;
#6240 = EDGE_CURVE ( 'NONE', #4050, #5664, #1339, .T. ) ;
#6241 = DIRECTION ( 'NONE',  ( -1.000000000000000000, -0.000000000000000000, -0.000000000000000000 ) ) ;
#6242 = FACE_OUTER_BOUND ( 'NONE', #3257, .T. ) ;
#6243 = DIRECTION ( 'NONE',  ( -0.000000000000000000, -1.000000000000000000, -0.000000000000000000 ) ) ;
#6244 = ADVANCED_FACE ( 'NONE', ( #2814 ), #2915, .F. ) ;
#6245 = ORIENTED_EDGE ( 'NONE', *, *, #5438, .T. ) ;
#6246 = LINE ( 'NONE', #1308, #1141 ) ;
#6247 = VERTEX_POINT ( 'NONE', #660 ) ;
#6248 = ORIENTED_EDGE ( 'NONE', *, *, #1001, .F. ) ;
#6249 = LINE ( 'NONE', #4550, #588 ) ;
#6250 = DIRECTION ( 'NONE',  ( -1.000000000000000000, -0.000000000000000000, -0.000000000000000000 ) ) ;
#6251 = FACE_BOUND ( 'NONE', #7092, .T. ) ;
#6252 = ADVANCED_FACE ( 'NONE', ( #6778 ), #5547, .F. ) ;
#6253 = ORIENTED_EDGE ( 'NONE', *, *, #6828, .T. ) ;
#6254 = VERTEX_POINT ( 'NONE', #229 ) ;
#6255 = VERTEX_POINT ( 'NONE', #697 ) ;
#6256 = ORIENTED_EDGE ( 'NONE', *, *, #6551, .T. ) ;
#6257 = CARTESIAN_POINT ( 'NONE',  ( 35.89999999999998437, 2.700000000000000178, -5.499999999999999112 ) ) ;
#6258 = LINE ( 'NONE', #1327, #4379 ) ;
#6259 = CARTESIAN_POINT ( 'NONE',  ( 17.89999999999997016, 2.700000000000000178, -4.499999999999999112 ) ) ;
#6260 = AXIS2_PLACEMENT_3D ( 'NONE', #7013, #3729, #1534 ) ;
#6261 = CARTESIAN_POINT ( 'NONE',  ( -36.50000000000000711, 4.000000000000000000, -10.00000000000000000 ) ) ;
#6262 = EDGE_CURVE ( 'NONE', #6920, #2069, #1264, .T. ) ;
#6263 = VERTEX_POINT ( 'NONE', #4611 ) ;
#6264 = VERTEX_POINT ( 'NONE', #2263 ) ;
#6265 = LINE ( 'NONE', #3523, #4349 ) ;
#6266 = LINE ( 'NONE', #793, #2090 ) ;
#6267 = AXIS2_PLACEMENT_3D ( 'NONE', #5861, #5930, #3054 ) ;
#6268 = ADVANCED_FACE ( 'NONE', ( #5118 ), #6817, .F. ) ;
#6269 = FACE_OUTER_BOUND ( 'NONE', #3957, .T. ) ;
#6270 = VECTOR ( 'NONE', #6051, 1000.000000000000000 ) ;
#6271 = DIRECTION ( 'NONE',  ( 0.000000000000000000, 0.000000000000000000, 1.000000000000000000 ) ) ;
#6272 = DIRECTION ( 'NONE',  ( -1.000000000000000000, -0.000000000000000000, -0.000000000000000000 ) ) ;
#6273 = ORIENTED_EDGE ( 'NONE', *, *, #5929, .T. ) ;
#6274 = DIRECTION ( 'NONE',  ( 0.000000000000000000, 0.000000000000000000, 1.000000000000000000 ) ) ;
#6275 = CARTESIAN_POINT ( 'NONE',  ( -51.50000000000000711, 2.000000000000000000, 10.00000000000000000 ) ) ;
#6276 = CARTESIAN_POINT ( 'NONE',  ( -30.00000000000000711, 3.199999999999999734, 2.499999999999996003 ) ) ;
#6277 = LINE ( 'NONE', #4109, #4652 ) ;
#6278 = VERTEX_POINT ( 'NONE', #3966 ) ;
#6279 = FACE_OUTER_BOUND ( 'NONE', #3726, .T. ) ;
#6280 = ORIENTED_EDGE ( 'NONE', *, *, #4392, .F. ) ;
#6281 = ORIENTED_EDGE ( 'NONE', *, *, #6465, .T. ) ;
#6282 = LINE ( 'NONE', #244, #3233 ) ;
#6283 = CARTESIAN_POINT ( 'NONE',  ( 8.999999999999994671, 2.000000000000000000, -2.500000000000004885 ) ) ;
#6284 = FACE_BOUND ( 'NONE', #5659, .T. ) ;
#6285 = ORIENTED_EDGE ( 'NONE', *, *, #656, .T. ) ;
#6286 = EDGE_CURVE ( 'NONE', #1857, #5134, #6163, .T. ) ;
#6287 = EDGE_CURVE ( 'NONE', #1039, #5340, #3389, .T. ) ;
#6288 = ORIENTED_EDGE ( 'NONE', *, *, #221, .T. ) ;
#6289 = ORIENTED_EDGE ( 'NONE', *, *, #1859, .F. ) ;
#6290 = DIRECTION ( 'NONE',  ( 1.000000000000000000, -0.000000000000000000, -0.000000000000000000 ) ) ;
#6291 = CARTESIAN_POINT ( 'NONE',  ( -33.00000000000001421, 2.700000000000000178, 7.399999999999998579 ) ) ;
#6292 = EDGE_CURVE ( 'NONE', #643, #6097, #1229, .T. ) ;
#6293 = DIRECTION ( 'NONE',  ( 1.000000000000000000, -0.000000000000000000, 2.891205793294688680E-16 ) ) ;
#6294 = CARTESIAN_POINT ( 'NONE',  ( -44.90000000000001279, 2.000000000000000000, -4.499999999999999112 ) ) ;
#6295 = ORIENTED_EDGE ( 'NONE', *, *, #3117, .T. ) ;
#6296 = ORIENTED_EDGE ( 'NONE', *, *, #4566, .F. ) ;
#6297 = LINE ( 'NONE', #2182, #281 ) ;
#6298 = CARTESIAN_POINT ( 'NONE',  ( -9.000000000000001776, 2.000000000000000000, -2.500000000000004885 ) ) ;
#6299 = ADVANCED_FACE ( 'NONE', ( #5080 ), #159, .F. ) ;
#6300 = CARTESIAN_POINT ( 'NONE',  ( -26.50000000000000711, 2.000000000000000000, -12.00000000000000000 ) ) ;
#6301 = CARTESIAN_POINT ( 'NONE',  ( 39.99999999999997868, 2.700000000000000178, 7.399999999999998579 ) ) ;
#6302 = DIRECTION ( 'NONE',  ( -0.000000000000000000, -0.000000000000000000, 1.000000000000000000 ) ) ;
#6303 = ORIENTED_EDGE ( 'NONE', *, *, #5400, .T. ) ;
#6304 = FACE_OUTER_BOUND ( 'NONE', #6180, .T. ) ;
#6305 = CARTESIAN_POINT ( 'NONE',  ( -24.00000000000000000, 3.199999999999999734, -2.500000000000004441 ) ) ;
#6306 = DIRECTION ( 'NONE',  ( 0.000000000000000000, -1.000000000000000000, 0.000000000000000000 ) ) ;
#6307 = AXIS2_PLACEMENT_3D ( 'NONE', #1729, #6079, #5575 ) ;
#6308 = FACE_OUTER_BOUND ( 'NONE', #4628, .T. ) ;
#6309 = VECTOR ( 'NONE', #755, 1000.000000000000000 ) ;
#6310 = ORIENTED_EDGE ( 'NONE', *, *, #6167, .T. ) ;
#6311 = DIRECTION ( 'NONE',  ( 1.000000000000000000, 0.000000000000000000, 0.000000000000000000 ) ) ;
#6312 = ORIENTED_EDGE ( 'NONE', *, *, #111, .F. ) ;
#6313 = VERTEX_POINT ( 'NONE', #3997 ) ;
#6314 = VECTOR ( 'NONE', #4979, 1000.000000000000000 ) ;
#6315 = PLANE ( 'NONE',  #1287 ) ;
#6316 = AXIS2_PLACEMENT_3D ( 'NONE', #185, #5789, #3519 ) ;
#6317 = CARTESIAN_POINT ( 'NONE',  ( 11.99999999999998224, 2.000000000000000000, 7.399999999999998579 ) ) ;
#6318 = FACE_OUTER_BOUND ( 'NONE', #4849, .T. ) ;
#6319 = VECTOR ( 'NONE', #3107, 1000.000000000000000 ) ;
#6320 = EDGE_LOOP ( 'NONE', ( #4545, #4893, #4280, #195 ) ) ;
#6321 = DIRECTION ( 'NONE',  ( 0.000000000000000000, 0.000000000000000000, 1.000000000000000000 ) ) ;
#6322 = VECTOR ( 'NONE', #3755, 1000.000000000000000 ) ;
#6323 = ORIENTED_EDGE ( 'NONE', *, *, #5443, .T. ) ;
#6324 = VERTEX_POINT ( 'NONE', #6198 ) ;
#6325 = DIRECTION ( 'NONE',  ( -1.000000000000000000, -0.000000000000000000, -1.445602896647337931E-16 ) ) ;
#6326 = DIRECTION ( 'NONE',  ( 1.000000000000000000, 0.000000000000000000, -0.000000000000000000 ) ) ;
#6327 = DIRECTION ( 'NONE',  ( -1.000000000000000000, 0.000000000000000000, 0.000000000000000000 ) ) ;
#6328 = EDGE_CURVE ( 'NONE', #6060, #2902, #335, .T. ) ;
#6329 = EDGE_CURVE ( 'NONE', #5698, #322, #5330, .T. ) ;
#6330 = AXIS2_PLACEMENT_3D ( 'NONE', #6015, #1695, #5983 ) ;
#6331 = LINE ( 'NONE', #2615, #3733 ) ;
#6332 = ORIENTED_EDGE ( 'NONE', *, *, #2031, .F. ) ;
#6333 = ADVANCED_FACE ( 'NONE', ( #2561 ), #6886, .F. ) ;
#6334 = EDGE_LOOP ( 'NONE', ( #1283, #4058, #6212, #6288 ) ) ;
#6335 = DIRECTION ( 'NONE',  ( -0.000000000000000000, -0.000000000000000000, 1.000000000000000000 ) ) ;
#6336 = VECTOR ( 'NONE', #503, 1000.000000000000000 ) ;
#6337 = CARTESIAN_POINT ( 'NONE',  ( 34.99999999999997868, 2.000000000000000000, 7.399999999999998579 ) ) ;
#6338 = CARTESIAN_POINT ( 'NONE',  ( -36.10000000000002274, 2.000000000000000000, -5.499999999999999112 ) ) ;
#6339 = VECTOR ( 'NONE', #1685, 1000.000000000000000 ) ;
#6340 = DIRECTION ( 'NONE',  ( 1.000000000000000000, -0.000000000000000000, -0.000000000000000000 ) ) ;
#6341 = EDGE_CURVE ( 'NONE', #6575, #6313, #3528, .T. ) ;
#6342 = CARTESIAN_POINT ( 'NONE',  ( 23.89999999999997726, 2.700000000000000178, -4.499999999999999112 ) ) ;
#6343 = VERTEX_POINT ( 'NONE', #5189 ) ;
#6344 = PRESENTATION_LAYER_ASSIGNMENT (  '', '', ( #2552 ) ) ;
#6345 = FACE_OUTER_BOUND ( 'NONE', #3851, .T. ) ;
#6346 = CARTESIAN_POINT ( 'NONE',  ( 26.50000000000000711, 4.000000000000000000, 12.00000000000000000 ) ) ;
#6347 = DIRECTION ( 'NONE',  ( -0.000000000000000000, -1.000000000000000000, -0.000000000000000000 ) ) ;
#6348 = VECTOR ( 'NONE', #156, 1000.000000000000000 ) ;
#6349 = PLANE ( 'NONE',  #2589 ) ;
#6350 = ORIENTED_EDGE ( 'NONE', *, *, #4426, .T. ) ;
#6351 = LINE ( 'NONE', #844, #3 ) ;
#6352 = ORIENTED_EDGE ( 'NONE', *, *, #5945, .T. ) ;
#6353 = ORIENTED_EDGE ( 'NONE', *, *, #526, .F. ) ;
#6354 = CARTESIAN_POINT ( 'NONE',  ( -26.50000000000000711, 0.000000000000000000, 12.00000000000000000 ) ) ;
#6355 = LINE ( 'NONE', #1425, #1024 ) ;
#6356 = DIRECTION ( 'NONE',  ( 0.000000000000000000, -0.000000000000000000, -1.000000000000000000 ) ) ;
#6357 = ORIENTED_EDGE ( 'NONE', *, *, #4869, .T. ) ;
#6358 = PLANE ( 'NONE',  #114 ) ;
#6359 = ORIENTED_EDGE ( 'NONE', *, *, #761, .T. ) ;
#6360 = ORIENTED_EDGE ( 'NONE', *, *, #7128, .T. ) ;
#6361 = FACE_OUTER_BOUND ( 'NONE', #5266, .T. ) ;
#6362 = LINE ( 'NONE', #1975, #1280 ) ;
#6363 = CARTESIAN_POINT ( 'NONE',  ( 38.99999999999997868, 2.700000000000000178, 4.599999999999998757 ) ) ;
#6364 = CARTESIAN_POINT ( 'NONE',  ( 17.99999999999998934, 3.199999999999999734, -2.500000000000004441 ) ) ;
#6365 = ORIENTED_EDGE ( 'NONE', *, *, #5896, .T. ) ;
#6366 = ORIENTED_EDGE ( 'NONE', *, *, #4230, .T. ) ;
#6367 = DIRECTION ( 'NONE',  ( -0.000000000000000000, -1.000000000000000000, -0.000000000000000000 ) ) ;
#6368 = ADVANCED_FACE ( 'NONE', ( #5225 ), #4757, .F. ) ;
#6369 = DIRECTION ( 'NONE',  ( 0.000000000000000000, -0.000000000000000000, -1.000000000000000000 ) ) ;
#6370 = AXIS2_PLACEMENT_3D ( 'NONE', #2792, #2245, #2108 ) ;
#6371 = EDGE_CURVE ( 'NONE', #1779, #383, #5832, .T. ) ;
#6372 = CARTESIAN_POINT ( 'NONE',  ( 15.99999999999997335, 2.700000000000000178, 4.599999999999998757 ) ) ;
#6373 = CARTESIAN_POINT ( 'NONE',  ( 47.99999999999998579, 3.199999999999999734, 2.499999999999996003 ) ) ;
#6374 = EDGE_CURVE ( 'NONE', #1206, #996, #5870, .T. ) ;
#6375 = VECTOR ( 'NONE', #1436, 1000.000000000000000 ) ;
#6376 = EDGE_CURVE ( 'NONE', #1942, #6620, #2047, .T. ) ;
#6377 = ORIENTED_EDGE ( 'NONE', *, *, #3242, .F. ) ;
#6378 = DIRECTION ( 'NONE',  ( -0.000000000000000000, -1.000000000000000000, -0.000000000000000000 ) ) ;
#6379 = DIRECTION ( 'NONE',  ( 0.000000000000000000, 0.000000000000000000, 1.000000000000000000 ) ) ;
#6380 = EDGE_CURVE ( 'NONE', #5127, #6603, #373, .T. ) ;
#6381 = CARTESIAN_POINT ( 'NONE',  ( -12.00000000000001066, 2.700000000000000178, 4.599999999999998757 ) ) ;
#6382 = VECTOR ( 'NONE', #1262, 1000.000000000000000 ) ;
#6383 = CARTESIAN_POINT ( 'NONE',  ( 30.00000000000000000, 3.199999999999999734, -2.500000000000004441 ) ) ;
#6384 = DIRECTION ( 'NONE',  ( -0.000000000000000000, -0.000000000000000000, -1.000000000000000000 ) ) ;
#6385 = EDGE_LOOP ( 'NONE', ( #3509, #1429, #5039, #507 ) ) ;
#6386 = ADVANCED_FACE ( 'NONE', ( #4682 ), #3134, .T. ) ;
#6387 = ORIENTED_EDGE ( 'NONE', *, *, #6823, .T. ) ;
#6388 = EDGE_CURVE ( 'NONE', #1809, #5276, #4141, .T. ) ;
#6389 = CARTESIAN_POINT ( 'NONE',  ( 39.99999999999997868, 2.700000000000000178, 7.399999999999998579 ) ) ;
#6390 = AXIS2_PLACEMENT_3D ( 'NONE', #1747, #838, #2485 ) ;
#6391 = EDGE_LOOP ( 'NONE', ( #249, #3536, #4884, #7001 ) ) ;
#6392 = CARTESIAN_POINT ( 'NONE',  ( -33.00000000000000000, 3.199999999999999734, 2.499999999999995115 ) ) ;
#6393 = ORIENTED_EDGE ( 'NONE', *, *, #1977, .F. ) ;
#6394 = DIRECTION ( 'NONE',  ( -0.000000000000000000, 0.000000000000000000, -1.000000000000000000 ) ) ;
#6395 = EDGE_LOOP ( 'NONE', ( #2225, #4243, #7079, #3718 ) ) ;
#6396 = VERTEX_POINT ( 'NONE', #1989 ) ;
#6397 = FACE_OUTER_BOUND ( 'NONE', #3072, .T. ) ;
#6398 = DIRECTION ( 'NONE',  ( 1.000000000000000000, 0.000000000000000000, -3.469446951953613696E-16 ) ) ;
#6399 = LINE ( 'NONE', #993, #568 ) ;
#6400 = DIRECTION ( 'NONE',  ( 0.000000000000000000, -1.000000000000000000, 0.000000000000000000 ) ) ;
#6401 = ORIENTED_EDGE ( 'NONE', *, *, #4056, .T. ) ;
#6402 = ORIENTED_EDGE ( 'NONE', *, *, #2431, .F. ) ;
#6403 = DIRECTION ( 'NONE',  ( -0.000000000000000000, -1.000000000000000000, -0.000000000000000000 ) ) ;
#6404 = CARTESIAN_POINT ( 'NONE',  ( 8.999999999999994671, 2.000000000000000000, -2.500000000000004885 ) ) ;
#6405 = DIRECTION ( 'NONE',  ( -0.000000000000000000, -0.000000000000000000, -1.000000000000000000 ) ) ;
#6406 = PLANE ( 'NONE',  #4576 ) ;
#6407 = ORIENTED_EDGE ( 'NONE', *, *, #1889, .T. ) ;
#6408 = LINE ( 'NONE', #6520, #5883 ) ;
#6409 = FACE_OUTER_BOUND ( 'NONE', #3780, .T. ) ;
#6410 = DIRECTION ( 'NONE',  ( -1.000000000000000000, -0.000000000000000000, -0.000000000000000000 ) ) ;
#6411 = EDGE_CURVE ( 'NONE', #2168, #5693, #5801, .T. ) ;
#6412 = ADVANCED_FACE ( 'NONE', ( #4241 ), #267, .F. ) ;
#6413 = EDGE_CURVE ( 'NONE', #5166, #6324, #1916, .T. ) ;
#6414 = DIRECTION ( 'NONE',  ( -1.000000000000000000, 0.000000000000000000, -2.891205793294688680E-16 ) ) ;
#6415 = CARTESIAN_POINT ( 'NONE',  ( -26.50000000000000711, 2.000000000000000000, 12.00000000000000000 ) ) ;
#6416 = EDGE_CURVE ( 'NONE', #3588, #6097, #4104, .T. ) ;
#6417 = ORIENTED_EDGE ( 'NONE', *, *, #6913, .F. ) ;
#6418 = ORIENTED_EDGE ( 'NONE', *, *, #4678, .F. ) ;
#6419 = UNCERTAINTY_MEASURE_WITH_UNIT (LENGTH_MEASURE( 1.000000000000000082E-05 ), #607, 'distance_accuracy_value', 'NONE');
#6420 = DIRECTION ( 'NONE',  ( 1.000000000000000000, 0.000000000000000000, -0.000000000000000000 ) ) ;
#6421 = VECTOR ( 'NONE', #2369, 1000.000000000000000 ) ;
#6422 = DIRECTION ( 'NONE',  ( 0.000000000000000000, 0.000000000000000000, -1.000000000000000000 ) ) ;
#6423 = LINE ( 'NONE', #4259, #4417 ) ;
#6424 = ORIENTED_EDGE ( 'NONE', *, *, #2427, .T. ) ;
#6425 = PLANE ( 'NONE',  #228 ) ;
#6426 = VECTOR ( 'NONE', #4890, 1000.000000000000000 ) ;
#6427 = EDGE_CURVE ( 'NONE', #1909, #5527, #1445, .T. ) ;
#6428 = ORIENTED_EDGE ( 'NONE', *, *, #5579, .F. ) ;
#6429 = EDGE_LOOP ( 'NONE', ( #4842, #2011, #3370, #6829 ) ) ;
#6430 = VECTOR ( 'NONE', #1416, 1000.000000000000000 ) ;
#6431 = CARTESIAN_POINT ( 'NONE',  ( -13.00000000000001066, 2.700000000000000178, 4.599999999999998757 ) ) ;
#6432 = DIRECTION ( 'NONE',  ( 0.000000000000000000, -1.000000000000000000, 0.000000000000000000 ) ) ;
#6433 = LINE ( 'NONE', #5825, #108 ) ;
#6434 = VECTOR ( 'NONE', #2094, 1000.000000000000000 ) ;
#6435 = VECTOR ( 'NONE', #4902, 1000.000000000000000 ) ;
#6436 = CARTESIAN_POINT ( 'NONE',  ( -26.90000000000000568, 2.000000000000000000, -5.499999999999999112 ) ) ;
#6437 = EDGE_LOOP ( 'NONE', ( #4740, #2313, #5209, #1969 ) ) ;
#6438 = ORIENTED_EDGE ( 'NONE', *, *, #4825, .T. ) ;
#6439 = LINE ( 'NONE', #2657, #4860 ) ;
#6440 = FACE_OUTER_BOUND ( 'NONE', #2991, .T. ) ;
#6441 = AXIS2_PLACEMENT_3D ( 'NONE', #4605, #118, #4067 ) ;
#6442 = LINE ( 'NONE', #5937, #6080 ) ;
#6443 = DIRECTION ( 'NONE',  ( 0.000000000000000000, 0.000000000000000000, 1.000000000000000000 ) ) ;
#6444 = ORIENTED_EDGE ( 'NONE', *, *, #2028, .T. ) ;
#6445 = CARTESIAN_POINT ( 'NONE',  ( -8.900000000000019895, 2.000000000000000000, -5.499999999999999112 ) ) ;
#6446 = VECTOR ( 'NONE', #6762, 1000.000000000000000 ) ;
#6447 = LINE ( 'NONE', #6305, #2632 ) ;
#6448 = CARTESIAN_POINT ( 'NONE',  ( -46.50000000000000711, 2.000000000000000000, -12.00000000000000000 ) ) ;
#6449 = PLANE ( 'NONE',  #5571 ) ;
#6450 = VECTOR ( 'NONE', #3641, 1000.000000000000000 ) ;
#6451 = CARTESIAN_POINT ( 'NONE',  ( -18.10000000000001918, 2.700000000000000178, -4.499999999999999112 ) ) ;
#6452 = ORIENTED_EDGE ( 'NONE', *, *, #1859, .T. ) ;
#6453 = EDGE_CURVE ( 'NONE', #4774, #2622, #5260, .T. ) ;
#6454 = VERTEX_POINT ( 'NONE', #836 ) ;
#6455 = CARTESIAN_POINT ( 'NONE',  ( 35.99999999999999289, 2.000000000000000000, 2.499999999999996003 ) ) ;
#6456 = PLANE ( 'NONE',  #1382 ) ;
#6457 = VECTOR ( 'NONE', #3562, 1000.000000000000000 ) ;
#6458 = EDGE_LOOP ( 'NONE', ( #277, #4561, #4990, #3411 ) ) ;
#6459 = ADVANCED_FACE ( 'NONE', ( #3026 ), #6406, .F. ) ;
#6460 = DIRECTION ( 'NONE',  ( -0.000000000000000000, -1.000000000000000000, -0.000000000000000000 ) ) ;
#6461 = ORIENTED_EDGE ( 'NONE', *, *, #5976, .T. ) ;
#6462 = PLANE ( 'NONE',  #6777 ) ;
#6463 = ORIENTED_EDGE ( 'NONE', *, *, #1352, .F. ) ;
#6464 = VECTOR ( 'NONE', #5866, 1000.000000000000000 ) ;
#6465 = EDGE_CURVE ( 'NONE', #4675, #3521, #6, .T. ) ;
#6466 = ORIENTED_EDGE ( 'NONE', *, *, #2344, .F. ) ;
#6467 = CARTESIAN_POINT ( 'NONE',  ( -51.50000000000000711, 2.000000000000000000, -10.00000000000000000 ) ) ;
#6468 = FACE_OUTER_BOUND ( 'NONE', #1325, .T. ) ;
#6469 = PLANE ( 'NONE',  #5283 ) ;
#6470 = EDGE_CURVE ( 'NONE', #2138, #1230, #1584, .T. ) ;
#6471 = CARTESIAN_POINT ( 'NONE',  ( -26.90000000000000568, 2.700000000000000178, -5.499999999999999112 ) ) ;
#6472 = VERTEX_POINT ( 'NONE', #3709 ) ;
#6473 = ORIENTED_EDGE ( 'NONE', *, *, #6803, .T. ) ;
#6474 = DIRECTION ( 'NONE',  ( -0.000000000000000000, -1.000000000000000000, -0.000000000000000000 ) ) ;
#6475 = CARTESIAN_POINT ( 'NONE',  ( 11.99999999999998224, 2.000000000000000000, 7.399999999999998579 ) ) ;
#6476 = VECTOR ( 'NONE', #4100, 1000.000000000000000 ) ;
#6477 = ADVANCED_FACE ( 'NONE', ( #2154 ), #5500, .F. ) ;
#6478 = ADVANCED_FACE ( 'NONE', ( #5396 ), #5906, .F. ) ;
#6479 = PLANE ( 'NONE',  #2170 ) ;
#6480 = ORIENTED_EDGE ( 'NONE', *, *, #4430, .F. ) ;
#6481 = ORIENTED_EDGE ( 'NONE', *, *, #1814, .F. ) ;
#6482 = DIRECTION ( 'NONE',  ( -0.000000000000000000, -0.000000000000000000, 1.000000000000000000 ) ) ;
#6483 = ORIENTED_EDGE ( 'NONE', *, *, #3811, .F. ) ;
#6484 = EDGE_CURVE ( 'NONE', #4788, #4810, #3778, .T. ) ;
#6485 = DIRECTION ( 'NONE',  ( 0.000000000000000000, 0.000000000000000000, 1.000000000000000000 ) ) ;
#6486 = AXIS2_PLACEMENT_3D ( 'NONE', #3050, #2612, #2505 ) ;
#6487 = PLANE ( 'NONE',  #4023 ) ;
#6488 = AXIS2_PLACEMENT_3D ( 'NONE', #6002, #4444, #1067 ) ;
#6489 = LINE ( 'NONE', #1554, #867 ) ;
#6490 = DIRECTION ( 'NONE',  ( -0.000000000000000000, -0.000000000000000000, -1.000000000000000000 ) ) ;
#6491 = EDGE_LOOP ( 'NONE', ( #4192, #2772, #6909, #6360 ) ) ;
#6492 = ORIENTED_EDGE ( 'NONE', *, *, #80, .F. ) ;
#6493 = DIRECTION ( 'NONE',  ( -0.000000000000000000, -0.000000000000000000, -1.000000000000000000 ) ) ;
#6494 = VECTOR ( 'NONE', #4320, 1000.000000000000000 ) ;
#6495 = CARTESIAN_POINT ( 'NONE',  ( 30.00000000000000000, 3.199999999999999734, -2.500000000000004441 ) ) ;
#6496 = ORIENTED_EDGE ( 'NONE', *, *, #1260, .F. ) ;
#6497 = DIRECTION ( 'NONE',  ( -0.000000000000000000, -1.000000000000000000, -0.000000000000000000 ) ) ;
#6498 = VERTEX_POINT ( 'NONE', #3273 ) ;
#6499 = LINE ( 'NONE', #4328, #6314 ) ;
#6500 = VECTOR ( 'NONE', #2560, 1000.000000000000000 ) ;
#6501 = VERTEX_POINT ( 'NONE', #6556 ) ;
#6502 = ORIENTED_EDGE ( 'NONE', *, *, #2055, .T. ) ;
#6503 = DIRECTION ( 'NONE',  ( 0.000000000000000000, 0.000000000000000000, 1.000000000000000000 ) ) ;
#6504 = DIRECTION ( 'NONE',  ( 1.000000000000000000, -0.000000000000000000, -0.000000000000000000 ) ) ;
#6505 = CARTESIAN_POINT ( 'NONE',  ( -27.00000000000000355, 3.199999999999999734, 2.499999999999995115 ) ) ;
#6506 = EDGE_CURVE ( 'NONE', #1575, #6781, #4856, .T. ) ;
#6507 = EDGE_CURVE ( 'NONE', #2349, #4752, #1620, .T. ) ;
#6508 = DIRECTION ( 'NONE',  ( -3.469446951953613696E-16, 0.000000000000000000, 1.000000000000000000 ) ) ;
#6509 = ORIENTED_EDGE ( 'NONE', *, *, #4136, .T. ) ;
#6510 = VERTEX_POINT ( 'NONE', #3237 ) ;
#6511 = LINE ( 'NONE', #3266, #4405 ) ;
#6512 = EDGE_CURVE ( 'NONE', #1819, #7073, #3307, .T. ) ;
#6513 = CARTESIAN_POINT ( 'NONE',  ( -26.50000000000000711, 4.000000000000000000, 12.00000000000000000 ) ) ;
#6514 = DIRECTION ( 'NONE',  ( -0.000000000000000000, -1.000000000000000000, -0.000000000000000000 ) ) ;
#6515 = CARTESIAN_POINT ( 'NONE',  ( -18.10000000000001918, 2.700000000000000178, -5.499999999999999112 ) ) ;
#6516 = ORIENTED_EDGE ( 'NONE', *, *, #2951, .F. ) ;
#6517 = LINE ( 'NONE', #4892, #3427 ) ;
#6518 = VERTEX_POINT ( 'NONE', #5468 ) ;
#6519 = EDGE_CURVE ( 'NONE', #6840, #5980, #4421, .T. ) ;
#6520 = CARTESIAN_POINT ( 'NONE',  ( 2.999999999999995559, 3.199999999999999734, -2.500000000000004885 ) ) ;
#6521 = FACE_OUTER_BOUND ( 'NONE', #1866, .T. ) ;
#6522 = LINE ( 'NONE', #4970, #5689 ) ;
#6523 = DIRECTION ( 'NONE',  ( -1.000000000000000000, 0.000000000000000000, 0.000000000000000000 ) ) ;
#6524 = EDGE_CURVE ( 'NONE', #4396, #1423, #4964, .T. ) ;
#6525 = VERTEX_POINT ( 'NONE', #40 ) ;
#6526 = ORIENTED_EDGE ( 'NONE', *, *, #5044, .T. ) ;
#6527 = PLANE ( 'NONE',  #719 ) ;
#6528 = CARTESIAN_POINT ( 'NONE',  ( 35.89999999999998437, 2.000000000000000000, -4.499999999999999112 ) ) ;
#6529 = ORIENTED_EDGE ( 'NONE', *, *, #6695, .T. ) ;
#6530 = LINE ( 'NONE', #5994, #5112 ) ;
#6531 = ORIENTED_EDGE ( 'NONE', *, *, #6953, .F. ) ;
#6532 = CARTESIAN_POINT ( 'NONE',  ( -18.00000000000000355, 3.199999999999999734, 2.499999999999996003 ) ) ;
#6533 = ORIENTED_EDGE ( 'NONE', *, *, #405, .T. ) ;
#6534 = EDGE_LOOP ( 'NONE', ( #7084, #7063, #4553, #1323 ) ) ;
#6535 = AXIS2_PLACEMENT_3D ( 'NONE', #4723, #2594, #6928 ) ;
#6536 = ORIENTED_EDGE ( 'NONE', *, *, #4824, .F. ) ;
#6537 = CARTESIAN_POINT ( 'NONE',  ( -51.50000000000000711, 0.000000000000000000, 10.00000000000000000 ) ) ;
#6538 = LINE ( 'NONE', #3763, #3121 ) ;
#6539 = PLANE ( 'NONE',  #3563 ) ;
#6540 = VECTOR ( 'NONE', #4715, 1000.000000000000000 ) ;
#6541 = LINE ( 'NONE', #1610, #2921 ) ;
#6542 = ORIENTED_EDGE ( 'NONE', *, *, #5182, .T. ) ;
#6543 = VECTOR ( 'NONE', #271, 1000.000000000000000 ) ;
#6544 = ORIENTED_EDGE ( 'NONE', *, *, #4450, .T. ) ;
#6545 = CARTESIAN_POINT ( 'NONE',  ( -21.00000000000000355, 2.000000000000000000, -2.500000000000004885 ) ) ;
#6546 = EDGE_CURVE ( 'NONE', #4581, #1691, #6517, .T. ) ;
#6547 = CARTESIAN_POINT ( 'NONE',  ( 15.99999999999997335, 2.700000000000000178, 7.399999999999998579 ) ) ;
#6548 = EDGE_CURVE ( 'NONE', #6603, #6343, #7099, .T. ) ;
#6549 = AXIS2_PLACEMENT_3D ( 'NONE', #1371, #1472, #3670 ) ;
#6550 = VECTOR ( 'NONE', #2498, 1000.000000000000000 ) ;
#6551 = EDGE_CURVE ( 'NONE', #3514, #5669, #3168, .T. ) ;
#6552 = CARTESIAN_POINT ( 'NONE',  ( -36.10000000000002274, 2.700000000000000178, -4.499999999999999112 ) ) ;
#6553 = LINE ( 'NONE', #404, #454 ) ;
#6554 = VECTOR ( 'NONE', #6384, 1000.000000000000000 ) ;
#6555 = ORIENTED_EDGE ( 'NONE', *, *, #2986, .F. ) ;
#6556 = CARTESIAN_POINT ( 'NONE',  ( -8.900000000000019895, 2.700000000000000178, -4.499999999999999112 ) ) ;
#6557 = VECTOR ( 'NONE', #5336, 1000.000000000000000 ) ;
#6558 = EDGE_LOOP ( 'NONE', ( #2685, #5907, #3579, #3575 ) ) ;
#6559 = DIRECTION ( 'NONE',  ( -0.000000000000000000, -0.000000000000000000, 1.000000000000000000 ) ) ;
#6560 = CARTESIAN_POINT ( 'NONE',  ( 11.99999999999999645, 2.000000000000000000, -2.500000000000004441 ) ) ;
#6561 = VECTOR ( 'NONE', #6851, 1000.000000000000000 ) ;
#6562 = EDGE_CURVE ( 'NONE', #6809, #1899, #436, .T. ) ;
#6563 = VECTOR ( 'NONE', #4418, 1000.000000000000000 ) ;
#6564 = CARTESIAN_POINT ( 'NONE',  ( 41.89999999999997726, 2.000000000000000000, -5.499999999999999112 ) ) ;
#6565 = LINE ( 'NONE', #548, #4240 ) ;
#6566 = ORIENTED_EDGE ( 'NONE', *, *, #703, .F. ) ;
#6567 = ORIENTED_EDGE ( 'NONE', *, *, #3123, .F. ) ;
#6568 = CARTESIAN_POINT ( 'NONE',  ( -36.00000000000002132, 2.000000000000000000, 4.599999999999998757 ) ) ;
#6569 = CARTESIAN_POINT ( 'NONE',  ( -42.00000000000000000, 3.199999999999999734, -2.500000000000004441 ) ) ;
#6570 = ORIENTED_EDGE ( 'NONE', *, *, #4984, .F. ) ;
#6571 = VECTOR ( 'NONE', #2039, 1000.000000000000000 ) ;
#6572 = LINE ( 'NONE', #1638, #2818 ) ;
#6573 = VERTEX_POINT ( 'NONE', #6047 ) ;
#6574 = PLANE ( 'NONE',  #3901 ) ;
#6575 = VERTEX_POINT ( 'NONE', #4925 ) ;
#6576 = ORIENTED_EDGE ( 'NONE', *, *, #2317, .F. ) ;
#6577 = CARTESIAN_POINT ( 'NONE',  ( -15.00000000000000711, 3.199999999999999734, 2.499999999999995115 ) ) ;
#6578 = VECTOR ( 'NONE', #735, 1000.000000000000000 ) ;
#6579 = DIRECTION ( 'NONE',  ( 1.000000000000000000, -0.000000000000000000, 2.891205793294688680E-16 ) ) ;
#6580 = LINE ( 'NONE', #1646, #6669 ) ;
#6581 = CARTESIAN_POINT ( 'NONE',  ( -18.00000000000000355, 3.199999999999999734, 2.499999999999996003 ) ) ;
#6582 = VECTOR ( 'NONE', #3959, 1000.000000000000000 ) ;
#6583 = EDGE_LOOP ( 'NONE', ( #4835, #1469, #4646, #1076, #6134 ) ) ;
#6584 = ORIENTED_EDGE ( 'NONE', *, *, #4826, .F. ) ;
#6585 = LINE ( 'NONE', #5492, #5552 ) ;
#6586 = EDGE_CURVE ( 'NONE', #268, #7073, #4819, .T. ) ;
#6587 = CARTESIAN_POINT ( 'NONE',  ( -33.00000000000000000, 3.199999999999999734, -2.500000000000004885 ) ) ;
#6588 = DIRECTION ( 'NONE',  ( -0.000000000000000000, -1.000000000000000000, -0.000000000000000000 ) ) ;
#6589 = CARTESIAN_POINT ( 'NONE',  ( -27.00000000000000355, 3.199999999999999734, -2.500000000000004885 ) ) ;
#6590 = DIRECTION ( 'NONE',  ( -1.000000000000000000, -0.000000000000000000, -0.000000000000000000 ) ) ;
#6591 = VERTEX_POINT ( 'NONE', #2088 ) ;
#6592 = CARTESIAN_POINT ( 'NONE',  ( -33.00000000000000000, 3.199999999999999734, -2.500000000000004885 ) ) ;
#6593 = VERTEX_POINT ( 'NONE', #5940 ) ;
#6594 = PLANE ( 'NONE',  #1986 ) ;
#6595 = CARTESIAN_POINT ( 'NONE',  ( -38.90000000000001990, 2.000000000000000000, -4.499999999999999112 ) ) ;
#6596 = EDGE_CURVE ( 'NONE', #4804, #4769, #4279, .T. ) ;
#6597 = VECTOR ( 'NONE', #2586, 1000.000000000000000 ) ;
#6598 = EDGE_CURVE ( 'NONE', #2646, #4803, #1692, .T. ) ;
#6599 = CARTESIAN_POINT ( 'NONE',  ( -30.00000000000000355, 3.199999999999999734, -2.500000000000004441 ) ) ;
#6600 = LINE ( 'NONE', #49, #4590 ) ;
#6601 = ORIENTED_EDGE ( 'NONE', *, *, #2072, .T. ) ;
#6602 = EDGE_CURVE ( 'NONE', #6472, #4908, #689, .T. ) ;
#6603 = VERTEX_POINT ( 'NONE', #4531 ) ;
#6604 = EDGE_CURVE ( 'NONE', #5899, #1691, #1148, .T. ) ;
#6605 = FACE_OUTER_BOUND ( 'NONE', #6583, .T. ) ;
#6606 = LINE ( 'NONE', #3864, #2754 ) ;
#6607 = VECTOR ( 'NONE', #1217, 1000.000000000000000 ) ;
#6608 = DIRECTION ( 'NONE',  ( 0.000000000000000000, -0.000000000000000000, -1.000000000000000000 ) ) ;
#6609 = ORIENTED_EDGE ( 'NONE', *, *, #5862, .F. ) ;
#6610 = CARTESIAN_POINT ( 'NONE',  ( 38.99999999999997868, 2.700000000000000178, 4.599999999999998757 ) ) ;
#6611 = ORIENTED_EDGE ( 'NONE', *, *, #1792, .F. ) ;
#6612 = AXIS2_PLACEMENT_3D ( 'NONE', #2863, #5094, #1210 ) ;
#6613 = ORIENTED_EDGE ( 'NONE', *, *, #1978, .F. ) ;
#6614 = DIRECTION ( 'NONE',  ( -1.000000000000000000, 0.000000000000000000, -0.000000000000000000 ) ) ;
#6615 = EDGE_CURVE ( 'NONE', #1901, #5474, #2911, .T. ) ;
#6616 = LINE ( 'NONE', #1569, #1737 ) ;
#6617 = DIRECTION ( 'NONE',  ( -0.000000000000000000, -0.000000000000000000, -1.000000000000000000 ) ) ;
#6618 = VECTOR ( 'NONE', #48, 1000.000000000000000 ) ;
#6619 = CARTESIAN_POINT ( 'NONE',  ( 45.09999999999997300, 2.700000000000000178, -5.499999999999999112 ) ) ;
#6620 = VERTEX_POINT ( 'NONE', #1295 ) ;
#6621 = ORIENTED_EDGE ( 'NONE', *, *, #6105, .F. ) ;
#6622 = DIRECTION ( 'NONE',  ( 0.000000000000000000, 0.000000000000000000, -1.000000000000000000 ) ) ;
#6623 = CARTESIAN_POINT ( 'NONE',  ( 9.099999999999983658, 2.700000000000000178, -4.499999999999999112 ) ) ;
#6624 = CARTESIAN_POINT ( 'NONE',  ( 45.00000000000000000, 3.199999999999999734, -2.500000000000004885 ) ) ;
#6625 = DIRECTION ( 'NONE',  ( 1.000000000000000000, 0.000000000000000000, 0.000000000000000000 ) ) ;
#6626 = CARTESIAN_POINT ( 'NONE',  ( 21.09999999999998010, 2.700000000000000178, -4.499999999999999112 ) ) ;
#6627 = ORIENTED_EDGE ( 'NONE', *, *, #6918, .F. ) ;
#6628 = DIRECTION ( 'NONE',  ( -0.000000000000000000, -1.000000000000000000, -0.000000000000000000 ) ) ;
#6629 = VERTEX_POINT ( 'NONE', #6661 ) ;
#6630 = DIRECTION ( 'NONE',  ( -0.000000000000000000, -0.000000000000000000, -1.000000000000000000 ) ) ;
#6631 = DIRECTION ( 'NONE',  ( -0.000000000000000000, -1.000000000000000000, -0.000000000000000000 ) ) ;
#6632 = DIRECTION ( 'NONE',  ( -1.445602896647337684E-16, 0.000000000000000000, 1.000000000000000000 ) ) ;
#6633 = DIRECTION ( 'NONE',  ( 1.000000000000000000, -0.000000000000000000, -3.469446951953613696E-16 ) ) ;
#6634 = ORIENTED_EDGE ( 'NONE', *, *, #6146, .F. ) ;
#6635 = ORIENTED_EDGE ( 'NONE', *, *, #6287, .F. ) ;
#6636 = EDGE_CURVE ( 'NONE', #3832, #581, #1255, .T. ) ;
#6637 = LINE ( 'NONE', #551, #1402 ) ;
#6638 = ADVANCED_FACE ( 'NONE', ( #1765 ), #5652, .F. ) ;
#6639 = DIRECTION ( 'NONE',  ( 0.000000000000000000, -0.000000000000000000, -1.000000000000000000 ) ) ;
#6640 = PLANE ( 'NONE',  #2812 ) ;
#6641 = EDGE_CURVE ( 'NONE', #6946, #1819, #760, .T. ) ;
#6642 = ORIENTED_EDGE ( 'NONE', *, *, #2530, .F. ) ;
#6643 = DIRECTION ( 'NONE',  ( 1.000000000000000000, -0.000000000000000000, -0.000000000000000000 ) ) ;
#6644 = ORIENTED_EDGE ( 'NONE', *, *, #914, .F. ) ;
#6645 = ORIENTED_EDGE ( 'NONE', *, *, #633, .T. ) ;
#6646 = ORIENTED_EDGE ( 'NONE', *, *, #262, .F. ) ;
#6647 = PLANE ( 'NONE',  #2800 ) ;
#6648 = CARTESIAN_POINT ( 'NONE',  ( -6.100000000000021849, 2.700000000000000178, -4.499999999999999112 ) ) ;
#6649 = DIRECTION ( 'NONE',  ( -0.000000000000000000, -0.000000000000000000, -1.000000000000000000 ) ) ;
#6650 = FACE_OUTER_BOUND ( 'NONE', #1118, .T. ) ;
#6651 = EDGE_CURVE ( 'NONE', #2935, #1953, #2878, .T. ) ;
#6652 = ORIENTED_EDGE ( 'NONE', *, *, #3024, .F. ) ;
#6653 = ORIENTED_EDGE ( 'NONE', *, *, #4608, .F. ) ;
#6654 = CARTESIAN_POINT ( 'NONE',  ( 23.99999999999999289, 2.000000000000000000, -2.500000000000004441 ) ) ;
#6655 = LINE ( 'NONE', #104, #2437 ) ;
#6656 = FACE_OUTER_BOUND ( 'NONE', #2492, .T. ) ;
#6657 = VECTOR ( 'NONE', #6628, 1000.000000000000000 ) ;
#6658 = DIRECTION ( 'NONE',  ( -1.000000000000000000, 0.000000000000000000, -2.891205793294688680E-16 ) ) ;
#6659 = DIRECTION ( 'NONE',  ( 1.000000000000000000, -0.000000000000000000, 2.891205793294688680E-16 ) ) ;
#6660 = VERTEX_POINT ( 'NONE', #3958 ) ;
#6661 = CARTESIAN_POINT ( 'NONE',  ( 21.00000000000000355, 2.000000000000000000, -2.500000000000004885 ) ) ;
#6662 = AXIS2_PLACEMENT_3D ( 'NONE', #1166, #3361, #632 ) ;
#6663 = ORIENTED_EDGE ( 'NONE', *, *, #100, .T. ) ;
#6664 = DIRECTION ( 'NONE',  ( 1.000000000000000000, -0.000000000000000000, -0.000000000000000000 ) ) ;
#6665 = AXIS2_PLACEMENT_3D ( 'NONE', #4993, #1516, #2291 ) ;
#6666 = DIRECTION ( 'NONE',  ( 1.000000000000000000, -0.000000000000000000, -0.000000000000000000 ) ) ;
#6667 = VECTOR ( 'NONE', #5473, 1000.000000000000000 ) ;
#6668 = DIRECTION ( 'NONE',  ( 1.000000000000000000, -0.000000000000000000, -0.000000000000000000 ) ) ;
#6669 = VECTOR ( 'NONE', #1317, 1000.000000000000000 ) ;
#6670 = CARTESIAN_POINT ( 'NONE',  ( 33.09999999999998721, 2.700000000000000178, -5.499999999999999112 ) ) ;
#6671 = ORIENTED_EDGE ( 'NONE', *, *, #6240, .F. ) ;
#6672 = ORIENTED_EDGE ( 'NONE', *, *, #6864, .T. ) ;
#6673 = CARTESIAN_POINT ( 'NONE',  ( 14.99999999999997158, 2.700000000000000178, 7.399999999999998579 ) ) ;
#6674 = AXIS2_PLACEMENT_3D ( 'NONE', #2408, #5002, #2336 ) ;
#6675 = DIRECTION ( 'NONE',  ( -1.000000000000000000, 0.000000000000000000, 0.000000000000000000 ) ) ;
#6676 = LINE ( 'NONE', #6824, #412 ) ;
#6677 = ORIENTED_EDGE ( 'NONE', *, *, #5928, .T. ) ;
#6678 = ADVANCED_FACE ( 'NONE', ( #1800 ), #6156, .F. ) ;
#6679 = PLANE ( 'NONE',  #4817 ) ;
#6680 = ADVANCED_FACE ( 'NONE', ( #3922 ), #3486, .F. ) ;
#6681 = ORIENTED_EDGE ( 'NONE', *, *, #6214, .F. ) ;
#6682 = VERTEX_POINT ( 'NONE', #4027 ) ;
#6683 = CARTESIAN_POINT ( 'NONE',  ( -16.50000000000000355, 4.000000000000000000, 12.00000000000000355 ) ) ;
#6684 = DIRECTION ( 'NONE',  ( 1.000000000000000000, 0.000000000000000000, 1.445602896647344340E-16 ) ) ;
#6685 = EDGE_CURVE ( 'NONE', #2349, #4389, #5030, .T. ) ;
#6686 = CARTESIAN_POINT ( 'NONE',  ( 36.50000000000000711, 4.000000000000000000, 12.00000000000000355 ) ) ;
#6687 = AXIS2_PLACEMENT_3D ( 'NONE', #2547, #4198, #6398 ) ;
#6688 = FACE_BOUND ( 'NONE', #4026, .T. ) ;
#6689 = ORIENTED_EDGE ( 'NONE', *, *, #3180, .T. ) ;
#6690 = ORIENTED_EDGE ( 'NONE', *, *, #5443, .F. ) ;
#6691 = PLANE ( 'NONE',  #1424 ) ;
#6692 = AXIS2_PLACEMENT_3D ( 'NONE', #1700, #2098, #590 ) ;
#6693 = CARTESIAN_POINT ( 'NONE',  ( -42.10000000000001563, 2.700000000000000178, -4.499999999999999112 ) ) ;
#6694 = LINE ( 'NONE', #2729, #713 ) ;
#6695 = EDGE_CURVE ( 'NONE', #4160, #3758, #190, .T. ) ;
#6696 = CARTESIAN_POINT ( 'NONE',  ( 46.50000000000000711, 4.000000000000000000, 10.00000000000000000 ) ) ;
#6697 = VECTOR ( 'NONE', #4101, 1000.000000000000000 ) ;
#6698 = ORIENTED_EDGE ( 'NONE', *, *, #1406, .T. ) ;
#6699 = DIRECTION ( 'NONE',  ( -0.000000000000000000, -1.000000000000000000, -0.000000000000000000 ) ) ;
#6700 = ORIENTED_EDGE ( 'NONE', *, *, #3167, .F. ) ;
#6701 = DIRECTION ( 'NONE',  ( -1.000000000000000000, -0.000000000000000000, -0.000000000000000000 ) ) ;
#6702 = CARTESIAN_POINT ( 'NONE',  ( 15.00000000000000000, 3.199999999999999734, -2.500000000000004885 ) ) ;
#6703 = ADVANCED_FACE ( 'NONE', ( #727 ), #4998, .F. ) ;
#6704 = CARTESIAN_POINT ( 'NONE',  ( -38.90000000000001990, 2.000000000000000000, -5.499999999999999112 ) ) ;
#6705 = DIRECTION ( 'NONE',  ( 0.000000000000000000, 0.000000000000000000, -1.000000000000000000 ) ) ;
#6706 = CARTESIAN_POINT ( 'NONE',  ( -42.10000000000001563, 2.000000000000000000, -5.499999999999999112 ) ) ;
#6707 = ORIENTED_EDGE ( 'NONE', *, *, #6997, .F. ) ;
#6708 = ORIENTED_EDGE ( 'NONE', *, *, #6416, .F. ) ;
#6709 = ADVANCED_FACE ( 'NONE', ( #5540 ), #6119, .F. ) ;
#6710 = CARTESIAN_POINT ( 'NONE',  ( 33.00000000000000000, 2.000000000000000000, -2.500000000000004885 ) ) ;
#6711 = FACE_OUTER_BOUND ( 'NONE', #4503, .T. ) ;
#6712 = DIRECTION ( 'NONE',  ( 1.000000000000000000, -0.000000000000000000, -3.469446951953613696E-16 ) ) ;
#6713 = EDGE_LOOP ( 'NONE', ( #3450, #5236, #6536, #6200 ) ) ;
#6714 = DIRECTION ( 'NONE',  ( -1.000000000000000000, 0.000000000000000000, 0.000000000000000000 ) ) ;
#6715 = ORIENTED_EDGE ( 'NONE', *, *, #6736, .F. ) ;
#6716 = EDGE_LOOP ( 'NONE', ( #4423, #7120, #6818, #4965 ) ) ;
#6717 = LINE ( 'NONE', #4585, #5877 ) ;
#6718 = AXIS2_PLACEMENT_3D ( 'NONE', #3659, #4163, #361 ) ;
#6719 = CARTESIAN_POINT ( 'NONE',  ( 35.89999999999998437, 2.700000000000000178, -4.499999999999999112 ) ) ;
#6720 = CARTESIAN_POINT ( 'NONE',  ( 21.09999999999998010, 2.000000000000000000, -5.499999999999999112 ) ) ;
#6721 = EDGE_LOOP ( 'NONE', ( #4167, #4432, #750, #707 ) ) ;
#6722 = AXIS2_PLACEMENT_3D ( 'NONE', #5782, #851, #318 ) ;
#6723 = VERTEX_POINT ( 'NONE', #5074 ) ;
#6724 = CARTESIAN_POINT ( 'NONE',  ( -20.90000000000001634, 2.700000000000000178, -5.499999999999999112 ) ) ;
#6725 = LINE ( 'NONE', #6693, #5796 ) ;
#6726 = LINE ( 'NONE', #1793, #2083 ) ;
#6727 = VECTOR ( 'NONE', #1507, 1000.000000000000000 ) ;
#6728 = DIRECTION ( 'NONE',  ( 0.000000000000000000, -1.000000000000000000, 0.000000000000000000 ) ) ;
#6729 = EDGE_CURVE ( 'NONE', #1394, #2854, #154, .T. ) ;
#6730 = VECTOR ( 'NONE', #4367, 1000.000000000000000 ) ;
#6731 = EDGE_CURVE ( 'NONE', #1981, #5554, #5685, .T. ) ;
#6732 = EDGE_CURVE ( 'NONE', #2295, #2625, #5181, .T. ) ;
#6733 = DIRECTION ( 'NONE',  ( 1.000000000000000000, 0.000000000000000000, 0.000000000000000000 ) ) ;
#6734 = EDGE_LOOP ( 'NONE', ( #4538, #5424, #3429, #1239 ) ) ;
#6735 = CARTESIAN_POINT ( 'NONE',  ( -39.00000000000000711, 2.000000000000000000, -2.500000000000004885 ) ) ;
#6736 = EDGE_CURVE ( 'NONE', #3000, #5160, #1470, .T. ) ;
#6737 = ORIENTED_EDGE ( 'NONE', *, *, #1222, .T. ) ;
#6738 = DIRECTION ( 'NONE',  ( -0.000000000000000000, -1.000000000000000000, -0.000000000000000000 ) ) ;
#6739 = DIRECTION ( 'NONE',  ( 0.000000000000000000, 0.000000000000000000, -1.000000000000000000 ) ) ;
#6740 = DIRECTION ( 'NONE',  ( -1.000000000000000000, -0.000000000000000000, -1.445602896647337931E-16 ) ) ;
#6741 = CARTESIAN_POINT ( 'NONE',  ( -42.10000000000001563, 2.000000000000000000, -4.499999999999999112 ) ) ;
#6742 = ORIENTED_EDGE ( 'NONE', *, *, #2771, .T. ) ;
#6743 = EDGE_CURVE ( 'NONE', #1693, #4371, #6265, .T. ) ;
#6744 = CARTESIAN_POINT ( 'NONE',  ( 0.000000000000000000, 3.199999999999999734, 0.000000000000000000 ) ) ;
#6745 = EDGE_LOOP ( 'NONE', ( #3391, #2890, #57, #2927 ) ) ;
#6746 = CARTESIAN_POINT ( 'NONE',  ( -14.90000000000001101, 2.700000000000000178, -5.499999999999999112 ) ) ;
#6747 = CARTESIAN_POINT ( 'NONE',  ( -18.00000000000000355, 2.000000000000000000, -2.500000000000004441 ) ) ;
#6748 = DIRECTION ( 'NONE',  ( -0.000000000000000000, -0.000000000000000000, -1.000000000000000000 ) ) ;
#6749 = FACE_OUTER_BOUND ( 'NONE', #5483, .T. ) ;
#6750 = EDGE_LOOP ( 'NONE', ( #5254, #4724, #5947, #3567 ) ) ;
#6751 = PLANE ( 'NONE',  #694 ) ;
#6752 = ORIENTED_EDGE ( 'NONE', *, *, #6506, .T. ) ;
#6753 = ORIENTED_EDGE ( 'NONE', *, *, #370, .T. ) ;
#6754 = EDGE_LOOP ( 'NONE', ( #1266, #4905, #6652, #3617 ) ) ;
#6755 = CARTESIAN_POINT ( 'NONE',  ( 11.89999999999998082, 2.000000000000000000, -4.499999999999999112 ) ) ;
#6756 = LINE ( 'NONE', #1390, #4934 ) ;
#6757 = FACE_BOUND ( 'NONE', #6911, .T. ) ;
#6758 = ORIENTED_EDGE ( 'NONE', *, *, #2843, .F. ) ;
#6759 = VERTEX_POINT ( 'NONE', #4134 ) ;
#6760 = CARTESIAN_POINT ( 'NONE',  ( 3.099999999999991651, 2.700000000000000178, -4.499999999999999112 ) ) ;
#6761 = LINE ( 'NONE', #1288, #1540 ) ;
#6762 = DIRECTION ( 'NONE',  ( 1.000000000000000000, -0.000000000000000000, 2.891205793294675861E-16 ) ) ;
#6763 = DIRECTION ( 'NONE',  ( -0.000000000000000000, -0.000000000000000000, 1.000000000000000000 ) ) ;
#6764 = CARTESIAN_POINT ( 'NONE',  ( -51.50000000000000711, 0.000000000000000000, 10.00000000000000000 ) ) ;
#6765 = ORIENTED_EDGE ( 'NONE', *, *, #571, .T. ) ;
#6766 = EDGE_LOOP ( 'NONE', ( #6542, #2512, #6312, #5310 ) ) ;
#6767 = DIRECTION ( 'NONE',  ( 0.000000000000000000, -1.000000000000000000, 0.000000000000000000 ) ) ;
#6768 = EDGE_CURVE ( 'NONE', #2202, #6944, #3635, .T. ) ;
#6769 = EDGE_CURVE ( 'NONE', #2330, #3938, #5794, .T. ) ;
#6770 = EDGE_CURVE ( 'NONE', #4123, #4035, #3093, .T. ) ;
#6771 = DIRECTION ( 'NONE',  ( -1.000000000000000000, -0.000000000000000000, -1.445602896647337931E-16 ) ) ;
#6772 = VECTOR ( 'NONE', #6482, 1000.000000000000000 ) ;
#6773 = EDGE_CURVE ( 'NONE', #68, #2368, #3595, .T. ) ;
#6774 = DIRECTION ( 'NONE',  ( 0.000000000000000000, 0.000000000000000000, -1.000000000000000000 ) ) ;
#6775 = DIRECTION ( 'NONE',  ( 1.000000000000000000, 0.000000000000000000, 1.445602896647337684E-16 ) ) ;
#6776 = VERTEX_POINT ( 'NONE', #331 ) ;
#6777 = AXIS2_PLACEMENT_3D ( 'NONE', #958, #3655, #6394 ) ;
#6778 = FACE_OUTER_BOUND ( 'NONE', #5090, .T. ) ;
#6779 = AXIS2_PLACEMENT_3D ( 'NONE', #5175, #3014, #3446 ) ;
#6780 = ORIENTED_EDGE ( 'NONE', *, *, #1937, .T. ) ;
#6781 = VERTEX_POINT ( 'NONE', #297 ) ;
#6782 = LINE ( 'NONE', #2817, #4736 ) ;
#6783 = VECTOR ( 'NONE', #4369, 1000.000000000000000 ) ;
#6784 = EDGE_CURVE ( 'NONE', #2389, #2961, #3129, .T. ) ;
#6785 = CARTESIAN_POINT ( 'NONE',  ( -42.10000000000001563, 2.000000000000000000, -4.499999999999999112 ) ) ;
#6786 = VECTOR ( 'NONE', #87, 1000.000000000000000 ) ;
#6787 = FACE_OUTER_BOUND ( 'NONE', #5864, .T. ) ;
#6788 = ORIENTED_EDGE ( 'NONE', *, *, #226, .T. ) ;
#6789 = PLANE ( 'NONE',  #5631 ) ;
#6790 = ORIENTED_EDGE ( 'NONE', *, *, #6104, .F. ) ;
#6791 = VERTEX_POINT ( 'NONE', #3666 ) ;
#6792 = VERTEX_POINT ( 'NONE', #1366 ) ;
#6793 = VECTOR ( 'NONE', #805, 1000.000000000000000 ) ;
#6794 = PLANE ( 'NONE',  #5763 ) ;
#6795 = LINE ( 'NONE', #5703, #6087 ) ;
#6796 = ORIENTED_EDGE ( 'NONE', *, *, #5730, .F. ) ;
#6797 = FACE_BOUND ( 'NONE', #2155, .T. ) ;
#6798 = VECTOR ( 'NONE', #5120, 1000.000000000000000 ) ;
#6799 = ORIENTED_EDGE ( 'NONE', *, *, #5041, .F. ) ;
#6800 = ORIENTED_EDGE ( 'NONE', *, *, #1488, .T. ) ;
#6801 = ORIENTED_EDGE ( 'NONE', *, *, #4673, .T. ) ;
#6802 = DIRECTION ( 'NONE',  ( -1.000000000000000000, 0.000000000000000000, 0.000000000000000000 ) ) ;
#6803 = EDGE_CURVE ( 'NONE', #3413, #6324, #865, .T. ) ;
#6804 = VECTOR ( 'NONE', #2828, 1000.000000000000000 ) ;
#6805 = CARTESIAN_POINT ( 'NONE',  ( -38.90000000000001990, 2.700000000000000178, -4.499999999999999112 ) ) ;
#6806 = DIRECTION ( 'NONE',  ( 0.000000000000000000, -1.000000000000000000, 0.000000000000000000 ) ) ;
#6807 = CARTESIAN_POINT ( 'NONE',  ( -27.00000000000000355, 3.199999999999999734, 2.499999999999995115 ) ) ;
#6808 = AXIS2_PLACEMENT_3D ( 'NONE', #3684, #6867, #4114 ) ;
#6809 = VERTEX_POINT ( 'NONE', #3057 ) ;
#6810 = ORIENTED_EDGE ( 'NONE', *, *, #5672, .T. ) ;
#6811 = CARTESIAN_POINT ( 'NONE',  ( 41.89999999999997726, 2.700000000000000178, -4.499999999999999112 ) ) ;
#6812 = DIRECTION ( 'NONE',  ( 0.000000000000000000, 0.000000000000000000, -1.000000000000000000 ) ) ;
#6813 = AXIS2_PLACEMENT_3D ( 'NONE', #2626, #5834, #4822 ) ;
#6814 = CARTESIAN_POINT ( 'NONE',  ( 41.99999999999999289, 3.199999999999999734, -2.500000000000004441 ) ) ;
#6815 = CARTESIAN_POINT ( 'NONE',  ( -36.10000000000002274, 2.000000000000000000, -4.499999999999999112 ) ) ;
#6816 = AXIS2_PLACEMENT_3D ( 'NONE', #433, #900, #4310 ) ;
#6817 = PLANE ( 'NONE',  #677 ) ;
#6818 = ORIENTED_EDGE ( 'NONE', *, *, #7083, .F. ) ;
#6819 = LINE ( 'NONE', #3063, #4252 ) ;
#6820 = PLANE ( 'NONE',  #3126 ) ;
#6821 = CARTESIAN_POINT ( 'NONE',  ( 27.09999999999998366, 2.000000000000000000, -4.499999999999999112 ) ) ;
#6822 = ADVANCED_FACE ( 'NONE', ( #5256 ), #5865, .T. ) ;
#6823 = EDGE_CURVE ( 'NONE', #1809, #4092, #6922, .T. ) ;
#6824 = CARTESIAN_POINT ( 'NONE',  ( -38.90000000000001990, 2.700000000000000178, -5.499999999999999112 ) ) ;
#6825 = ORIENTED_EDGE ( 'NONE', *, *, #2550, .F. ) ;
#6826 = EDGE_CURVE ( 'NONE', #5833, #6977, #1984, .T. ) ;
#6827 = CARTESIAN_POINT ( 'NONE',  ( 39.00000000000000711, 3.199999999999999734, -2.500000000000004885 ) ) ;
#6828 = EDGE_CURVE ( 'NONE', #1165, #1603, #4203, .T. ) ;
#6829 = ORIENTED_EDGE ( 'NONE', *, *, #477, .T. ) ;
#6830 = ORIENTED_EDGE ( 'NONE', *, *, #3993, .F. ) ;
#6831 = DIRECTION ( 'NONE',  ( -1.445602896647344340E-16, 0.000000000000000000, 1.000000000000000000 ) ) ;
#6832 = LINE ( 'NONE', #3977, #462 ) ;
#6833 = EDGE_LOOP ( 'NONE', ( #1127, #7065, #6418, #123 ) ) ;
#6834 = DIRECTION ( 'NONE',  ( 0.000000000000000000, -1.000000000000000000, 0.000000000000000000 ) ) ;
#6835 = EDGE_LOOP ( 'NONE', ( #5199, #3693, #1175, #5813 ) ) ;
#6836 = EDGE_CURVE ( 'NONE', #671, #767, #2442, .T. ) ;
#6837 = ORIENTED_EDGE ( 'NONE', *, *, #6106, .F. ) ;
#6838 = CARTESIAN_POINT ( 'NONE',  ( 0.000000000000000000, 0.000000000000000000, 0.000000000000000000 ) ) ;
#6839 = VECTOR ( 'NONE', #5485, 1000.000000000000000 ) ;
#6840 = VERTEX_POINT ( 'NONE', #4602 ) ;
#6841 = LINE ( 'NONE', #6222, #5909 ) ;
#6842 = DIRECTION ( 'NONE',  ( -1.445602896647344340E-16, 0.000000000000000000, 1.000000000000000000 ) ) ;
#6843 = CARTESIAN_POINT ( 'NONE',  ( 34.99999999999997868, 2.700000000000000178, 4.599999999999998757 ) ) ;
#6844 = VECTOR ( 'NONE', #6984, 1000.000000000000000 ) ;
#6845 = LINE ( 'NONE', #5682, #1659 ) ;
#6846 = ORIENTED_EDGE ( 'NONE', *, *, #41, .T. ) ;
#6847 = ORIENTED_EDGE ( 'NONE', *, *, #2779, .T. ) ;
#6848 = LINE ( 'NONE', #1911, #6476 ) ;
#6849 = CARTESIAN_POINT ( 'NONE',  ( -5.999999999999998224, 2.000000000000000000, -2.500000000000004441 ) ) ;
#6850 = VECTOR ( 'NONE', #3757, 1000.000000000000000 ) ;
#6851 = DIRECTION ( 'NONE',  ( -0.000000000000000000, -0.000000000000000000, -1.000000000000000000 ) ) ;
#6852 = VECTOR ( 'NONE', #1228, 1000.000000000000000 ) ;
#6853 = FACE_OUTER_BOUND ( 'NONE', #2611, .T. ) ;
#6854 = DIRECTION ( 'NONE',  ( -1.000000000000000000, 0.000000000000000000, -0.000000000000000000 ) ) ;
#6855 = EDGE_LOOP ( 'NONE', ( #3382, #1013, #6634, #2641 ) ) ;
#6856 = DIRECTION ( 'NONE',  ( 0.000000000000000000, -1.000000000000000000, 0.000000000000000000 ) ) ;
#6857 = VECTOR ( 'NONE', #4614, 1000.000000000000000 ) ;
#6858 = CARTESIAN_POINT ( 'NONE',  ( -51.50000000000000711, 0.000000000000000000, -10.00000000000000000 ) ) ;
#6859 = FACE_OUTER_BOUND ( 'NONE', #4907, .T. ) ;
#6860 = DIRECTION ( 'NONE',  ( 0.000000000000000000, 0.000000000000000000, 1.000000000000000000 ) ) ;
#6861 = ORIENTED_EDGE ( 'NONE', *, *, #5361, .F. ) ;
#6862 = LINE ( 'NONE', #1520, #5053 ) ;
#6863 = ORIENTED_EDGE ( 'NONE', *, *, #263, .T. ) ;
#6864 = EDGE_CURVE ( 'NONE', #383, #231, #2979, .T. ) ;
#6865 = ADVANCED_FACE ( 'NONE', ( #1876 ), #4065, .F. ) ;
#6866 = ORIENTED_EDGE ( 'NONE', *, *, #5626, .T. ) ;
#6867 = DIRECTION ( 'NONE',  ( -1.000000000000000000, 0.000000000000000000, 0.000000000000000000 ) ) ;
#6868 = LINE ( 'NONE', #4115, #3214 ) ;
#6869 = EDGE_CURVE ( 'NONE', #4668, #2962, #6848, .T. ) ;
#6870 = CARTESIAN_POINT ( 'NONE',  ( 27.09999999999998366, 2.000000000000000000, -4.499999999999999112 ) ) ;
#6871 = ORIENTED_EDGE ( 'NONE', *, *, #6994, .F. ) ;
#6872 = CARTESIAN_POINT ( 'NONE',  ( 47.99999999999998579, 2.000000000000000000, 2.499999999999996003 ) ) ;
#6873 = ORIENTED_EDGE ( 'NONE', *, *, #4523, .T. ) ;
#6874 = ORIENTED_EDGE ( 'NONE', *, *, #5760, .T. ) ;
#6875 = DIRECTION ( 'NONE',  ( 1.000000000000000000, 0.000000000000000000, -0.000000000000000000 ) ) ;
#6876 = LINE ( 'NONE', #3444, #1397 ) ;
#6877 = LINE ( 'NONE', #253, #3208 ) ;
#6878 = EDGE_CURVE ( 'NONE', #857, #382, #6297, .T. ) ;
#6879 = CARTESIAN_POINT ( 'NONE',  ( -26.90000000000000568, 2.700000000000000178, -4.499999999999999112 ) ) ;
#6880 = ORIENTED_EDGE ( 'NONE', *, *, #2424, .F. ) ;
#6881 = VERTEX_POINT ( 'NONE', #2116 ) ;
#6882 = DIRECTION ( 'NONE',  ( -0.000000000000000000, -0.000000000000000000, -1.000000000000000000 ) ) ;
#6883 = CARTESIAN_POINT ( 'NONE',  ( 47.89999999999997016, 2.700000000000000178, -4.499999999999999112 ) ) ;
#6884 = CARTESIAN_POINT ( 'NONE',  ( 11.99999999999998224, 2.000000000000000000, 4.599999999999998757 ) ) ;
#6885 = DIRECTION ( 'NONE',  ( 1.000000000000000000, 0.000000000000000000, 1.445602896647337684E-16 ) ) ;
#6886 = PLANE ( 'NONE',  #2739 ) ;
#6887 = VECTOR ( 'NONE', #5431, 1000.000000000000000 ) ;
#6888 = ORIENTED_EDGE ( 'NONE', *, *, #4475, .F. ) ;
#6889 = PLANE ( 'NONE',  #6390 ) ;
#6890 = CARTESIAN_POINT ( 'NONE',  ( 23.99999999999999289, 2.000000000000000000, 2.499999999999996003 ) ) ;
#6891 = CARTESIAN_POINT ( 'NONE',  ( -36.50000000000000711, 4.000000000000000000, -12.00000000000000355 ) ) ;
#6892 = VECTOR ( 'NONE', #6335, 1000.000000000000000 ) ;
#6893 = CARTESIAN_POINT ( 'NONE',  ( 17.89999999999997016, 2.700000000000000178, -4.499999999999999112 ) ) ;
#6894 = VECTOR ( 'NONE', #5319, 1000.000000000000000 ) ;
#6895 = ORIENTED_EDGE ( 'NONE', *, *, #7055, .T. ) ;
#6896 = LINE ( 'NONE', #2601, #1028 ) ;
#6897 = ORIENTED_EDGE ( 'NONE', *, *, #1313, .F. ) ;
#6898 = ORIENTED_EDGE ( 'NONE', *, *, #3181, .T. ) ;
#6899 = VECTOR ( 'NONE', #6187, 1000.000000000000000 ) ;
#6900 = FILL_AREA_STYLE_COLOUR ( '', #4382 ) ;
#6901 = VECTOR ( 'NONE', #2142, 1000.000000000000000 ) ;
#6902 = CARTESIAN_POINT ( 'NONE',  ( -5.999999999999998224, 3.199999999999999734, 2.499999999999996003 ) ) ;
#6903 = ADVANCED_FACE ( 'NONE', ( #3230 ), #2728, .F. ) ;
#6904 = CARTESIAN_POINT ( 'NONE',  ( 33.00000000000000000, 2.000000000000000000, -2.500000000000004885 ) ) ;
#6905 = VECTOR ( 'NONE', #5370, 1000.000000000000000 ) ;
#6906 = ORIENTED_EDGE ( 'NONE', *, *, #4701, .T. ) ;
#6907 = DIRECTION ( 'NONE',  ( -0.000000000000000000, -0.000000000000000000, -1.000000000000000000 ) ) ;
#6908 = VECTOR ( 'NONE', #1190, 1000.000000000000000 ) ;
#6909 = ORIENTED_EDGE ( 'NONE', *, *, #2718, .T. ) ;
#6910 = PRODUCT_CONTEXT ( 'NONE', #5323, 'mechanical' ) ;
#6911 = EDGE_LOOP ( 'NONE', ( #6642, #4090, #741, #929 ) ) ;
#6912 = CARTESIAN_POINT ( 'NONE',  ( 39.00000000000000711, 2.000000000000000000, -2.500000000000004885 ) ) ;
#6913 = EDGE_CURVE ( 'NONE', #4123, #4160, #6439, .T. ) ;
#6914 = DIRECTION ( 'NONE',  ( 1.000000000000000000, 0.000000000000000000, 0.000000000000000000 ) ) ;
#6915 = DIRECTION ( 'NONE',  ( 0.000000000000000000, 0.000000000000000000, 1.000000000000000000 ) ) ;
#6916 = AXIS2_PLACEMENT_3D ( 'NONE', #1410, #3600, #5797 ) ;
#6917 = EDGE_CURVE ( 'NONE', #115, #3514, #6511, .T. ) ;
#6918 = EDGE_CURVE ( 'NONE', #4148, #4810, #4885, .T. ) ;
#6919 = CARTESIAN_POINT ( 'NONE',  ( 36.50000000000000711, 2.000000000000000000, 10.00000000000000000 ) ) ;
#6920 = VERTEX_POINT ( 'NONE', #3738 ) ;
#6921 = ORIENTED_EDGE ( 'NONE', *, *, #2537, .F. ) ;
#6922 = LINE ( 'NONE', #2555, #1595 ) ;
#6923 = EDGE_CURVE ( 'NONE', #6575, #4201, #3703, .T. ) ;
#6924 = CARTESIAN_POINT ( 'NONE',  ( 33.09999999999998721, 2.000000000000000000, -5.499999999999999112 ) ) ;
#6925 = AXIS2_PLACEMENT_3D ( 'NONE', #4670, #2435, #822 ) ;
#6926 = EDGE_CURVE ( 'NONE', #1691, #4308, #1613, .T. ) ;
#6927 = DIRECTION ( 'NONE',  ( -1.000000000000000000, 0.000000000000000000, 0.000000000000000000 ) ) ;
#6928 = DIRECTION ( 'NONE',  ( 1.000000000000000000, 0.000000000000000000, 1.445602896647344340E-16 ) ) ;
#6929 = ORIENTED_EDGE ( 'NONE', *, *, #5061, .F. ) ;
#6930 = ADVANCED_FACE ( 'NONE', ( #3768 ), #5967, .F. ) ;
#6931 = AXIS2_PLACEMENT_3D ( 'NONE', #52, #1559, #5949 ) ;
#6932 = VECTOR ( 'NONE', #4479, 1000.000000000000000 ) ;
#6933 = LINE ( 'NONE', #2952, #3489 ) ;
#6934 = CARTESIAN_POINT ( 'NONE',  ( -26.50000000000000711, 0.000000000000000000, -10.00000000000000000 ) ) ;
#6935 = CARTESIAN_POINT ( 'NONE',  ( -36.50000000000000711, 4.000000000000000000, 12.00000000000000355 ) ) ;
#6936 = AXIS2_PLACEMENT_3D ( 'NONE', #4318, #6485, #1515 ) ;
#6937 = DIRECTION ( 'NONE',  ( 1.000000000000000000, -0.000000000000000000, -0.000000000000000000 ) ) ;
#6938 = CARTESIAN_POINT ( 'NONE',  ( -8.000000000000007105, 2.000000000000000000, 4.599999999999998757 ) ) ;
#6939 = ORIENTED_EDGE ( 'NONE', *, *, #4697, .T. ) ;
#6940 = ORIENTED_EDGE ( 'NONE', *, *, #5667, .F. ) ;
#6941 = CARTESIAN_POINT ( 'NONE',  ( -36.00000000000000711, 2.000000000000000000, 2.499999999999996003 ) ) ;
#6942 = LINE ( 'NONE', #6495, #4592 ) ;
#6943 = CARTESIAN_POINT ( 'NONE',  ( -32.90000000000001279, 2.000000000000000000, -5.499999999999999112 ) ) ;
#6944 = VERTEX_POINT ( 'NONE', #7123 ) ;
#6945 = CARTESIAN_POINT ( 'NONE',  ( -12.00000000000001066, 2.000000000000000000, 7.399999999999998579 ) ) ;
#6946 = VERTEX_POINT ( 'NONE', #2082 ) ;
#6947 = ORIENTED_EDGE ( 'NONE', *, *, #2810, .T. ) ;
#6948 = PLANE ( 'NONE',  #6486 ) ;
#6949 = CARTESIAN_POINT ( 'NONE',  ( 46.50000000000000711, 4.000000000000000000, -12.00000000000000000 ) ) ;
#6950 = CARTESIAN_POINT ( 'NONE',  ( -12.10000000000001386, 2.700000000000000178, -4.499999999999999112 ) ) ;
#6951 = CARTESIAN_POINT ( 'NONE',  ( -9.000000000000007105, 2.000000000000000000, 7.399999999999998579 ) ) ;
#6952 = EDGE_LOOP ( 'NONE', ( #2062, #2826, #2965, #5023 ) ) ;
#6953 = EDGE_CURVE ( 'NONE', #827, #581, #6585, .T. ) ;
#6954 = VERTEX_POINT ( 'NONE', #3163 ) ;
#6955 = DIRECTION ( 'NONE',  ( -0.000000000000000000, -1.000000000000000000, -0.000000000000000000 ) ) ;
#6956 = EDGE_CURVE ( 'NONE', #3559, #3832, #5387, .T. ) ;
#6957 = CARTESIAN_POINT ( 'NONE',  ( 53.50000000000000711, 2.000000000000000000, 10.00000000000000000 ) ) ;
#6958 = EDGE_CURVE ( 'NONE', #276, #1693, #5357, .T. ) ;
#6959 = AXIS2_PLACEMENT_3D ( 'NONE', #6185, #6226, #5141 ) ;
#6960 = EDGE_CURVE ( 'NONE', #4988, #4588, #1070, .T. ) ;
#6961 = FACE_OUTER_BOUND ( 'NONE', #845, .T. ) ;
#6962 = CARTESIAN_POINT ( 'NONE',  ( 3.099999999999991651, 2.000000000000000000, -4.499999999999999112 ) ) ;
#6963 = VECTOR ( 'NONE', #396, 1000.000000000000000 ) ;
#6964 = ORIENTED_EDGE ( 'NONE', *, *, #2981, .T. ) ;
#6965 = DIRECTION ( 'NONE',  ( 0.000000000000000000, 0.000000000000000000, -1.000000000000000000 ) ) ;
#6966 = PLANE ( 'NONE',  #2776 ) ;
#6967 = DIRECTION ( 'NONE',  ( 1.000000000000000000, 0.000000000000000000, 0.000000000000000000 ) ) ;
#6968 = VECTOR ( 'NONE', #6207, 1000.000000000000000 ) ;
#6969 = EDGE_CURVE ( 'NONE', #6060, #5574, #1542, .T. ) ;
#6970 = PLANE ( 'NONE',  #3165 ) ;
#6971 = CARTESIAN_POINT ( 'NONE',  ( 27.09999999999998366, 2.000000000000000000, -5.499999999999999112 ) ) ;
#6972 = ORIENTED_EDGE ( 'NONE', *, *, #4881, .F. ) ;
#6973 = ORIENTED_EDGE ( 'NONE', *, *, #5003, .F. ) ;
#6974 = CARTESIAN_POINT ( 'NONE',  ( -2.900000000000013678, 2.700000000000000178, -5.499999999999999112 ) ) ;
#6975 = CARTESIAN_POINT ( 'NONE',  ( 45.00000000000000000, 3.199999999999999734, 2.499999999999995115 ) ) ;
#6976 = DIRECTION ( 'NONE',  ( 0.000000000000000000, 0.000000000000000000, 1.000000000000000000 ) ) ;
#6977 = VERTEX_POINT ( 'NONE', #4339 ) ;
#6978 = PLANE ( 'NONE',  #3784 ) ;
#6979 = EDGE_LOOP ( 'NONE', ( #2223, #2125, #6715, #4495 ) ) ;
#6980 = VERTEX_POINT ( 'NONE', #6545 ) ;
#6981 = FACE_OUTER_BOUND ( 'NONE', #1138, .T. ) ;
#6982 = FACE_OUTER_BOUND ( 'NONE', #4600, .T. ) ;
#6983 = CARTESIAN_POINT ( 'NONE',  ( 45.09999999999997300, 2.700000000000000178, -4.499999999999999112 ) ) ;
#6984 = DIRECTION ( 'NONE',  ( -0.000000000000000000, -0.000000000000000000, 1.000000000000000000 ) ) ;
#6985 = ORIENTED_EDGE ( 'NONE', *, *, #3518, .T. ) ;
#6986 = VERTEX_POINT ( 'NONE', #3807 ) ;
#6987 = LINE ( 'NONE', #2044, #4283 ) ;
#6988 = LINE ( 'NONE', #5328, #2206 ) ;
#6989 = EDGE_CURVE ( 'NONE', #2320, #1475, #4917, .T. ) ;
#6990 = LINE ( 'NONE', #7097, #1601 ) ;
#6991 = DIRECTION ( 'NONE',  ( 1.000000000000000000, 0.000000000000000000, -0.000000000000000000 ) ) ;
#6992 = ORIENTED_EDGE ( 'NONE', *, *, #5890, .F. ) ;
#6993 = CARTESIAN_POINT ( 'NONE',  ( 30.00000000000000000, 3.199999999999999734, 2.499999999999996003 ) ) ;
#6994 = EDGE_CURVE ( 'NONE', #1506, #5549, #5934, .T. ) ;
#6995 = DIRECTION ( 'NONE',  ( 0.000000000000000000, 0.000000000000000000, -1.000000000000000000 ) ) ;
#6996 = DIRECTION ( 'NONE',  ( -1.000000000000000000, 0.000000000000000000, 0.000000000000000000 ) ) ;
#6997 = EDGE_CURVE ( 'NONE', #4891, #1387, #6987, .T. ) ;
#6998 = DIRECTION ( 'NONE',  ( -1.000000000000000000, 0.000000000000000000, -2.891205793294675368E-16 ) ) ;
#6999 = CARTESIAN_POINT ( 'NONE',  ( -24.00000000000000000, 3.199999999999999734, 2.499999999999996003 ) ) ;
#7000 = ORIENTED_EDGE ( 'NONE', *, *, #3687, .T. ) ;
#7001 = ORIENTED_EDGE ( 'NONE', *, *, #1751, .T. ) ;
#7002 = EDGE_CURVE ( 'NONE', #4841, #2610, #4812, .T. ) ;
#7003 = CARTESIAN_POINT ( 'NONE',  ( 5.999999999999998224, 3.199999999999999734, 2.499999999999996003 ) ) ;
#7004 = VECTOR ( 'NONE', #3815, 1000.000000000000000 ) ;
#7005 = DIRECTION ( 'NONE',  ( 1.000000000000000000, -0.000000000000000000, 0.000000000000000000 ) ) ;
#7006 = LINE ( 'NONE', #4191, #1199 ) ;
#7007 = ORIENTED_EDGE ( 'NONE', *, *, #2847, .T. ) ;
#7008 = DIRECTION ( 'NONE',  ( 0.000000000000000000, 0.000000000000000000, 1.000000000000000000 ) ) ;
#7009 = AXIS2_PLACEMENT_3D ( 'NONE', #2662, #1109, #4239 ) ;
#7010 = ORIENTED_EDGE ( 'NONE', *, *, #6836, .T. ) ;
#7011 = ORIENTED_EDGE ( 'NONE', *, *, #11, .T. ) ;
#7012 = VECTOR ( 'NONE', #1249, 1000.000000000000000 ) ;
#7013 = CARTESIAN_POINT ( 'NONE',  ( 15.00000000000000000, 3.199999999999999734, 2.499999999999995115 ) ) ;
#7014 = ADVANCED_FACE ( 'NONE', ( #3193 ), #466, .F. ) ;
#7015 = CARTESIAN_POINT ( 'NONE',  ( -13.00000000000001066, 2.700000000000000178, 7.399999999999998579 ) ) ;
#7016 = CARTESIAN_POINT ( 'NONE',  ( -51.50000000000000711, 2.000000000000000000, -10.00000000000000000 ) ) ;
#7017 = EDGE_CURVE ( 'NONE', #4055, #5539, #4991, .T. ) ;
#7018 = VECTOR ( 'NONE', #4935, 1000.000000000000000 ) ;
#7019 = VECTOR ( 'NONE', #4434, 1000.000000000000000 ) ;
#7020 = LINE ( 'NONE', #1401, #3158 ) ;
#7021 = ORIENTED_EDGE ( 'NONE', *, *, #3424, .F. ) ;
#7022 = EDGE_LOOP ( 'NONE', ( #3439, #1743, #1299, #3360 ) ) ;
#7023 = DIRECTION ( 'NONE',  ( 0.000000000000000000, 0.000000000000000000, -1.000000000000000000 ) ) ;
#7024 = DIRECTION ( 'NONE',  ( 0.000000000000000000, 0.000000000000000000, -1.000000000000000000 ) ) ;
#7025 = AXIS2_PLACEMENT_3D ( 'NONE', #10, #1007, #1114 ) ;
#7026 = CARTESIAN_POINT ( 'NONE',  ( -42.10000000000001563, 2.700000000000000178, -4.499999999999999112 ) ) ;
#7027 = EDGE_LOOP ( 'NONE', ( #6239, #5082, #7050, #6040 ) ) ;
#7028 = VERTEX_POINT ( 'NONE', #3878 ) ;
#7029 = DIRECTION ( 'NONE',  ( 0.000000000000000000, -1.000000000000000000, 0.000000000000000000 ) ) ;
#7030 = EDGE_LOOP ( 'NONE', ( #6613, #5914, #4937, #7007, #5261, #2572, #5128, #2400, #1468, #4942, #5415, #1825, #5841, #416, #1168, #3162, #3923, #1122, #2244, #1019, #1547, #2865, #1356, #4112, #6048, #2673, #1525, #4110, #3055, #2617, #6407, #2584, #5988, #141, #3211, #1212 ) ) ;
#7031 = LINE ( 'NONE', #1586, #5079 ) ;
#7032 = AXIS2_PLACEMENT_3D ( 'NONE', #6587, #3915, #1177 ) ;
#7033 = DIRECTION ( 'NONE',  ( 0.000000000000000000, -1.000000000000000000, 0.000000000000000000 ) ) ;
#7034 = LINE ( 'NONE', #443, #6618 ) ;
#7035 = AXIS2_PLACEMENT_3D ( 'NONE', #701, #125, #2886 ) ;
#7036 = LINE ( 'NONE', #3751, #6434 ) ;
#7037 = EDGE_LOOP ( 'NONE', ( #169, #955, #3183, #2562 ) ) ;
#7038 = ORIENTED_EDGE ( 'NONE', *, *, #706, .F. ) ;
#7039 = ADVANCED_FACE ( 'NONE', ( #69 ), #4448, .F. ) ;
#7040 = LINE ( 'NONE', #2784, #825 ) ;
#7041 = EDGE_CURVE ( 'NONE', #3943, #4581, #6110, .T. ) ;
#7042 = EDGE_CURVE ( 'NONE', #534, #6593, #2359, .T. ) ;
#7043 = LINE ( 'NONE', #4289, #2984 ) ;
#7044 = VECTOR ( 'NONE', #4813, 1000.000000000000000 ) ;
#7045 = DIRECTION ( 'NONE',  ( 0.000000000000000000, 0.000000000000000000, 1.000000000000000000 ) ) ;
#7046 = EDGE_CURVE ( 'NONE', #3265, #2727, #181, .T. ) ;
#7047 = EDGE_LOOP ( 'NONE', ( #1623, #698, #774, #3135 ) ) ;
#7048 = CARTESIAN_POINT ( 'NONE',  ( 39.09999999999998010, 2.000000000000000000, -4.499999999999999112 ) ) ;
#7049 = VERTEX_POINT ( 'NONE', #3946 ) ;
#7050 = ORIENTED_EDGE ( 'NONE', *, *, #1572, .F. ) ;
#7051 = FACE_OUTER_BOUND ( 'NONE', #5416, .T. ) ;
#7052 = PLANE ( 'NONE',  #5993 ) ;
#7053 = DIRECTION ( 'NONE',  ( 6.938893903907227392E-16, -0.000000000000000000, -1.000000000000000000 ) ) ;
#7054 = CARTESIAN_POINT ( 'NONE',  ( 35.99999999999997868, 2.000000000000000000, 4.599999999999998757 ) ) ;
#7055 = EDGE_CURVE ( 'NONE', #3796, #2381, #2252, .T. ) ;
#7056 = VERTEX_POINT ( 'NONE', #5065 ) ;
#7057 = EDGE_LOOP ( 'NONE', ( #3315, #2081, #6621, #2736 ) ) ;
#7058 = DIRECTION ( 'NONE',  ( 0.000000000000000000, 0.000000000000000000, -1.000000000000000000 ) ) ;
#7059 = CARTESIAN_POINT ( 'NONE',  ( 8.999999999999994671, 3.199999999999999734, 2.499999999999995115 ) ) ;
#7060 = VECTOR ( 'NONE', #6041, 1000.000000000000000 ) ;
#7061 = PLANE ( 'NONE',  #5408 ) ;
#7062 = LINE ( 'NONE', #6010, #4014 ) ;
#7063 = ORIENTED_EDGE ( 'NONE', *, *, #5049, .T. ) ;
#7064 = CARTESIAN_POINT ( 'NONE',  ( -44.90000000000001279, 2.700000000000000178, -5.499999999999999112 ) ) ;
#7065 = ORIENTED_EDGE ( 'NONE', *, *, #1710, .F. ) ;
#7066 = PLANE ( 'NONE',  #3132 ) ;
#7067 = VECTOR ( 'NONE', #5750, 1000.000000000000000 ) ;
#7068 = DIRECTION ( 'NONE',  ( 0.000000000000000000, -1.000000000000000000, 0.000000000000000000 ) ) ;
#7069 = VECTOR ( 'NONE', #4335, 1000.000000000000000 ) ;
#7070 = DIRECTION ( 'NONE',  ( -1.000000000000000000, -0.000000000000000000, -0.000000000000000000 ) ) ;
#7071 = LINE ( 'NONE', #2130, #6667 ) ;
#7072 = ORIENTED_EDGE ( 'NONE', *, *, #6923, .F. ) ;
#7073 = VERTEX_POINT ( 'NONE', #6654 ) ;
#7074 = VECTOR ( 'NONE', #1826, 1000.000000000000000 ) ;
#7075 = CARTESIAN_POINT ( 'NONE',  ( -14.90000000000001101, 2.000000000000000000, -5.499999999999999112 ) ) ;
#7076 = VECTOR ( 'NONE', #1010, 1000.000000000000000 ) ;
#7077 = LINE ( 'NONE', #3284, #4711 ) ;
#7078 = PLANE ( 'NONE',  #2009 ) ;
#7079 = ORIENTED_EDGE ( 'NONE', *, *, #2407, .F. ) ;
#7080 = EDGE_CURVE ( 'NONE', #5792, #3413, #1720, .T. ) ;
#7081 = CARTESIAN_POINT ( 'NONE',  ( 26.50000000000000711, 0.000000000000000000, -12.00000000000000000 ) ) ;
#7082 = ADVANCED_FACE ( 'NONE', ( #3914 ), #2324, .F. ) ;
#7083 = EDGE_CURVE ( 'NONE', #2338, #239, #3371, .T. ) ;
#7084 = ORIENTED_EDGE ( 'NONE', *, *, #1142, .F. ) ;
#7085 = ORIENTED_EDGE ( 'NONE', *, *, #2453, .T. ) ;
#7086 = DIRECTION ( 'NONE',  ( -1.000000000000000000, 0.000000000000000000, -3.469446951953613696E-16 ) ) ;
#7087 = LINE ( 'NONE', #2141, #3918 ) ;
#7088 = ADVANCED_FACE ( 'NONE', ( #4018 ), #645, .F. ) ;
#7089 = LINE ( 'NONE', #29, #920 ) ;
#7090 = LINE ( 'NONE', #5963, #5687 ) ;
#7091 = EDGE_LOOP ( 'NONE', ( #5939, #1022, #3485, #3913 ) ) ;
#7092 = EDGE_LOOP ( 'NONE', ( #3753, #1463, #6555, #6164 ) ) ;
#7093 = DIRECTION ( 'NONE',  ( -1.000000000000000000, 0.000000000000000000, -0.000000000000000000 ) ) ;
#7094 = CARTESIAN_POINT ( 'NONE',  ( -36.00000000000002132, 2.000000000000000000, 7.399999999999998579 ) ) ;
#7095 = EDGE_CURVE ( 'NONE', #1051, #1779, #2833, .T. ) ;
#7096 = CARTESIAN_POINT ( 'NONE',  ( -26.50000000000000711, 4.000000000000000000, -12.00000000000000000 ) ) ;
#7097 = CARTESIAN_POINT ( 'NONE',  ( 41.99999999999999289, 3.199999999999999734, 2.499999999999996003 ) ) ;
#7098 = ORIENTED_EDGE ( 'NONE', *, *, #5438, .F. ) ;
#7099 = LINE ( 'NONE', #6012, #6191 ) ;
#7100 = VERTEX_POINT ( 'NONE', #5024 ) ;
#7101 = FACE_OUTER_BOUND ( 'NONE', #4323, .T. ) ;
#7102 = CARTESIAN_POINT ( 'NONE',  ( -9.000000000000001776, 3.199999999999999734, 2.499999999999995115 ) ) ;
#7103 = LINE ( 'NONE', #5508, #7076 ) ;
#7104 = DIRECTION ( 'NONE',  ( 0.000000000000000000, 0.000000000000000000, -1.000000000000000000 ) ) ;
#7105 = ORIENTED_EDGE ( 'NONE', *, *, #2590, .F. ) ;
#7106 = ORIENTED_EDGE ( 'NONE', *, *, #1880, .T. ) ;
#7107 = LINE ( 'NONE', #2675, #480 ) ;
#7108 = LINE ( 'NONE', #2165, #3326 ) ;
#7109 = LINE ( 'NONE', #553, #6850 ) ;
#7110 = ORIENTED_EDGE ( 'NONE', *, *, #2717, .F. ) ;
#7111 = CARTESIAN_POINT ( 'NONE',  ( -6.100000000000021849, 2.700000000000000178, -4.499999999999999112 ) ) ;
#7112 = VERTEX_POINT ( 'NONE', #1286 ) ;
#7113 = VECTOR ( 'NONE', #5692, 1000.000000000000000 ) ;
#7114 = VERTEX_POINT ( 'NONE', #4954 ) ;
#7115 = CARTESIAN_POINT ( 'NONE',  ( -36.00000000000000711, 2.000000000000000000, 2.499999999999996003 ) ) ;
#7116 = LINE ( 'NONE', #2756, #939 ) ;
#7117 = CARTESIAN_POINT ( 'NONE',  ( -27.00000000000000355, 2.000000000000000000, -2.500000000000004885 ) ) ;
#7118 = EDGE_CURVE ( 'NONE', #2691, #6090, #164, .T. ) ;
#7119 = DIRECTION ( 'NONE',  ( 0.000000000000000000, 0.000000000000000000, 1.000000000000000000 ) ) ;
#7120 = ORIENTED_EDGE ( 'NONE', *, *, #1884, .F. ) ;
#7121 = VECTOR ( 'NONE', #5570, 1000.000000000000000 ) ;
#7122 = ORIENTED_EDGE ( 'NONE', *, *, #6329, .T. ) ;
#7123 = CARTESIAN_POINT ( 'NONE',  ( -36.00000000000002132, 2.000000000000000000, 4.599999999999998757 ) ) ;
#7124 = PLANE ( 'NONE',  #3112 ) ;
#7125 = VECTOR ( 'NONE', #6659, 1000.000000000000000 ) ;
#7126 = CARTESIAN_POINT ( 'NONE',  ( -39.00000000000000711, 3.199999999999999734, -2.500000000000004885 ) ) ;
#7127 = ADVANCED_FACE ( 'NONE', ( #2218 ), #6691, .F. ) ;
#7128 = EDGE_CURVE ( 'NONE', #268, #3903, #1246, .T. ) ;
#7129 = VECTOR ( 'NONE', #6617, 1000.000000000000000 ) ;
ENDSEC;
END-ISO-10303-21;
